{
  "First Round": {
    "bin_center": [
      0.0,
      1.0,
      2.0,
      3.0,
      4.0,
      5.0,
      6.0,
      7.0,
      8.0,
      9.0,
      10.0,
      11.0,
      12.0,
      13.0,
      14.0,
      15.0,
      16.0,
      17.0,
      18.0,
      19.0,
      20.0,
      21.0,
      22.0,
      23.0,
      24.0,
      25.0,
      26.0,
      27.0,
      28.0,
      29.0,
      30.0,
      31.0,
      32.0
    ],
    "bin_start": [
      -0.5,
      0.5,
      1.5,
      2.5,
      3.5,
      4.5,
      5.5,
      6.5,
      7.5,
      8.5,
      9.5,
      10.5,
      11.5,
      12.5,
      13.5,
      14.5,
      15.5,
      16.5,
      17.5,
      18.5,
      19.5,
      20.5,
      21.5,
      22.5,
      23.5,
      24.5,
      25.5,
      26.5,
      27.5,
      28.5,
      29.5,
      30.5,
      31.5
    ],
    "bin_end": [
      0.5,
      1.5,
      2.5,
      3.5,
      4.5,
      5.5,
      6.5,
      7.5,
      8.5,
      9.5,
      10.5,
      11.5,
      12.5,
      13.5,
      14.5,
      15.5,
      16.5,
      17.5,
      18.5,
      19.5,
      20.5,
      21.5,
      22.5,
      23.5,
      24.5,
      25.5,
      26.5,
      27.5,
      28.5,
      29.5,
      30.5,
      31.5,
      32.5
    ],
    "winners_density": [
      0.0,
      0.01,
      0.01,
      0.03,
      0.02,
      0.03,
      0.07,
      0.1,
      0.16,
      0.15,
      0.11,
      0.09,
      0.08,
      0.1,
      0.01,
      0.01,
      0.02,
      0.0,
      0.0,
      0.0,
      0.0,
      0.0,
      0.0,
      0.0,
      0.0,
      0.0,
      0.0,
      0.0,
      0.0,
      0.0,
      0.0,
      0.0,
      0.0
    ],
    "non_winners_density": [
      0.0021212121212121214,
      0.007171717171717172,
      0.011313131313131313,
      0.017474747474747476,
      0.028686868686868688,
      0.03666666666666667,
      0.05484848484848485,
      0.06757575757575758,
      0.0904040404040404,
      0.10242424242424242,
      0.11161616161616161,
      0.11191919191919192,
      0.09919191919191919,
      0.08646464646464647,
      0.06505050505050505,
      0.044848484848484846,
      0.028181818181818183,
      0.019494949494949496,
      0.008686868686868687,
      0.0027272727272727275,
      0.0018181818181818182,
      0.0008080808080808081,
      0.00030303030303030303,
      0.0,
      0.00020202020202020202,
      0.0,
      0.0,
      0.0,
      0.0,
      0.0,
      0.0,
      0.0,
      0.0
    ],
    "winners_count": [
      0,
      1,
      1,
      3,
      2,
      3,
      7,
      10,
      16,
      15,
      11,
      9,
      8,
      10,
      1,
      1,
      2,
      0,
      0,
      0,
      0,
      0,
      0,
      0,
      0,
      0,
      0,
      0,
      0,
      0,
      0,
      0,
      0
    ],
    "non_winners_count": [
      21,
      71,
      112,
      173,
      284,
      363,
      543,
      669,
      895,
      1014,
      1105,
      1108,
      982,
      856,
      644,
      444,
      279,
      193,
      86,
      27,
      18,
      8,
      3,
      0,
      2,
      0,
      0,
      0,
      0,
      0,
      0,
      0,
      0
    ],
    "winners_mean": 9.06,
    "non_winners_mean": 10.127878787878787
  },
  "Second Round": {
    "bin_center": [
      0.0,
      1.0,
      2.0,
      3.0,
      4.0,
      5.0,
      6.0,
      7.0,
      8.0,
      9.0,
      10.0,
      11.0,
      12.0,
      13.0,
      14.0,
      15.0,
      16.0
    ],
    "bin_start": [
      -0.5,
      0.5,
      1.5,
      2.5,
      3.5,
      4.5,
      5.5,
      6.5,
      7.5,
      8.5,
      9.5,
      10.5,
      11.5,
      12.5,
      13.5,
      14.5,
      15.5
    ],
    "bin_end": [
      0.5,
      1.5,
      2.5,
      3.5,
      4.5,
      5.5,
      6.5,
      7.5,
      8.5,
      9.5,
      10.5,
      11.5,
      12.5,
      13.5,
      14.5,
      15.5,
      16.5
    ],
    "winners_density": [
      0.0,
      0.02,
      0.03,
      0.08,
      0.1,
      0.19,
      0.22,
      0.17,
      0.07,
      0.05,
      0.06,
      0.01,
      0.0,
      0.0,
      0.0,
      0.0,
      0.0
    ],
    "non_winners_density": [
      0.006262626262626263,
      0.016363636363636365,
      0.03282828282828283,
      0.05292929292929293,
      0.0893939393939394,
      0.12535353535353536,
      0.1393939393939394,
      0.14373737373737375,
      0.13575757575757577,
      0.10797979797979798,
      0.07343434343434344,
      0.04141414141414142,
      0.02101010101010101,
      0.010606060606060607,
      0.0028282828282828283,
      0.0007070707070707071,
      0.0
    ],
    "winners_count": [
      0,
      2,
      3,
      8,
      10,
      19,
      22,
      17,
      7,
      5,
      6,
      1,
      0,
      0,
      0,
      0,
      0
    ],
    "non_winners_count": [
      62,
      162,
      325,
      524,
      885,
      1241,
      1380,
      1423,
      1344,
      1069,
      727,
      410,
      208,
      105,
      28,
      7,
      0
    ],
    "winners_mean": 5.9,
    "non_winners_mean": 6.755656565656565
  },
  "Sweet 16": {
    "bin_center": [
      0.0,
      1.0,
      2.0,
      3.0,
      4.0,
      5.0,
      6.0,
      7.0,
      8.0
    ],
    "bin_start": [
      -0.5,
      0.5,
      1.5,
      2.5,
      3.5,
      4.5,
      5.5,
      6.5,
      7.5
    ],
    "bin_end": [
      0.5,
      1.5,
      2.5,
      3.5,
      4.5,
      5.5,
      6.5,
      7.5,
      8.5
    ],
    "winners_density": [
      0.0,
      0.08,
      0.11,
      0.21,
      0.25,
      0.21,
      0.14,
      0.0,
      0.0
    ],
    "non_winners_density": [
      0.015656565656565657,
      0.052222222222222225,
      0.11474747474747475,
      0.18727272727272729,
      0.2285858585858586,
      0.19313131313131313,
      0.12727272727272726,
      0.06252525252525253,
      0.018585858585858588
    ],
    "winners_count": [
      0,
      8,
      11,
      21,
      25,
      21,
      14,
      0,
      0
    ],
    "non_winners_count": [
      155,
      517,
      1136,
      1854,
      2263,
      1912,
      1260,
      619,
      184
    ],
    "winners_mean": 3.82,
    "non_winners_mean": 4.073535353535354
  },
  "Elite 8": {
    "bin_center": [
      0.0,
      1.0,
      2.0,
      3.0,
      4.0
    ],
    "bin_start": [
      -0.5,
      0.5,
      1.5,
      2.5,
      3.5
    ],
    "bin_end": [
      0.5,
      1.5,
      2.5,
      3.5,
      4.5
    ],
    "winners_density": [
      0.05,
      0.25,
      0.37,
      0.23,
      0.1
    ],
    "non_winners_density": [
      0.0708080808080808,
      0.2106060606060606,
      0.31565656565656564,
      0.2701010101010101,
      0.13282828282828282
    ],
    "winners_count": [
      5,
      25,
      37,
      23,
      10
    ],
    "non_winners_count": [
      701,
      2085,
      3125,
      2674,
      1315
    ],
    "winners_mean": 2.08,
    "non_winners_mean": 2.1835353535353534
  },
  "Total Upsets": {
    "bin_center": [
      0.0,
      1.0,
      2.0,
      3.0,
      4.0,
      5.0,
      6.0,
      7.0,
      8.0,
      9.0,
      10.0,
      11.0,
      12.0,
      13.0,
      14.0,
      15.0,
      16.0,
      17.0,
      18.0,
      19.0,
      20.0,
      21.0,
      22.0,
      23.0,
      24.0,
      25.0,
      26.0,
      27.0,
      28.0,
      29.0,
      30.0,
      31.0,
      32.0,
      33.0,
      34.0,
      35.0,
      36.0,
      37.0,
      38.0,
      39.0,
      40.0,
      41.0,
      42.0,
      43.0,
      44.0,
      45.0,
      46.0,
      47.0,
      48.0,
      49.0,
      50.0,
      51.0,
      52.0
    ],