{
  "First Round": {
    "bin_center": [
      0.0,
      1.0,
      2.0,
      3.0,
      4.0,
      5.0,
      6.0,
      7.0,
      8.0,
      9.0,
      10.0,
      11.0,
      12.0,
      13.0,
      14.0,
      15.0,
      16.0,
      17.0,
      18.0,
      19.0,
      20.0,
      21.0,
      22.0,
      23.0,
      24.0,
      25.0,
      26.0,
      27.0,
      28.0,
      29.0,
      30.0,
      31.0,
      32.0
    ],
    "bin_start": [
      -0.5,
      0.5,
      1.5,
      2.5,
      3.5,
      4.5,
      5.5,
      6.5,
      7.5,
      8.5,
      9.5,
      10.5,
      11.5,
      12.5,
      13.5,
      14.5,
      15.5,
      16.5,
      17.5,
      18.5,
      19.5,
      20.5,
      21.5,
      22.5,
      23.5,
      24.5,
      25.5,
      26.5,
      27.5,
      28.5,
      29.5,
      30.5,
      31.5
    ],
    "bin_end": [
      0.5,
      1.5,
      2.5,
      3.5,
      4.5,
      5.5,
      6.5,
      7.5,
      8.5,
      9.5,
      10.5,
      11.5,
      12.5,
      13.5,
      14.5,
      15.5,
      16.5,
      17.5,
      18.5,
      19.5,
      20.5,
      21.5,
      22.5,
      23.5,
      24.5,
      25.5,
      26.5,
      27.5,
      28.5,
      29.5,
      30.5,
      31.5,
      32.5
    ],
    "winners_density": [
      0.0,
      0.0,
      0.0,
      0.05,
      0.05,
      0.1,
      0.15,
      0.0,
      0.1,
      0.2,
      0.05,
      0.1,
      0.2,
      0.0,
      0.0,
      0.0,
      0.0,
      0.0,
      0.0,
      0.0,
      0.0,
      0.0,
      0.0,
      0.0,
      0.0,
      0.0,
      0.0,
      0.0,
      0.0,
      0.0,
      0.0,
      0.0,
      0.0
    ],
    "non_winners_density": [
      0.0035353535353535356,
      0.007575757575757576,
      0.013636363636363636,
      0.021717171717171718,
      0.024747474747474747,
      0.03232323232323232,
      0.051515151515151514,
      0.06060606060606061,
      0.08282828282828283,
      0.09848484848484848,
      0.10707070707070707,
      0.1191919191919192,
      0.10808080808080808,
      0.08636363636363636,
      0.06868686868686869,
      0.047979797979797977,
      0.03080808080808081,
      0.017676767676767676,
      0.012626262626262626,
      0.0025252525252525255,
      0.0015151515151515152,
      0.000505050505050505,
      0.0,
      0.0,
      0.0,
      0.0,
      0.0,
      0.0,
      0.0,
      0.0,
      0.0,
      0.0,
      0.0
    ],
    "winners_count": [
      0,
      0,
      0,
      1,
      1,
      2,
      3,
      0,
      2,
      4,
      1,
      2,
      4,
      0,
      0,
      0,
      0,
      0,
      0,
      0,
      0,
      0,
      0,
      0,
      0,
      0,
      0,
      0,
      0,
      0,
      0,
      0,
      0
    ],
    "non_winners_count": [
      7,
      15,
      27,
      43,
      49,
      64,
      102,
      120,
      164,
      195,
      212,
      236,
      214,
      171,
      136,
      95,
      61,
      35,
      25,
      5,
      3,
      1,
      0,
      0,
      0,
      0,
      0,
      0,
      0,
      0,
      0,
      0,
      0
    ],
    "winners_mean": 8.35,
    "non_winners_mean": 10.235353535353536
  },
  "Second Round": {
    "bin_center": [
      0.0,
      1.0,
      2.0,
      3.0,
      4.0,
      5.0,
      6.0,
      7.0,
      8.0,
      9.0,
      10.0,
      11.0,
      12.0,
      13.0,
      14.0,
      15.0,
      16.0
    ],
    "bin_start": [
      -0.5,
      0.5,
      1.5,
      2.5,
      3.5,
      4.5,
      5.5,
      6.5,
      7.5,
      8.5,
      9.5,
      10.5,
      11.5,
      12.5,
      13.5,
      14.5,
      15.5
    ],
    "bin_end": [
      0.5,
      1.5,
      2.5,
      3.5,
      4.5,
      5.5,
      6.5,
      7.5,
      8.5,
      9.5,
      10.5,
      11.5,
      12.5,
      13.5,
      14.5,
      15.5,
      16.5
    ],
    "winners_density": [
      0.0,
      0.0,
      0.0,
      0.1,
      0.2,
      0.2,
      0.25,
      0.2,
      0.05,
      0.0,
      0.0,
      0.0,
      0.0,
      0.0,
      0.0,
      0.0,
      0.0
    ],
    "non_winners_density": [
      0.007575757575757576,
      0.014646464646464647,
      0.0297979797979798,
      0.06161616161616162,
      0.08282828282828283,
      0.12424242424242424,
      0.12777777777777777,
      0.13585858585858585,
      0.14444444444444443,
      0.1095959595959596,
      0.07777777777777778,
      0.04494949494949495,
      0.024242424242424242,
      0.011111111111111112,
      0.0030303030303030303,
      0.000505050505050505,
      0.0
    ],
    "winners_count": [
      0,
      0,
      0,
      2,
      4,
      4,
      5,
      4,
      1,
      0,
      0,
      0,
      0,
      0,
      0,
      0,
      0
    ],
    "non_winners_count": [
      15,
      29,
      59,
      122,
      164,
      246,
      253,
      269,
      286,
      217,
      154,
      89,
      48,
      22,
      6,
      1,
      0
    ],
    "winners_mean": 5.4,
    "non_winners_mean": 6.828787878787879
  },
  "Sweet 16": {
    "bin_center": [
      0.0,
      1.0,
      2.0,
      3.0,
      4.0,
      5.0,
      6.0,
      7.0,
      8.0
    ],
    "bin_start": [
      -0.5,
      0.5,
      1.5,
      2.5,
      3.5,
      4.5,
      5.5,
      6.5,
      7.5
    ],
    "bin_end": [
      0.5,
      1.5,
      2.5,
      3.5,
      4.5,
      5.5,
      6.5,
      7.5,
      8.5
    ],
    "winners_density": [
      0.0,
      0.05,
      0.1,
      0.4,
      0.2,
      0.2,
      0.05,
      0.0,
      0.0
    ],
    "non_winners_density": [
      0.01717171717171717,
      0.05404040404040404,
      0.10707070707070707,
      0.18282828282828284,
      0.2196969696969697,
      0.201010101010101,
      0.13636363636363635,
      0.06313131313131314,
      0.018686868686868686
    ],
    "winners_count": [
      0,
      1,
      2,
      8,
      4,
      4,
      1,
      0,
      0
    ],
    "non_winners_count": [
      34,
      107,
      212,
      362,
      435,
      398,
      270,
      125,
      37
    ],
    "winners_mean": 3.55,
    "non_winners_mean": 4.11010101010101
  },
  "Elite 8": {
    "bin_center": [
      0.0,
      1.0,
      2.0,
      3.0,
      4.0
    ],
    "bin_start": [
      -0.5,
      0.5,
      1.5,
      2.5,
      3.5
    ],
    "bin_end": [
      0.5,
      1.5,
      2.5,
      3.5,
      4.5
    ],
    "winners_density": [
      0.15,
      0.15,
      0.35,
      0.35,
      0.0
    ],
    "non_winners_density": [
      0.06515151515151515,
      0.19646464646464645,
      0.3212121212121212,
      0.2803030303030303,
      0.13686868686868686
    ],
    "winners_count": [
      3,
      3,
      7,
      7,
      0
    ],
    "non_winners_count": [
      129,
      389,
      636,
      555,
      271
    ],
    "winners_mean": 1.9,
    "non_winners_mean": 2.227272727272727
  },
  "Total Upsets": {
    "bin_center": [
      0.0,
      1.0,
      2.0,
      3.0,
      4.0,
      5.0,
      6.0,
      7.0,
      8.0,
      9.0,
      10.0,
      11.0,
      12.0,
      13.0,
      14.0,
      15.0,
      16.0,
      17.0,
      18.0,
      19.0,
      20.0,
      21.0,
      22.0,
      23.0,
      24.0,
      25.0,
      26.0,
      27.0,
      28.0,
      29.0,
      30.0,
      31.0,
      32.0,
      33.0,
      34.0,
      35.0,
      36.0,
      37.0,
      38.0,
      39.0,
      40.0,
      41.0,
      42.0,
      43.0,
      44.0,
      45.0,
      46.0,
      47.0,
      48.0,
      49.0
    ],