{
  "First Round": {
    "bin_center": [
      0.0,
      1.0,
      2.0,
      3.0,
      4.0,
      5.0,
      6.0,
      7.0,
      8.0,
      9.0,
      10.0,
      11.0,
      12.0,
      13.0,
      14.0,
      15.0,
      16.0,
      17.0,
      18.0,
      19.0,
      20.0,
      21.0,
      22.0,
      23.0,
      24.0,
      25.0,
      26.0,
      27.0,
      28.0,
      29.0,
      30.0,
      31.0,
      32.0
    ],
    "bin_start": [
      -0.5,
      0.5,
      1.5,
      2.5,
      3.5,
      4.5,
      5.5,
      6.5,
      7.5,
      8.5,
      9.5,
      10.5,
      11.5,
      12.5,
      13.5,
      14.5,
      15.5,
      16.5,
      17.5,
      18.5,
      19.5,
      20.5,
      21.5,
      22.5,
      23.5,
      24.5,
      25.5,
      26.5,
      27.5,
      28.5,
      29.5,
      30.5,
      31.5
    ],
    "bin_end": [
      0.5,
      1.5,
      2.5,
      3.5,
      4.5,
      5.5,
      6.5,
      7.5,
      8.5,
      9.5,
      10.5,
      11.5,
      12.5,
      13.5,
      14.5,
      15.5,
      16.5,
      17.5,
      18.5,
      19.5,
      20.5,
      21.5,
      22.5,
      23.5,
      24.5,
      25.5,
      26.5,
      27.5,
      28.5,
      29.5,
      30.5,
      31.5,
      32.5
    ],
    "winners_density": [
      0.0,
      0.0,
      0.01,
      0.0,
      0.06,
      0.06,
      0.1,
      0.13,
      0.17,
      0.12,
      0.08,
      0.07,
      0.1,
      0.04,
      0.02,
      0.02,
      0.01,
      0.01,
      0.0,
      0.0,
      0.0,
      0.0,
      0.0,
      0.0,
      0.0,
      0.0,
      0.0,
      0.0,
      0.0,
      0.0,
      0.0,
      0.0,
      0.0
    ],
    "non_winners_density": [
      0.00202020202020202,
      0.0065656565656565654,
      0.011111111111111112,
      0.01575757575757576,
      0.026060606060606062,
      0.039191919191919194,
      0.05303030303030303,
      0.0701010101010101,
      0.09232323232323232,
      0.10707070707070707,
      0.11575757575757575,
      0.10838383838383839,
      0.10242424242424242,
      0.08040404040404041,
      0.06494949494949495,
      0.04555555555555556,
      0.026868686868686868,
      0.016666666666666666,
      0.008484848484848486,
      0.004747474747474748,
      0.0014141414141414141,
      0.000505050505050505,
      0.000505050505050505,
      0.00010101010101010101,
      0.0,
      0.0,
      0.0,
      0.0,
      0.0,
      0.0,
      0.0,
      0.0,
      0.0
    ],
    "winners_count": [
      0,
      0,
      1,
      0,
      6,
      6,
      10,
      13,
      17,
      12,
      8,
      7,
      10,
      4,
      2,
      2,
      1,
      1,
      0,
      0,
      0,
      0,
      0,
      0,
      0,
      0,
      0,
      0,
      0,
      0,
      0,
      0,
      0
    ],
    "non_winners_count": [
      20,
      65,
      110,
      156,
      258,
      388,
      525,
      694,
      914,
      1060,
      1146,
      1073,
      1014,
      796,
      643,
      451,
      266,
      165,
      84,
      47,
      14,
      5,
      5,
      1,
      0,
      0,
      0,
      0,
      0,
      0,
      0,
      0,
      0
    ],
    "winners_mean": 8.71,
    "non_winners_mean": 10.112626262626263
  },
  "Second Round": {
    "bin_center": [
      0.0,
      1.0,
      2.0,
      3.0,
      4.0,
      5.0,
      6.0,
      7.0,
      8.0,
      9.0,
      10.0,
      11.0,
      12.0,
      13.0,
      14.0,
      15.0,
      16.0
    ],
    "bin_start": [
      -0.5,
      0.5,
      1.5,
      2.5,
      3.5,
      4.5,
      5.5,
      6.5,
      7.5,
      8.5,
      9.5,
      10.5,
      11.5,
      12.5,
      13.5,
      14.5,
      15.5
    ],
    "bin_end": [
      0.5,
      1.5,
      2.5,
      3.5,
      4.5,
      5.5,
      6.5,
      7.5,
      8.5,
      9.5,
      10.5,
      11.5,
      12.5,
      13.5,
      14.5,
      15.5,
      16.5
    ],
    "winners_density": [
      0.02,
      0.01,
      0.04,
      0.08,
      0.14,
      0.2,
      0.18,
      0.16,
      0.08,
      0.06,
      0.01,
      0.02,
      0.0,
      0.0,
      0.0,
      0.0,
      0.0
    ],
    "non_winners_density": [
      0.005757575757575757,
      0.01606060606060606,
      0.03202020202020202,
      0.057373737373737375,
      0.0892929292929293,
      0.1206060606060606,
      0.14181818181818182,
      0.14727272727272728,
      0.13373737373737374,
      0.10383838383838384,
      0.07181818181818182,
      0.04464646464646465,
      0.021515151515151515,
      0.009292929292929294,
      0.0036363636363636364,
      0.0011111111111111111,
      0.00020202020202020202
    ],
    "winners_count": [
      2,
      1,
      4,
      8,
      14,
      20,
      18,
      16,
      8,
      6,
      1,
      2,
      0,
      0,
      0,
      0,
      0
    ],
    "non_winners_count": [
      57,
      159,
      317,
      568,
      884,
      1194,
      1404,
      1458,
      1324,
      1028,
      711,
      442,
      213,
      92,
      36,
      11,
      2
    ],
    "winners_mean": 5.59,
    "non_winners_mean": 6.757777777777778
  },
  "Sweet 16": {
    "bin_center": [
      0.0,
      1.0,
      2.0,
      3.0,
      4.0,
      5.0,
      6.0,
      7.0,
      8.0
    ],
    "bin_start": [
      -0.5,
      0.5,
      1.5,
      2.5,
      3.5,
      4.5,
      5.5,
      6.5,
      7.5
    ],
    "bin_end": [
      0.5,
      1.5,
      2.5,
      3.5,
      4.5,
      5.5,
      6.5,
      7.5,
      8.5
    ],
    "winners_density": [
      0.01,
      0.08,
      0.23,
      0.23,
      0.24,
      0.09,
      0.1,
      0.02,
      0.0
    ],
    "non_winners_density": [
      0.01616161616161616,
      0.051616161616161615,
      0.11757575757575757,
      0.18191919191919192,
      0.2175757575757576,
      0.19797979797979798,
      0.1316161616161616,
      0.06656565656565656,
      0.01898989898989899
    ],
    "winners_count": [
      1,
      8,
      23,
      23,
      24,
      9,
      10,
      2,
      0
    ],
    "non_winners_count": [
      160,
      511,
      1164,
      1801,
      2154,
      1960,
      1303,
      659,
      188
    ],
    "winners_mean": 3.38,
    "non_winners_mean": 4.100303030303031
  },
  "Elite 8": {
    "bin_center": [
      0.0,
      1.0,
      2.0,
      3.0,
      4.0
    ],
    "bin_start": [
      -0.5,
      0.5,
      1.5,
      2.5,
      3.5
    ],
    "bin_end": [
      0.5,
      1.5,
      2.5,
      3.5,
      4.5
    ],
    "winners_density": [
      0.14,
      0.26,
      0.33,
      0.19,
      0.08
    ],
    "non_winners_density": [
      0.0691919191919192,
      0.20444444444444446,
      0.32272727272727275,
      0.2734343434343434,
      0.1302020202020202
    ],
    "winners_count": [
      14,
      26,
      33,
      19,
      8
    ],
    "non_winners_count": [
      685,
      2024,
      3195,
      2707,
      1289
    ],
    "winners_mean": 1.81,
    "non_winners_mean": 2.191010101010101
  },
  "Total Upsets": {
    "bin_center": [
      0.0,
      1.0,
      2.0,
      3.0,
      4.0,
      5.0,
      6.0,
      7.0,
      8.0,
      9.0,
      10.0,
      11.0,
      12.0,
      13.0,
      14.0,
      15.0,
      16.0,
      17.0,
      18.0,
      19.0,
      20.0,
      21.0,
      22.0,
      23.0,
      24.0,
      25.0,
      26.0,
      27.0,
      28.0,
      29.0,
      30.0,
      31.0,
      32.0,
      33.0,
      34.0,
      35.0,
      36.0,
      37.0,
      38.0,
      39.0,
      40.0,
      41.0,
      42.0,
      43.0,
      44.0,
      45.0,
      46.0,
      47.0,
      48.0,
      49.0,
      50.0,
      51.0,
      52.0
    ],