round,mean_madness,std_madness
First Round,17.782179733760426,2.3766772234759648
Second Round,8.959061983417035,1.7596268065797889
Sweet 16,4.853228026390392,1.3309268651616755
Elite 8,2.24565741848876,0.7862028327538277
Final Four,1.0453990242385691,0.5037248959864864
Championship,0.5966545432750396,0.320441102969367
