round,mean_madness,std_madness,losers_mean_madness,losers_std_madness
First Round,17.580310392862515,2.2147576323464255,18.942531955782293,3.404410342032258
Second Round,8.537672001457524,1.7670343442160132,9.356127298129643,2.0764335274014982
Sweet 16,4.422103650258182,1.2011708606875409,4.795351136354033,1.2820112582863707
Elite 8,2.1855840222101146,0.7400964207533048,2.365011108488893,0.8952974223651528
Final Four,1.264768211512644,0.4562270995904779,1.2411994777194104,0.5541961639390545
Championship,0.6568468157978893,0.3407436113422308,0.637123300117674,0.3641945964030601
