round,max_advantage_upsets,max_advantage,max_density_upsets,mode_upsets,mean_upsets,std_upsets,num_pools
First Round,8.0,0.0695959595959596,8.0,8.0,9.06,2.959121491253781,100
Second Round,6.0,0.0806060606060606,6.0,6.0,5.9,2.0952326839756963,100
Sweet 16,1.0,0.027777777777777776,4.0,4.0,3.82,1.4517575555167606,100
Elite 8,2.0,0.05434343434343436,2.0,2.0,2.08,1.0361467077590893,100
Final Four,,,,1.0,0.8,0.6816498108607268,100
Championship,,,,0.0,0.27,0.4461960433384737,100
Total Upsets,21.0,0.060000000000000005,21.0,21.0,21.93,6.541032028663367,100
