{
  "First Round": {
    "bin_center": [
      0.0,
      1.0,
      2.0,
      3.0,
      4.0,
      5.0,
      6.0,
      7.0,
      8.0,
      9.0,
      10.0,
      11.0,
      12.0,
      13.0,
      14.0,
      15.0,
      16.0,
      17.0,
      18.0,
      19.0,
      20.0,
      21.0,
      22.0,
      23.0,
      24.0,
      25.0,
      26.0,
      27.0,
      28.0,
      29.0,
      30.0,
      31.0,
      32.0
    ],
    "bin_start": [
      -0.5,
      0.5,
      1.5,
      2.5,
      3.5,
      4.5,
      5.5,
      6.5,
      7.5,
      8.5,
      9.5,
      10.5,
      11.5,
      12.5,
      13.5,
      14.5,
      15.5,
      16.5,
      17.5,
      18.5,
      19.5,
      20.5,
      21.5,
      22.5,
      23.5,
      24.5,
      25.5,
      26.5,
      27.5,
      28.5,
      29.5,
      30.5,
      31.5
    ],
    "bin_end": [
      0.5,
      1.5,
      2.5,
      3.5,
      4.5,
      5.5,
      6.5,
      7.5,
      8.5,
      9.5,
      10.5,
      11.5,
      12.5,
      13.5,
      14.5,
      15.5,
      16.5,
      17.5,
      18.5,
      19.5,
      20.5,
      21.5,
      22.5,
      23.5,
      24.5,
      25.5,
      26.5,
      27.5,
      28.5,
      29.5,
      30.5,
      31.5,
      32.5
    ],
    "winners_density": [
      0.042042042042042045,
      0.07207207207207207,
      0.08708708708708708,
      0.13513513513513514,
      0.09309309309309309,
      0.12312312312312312,
      0.10510510510510511,
      0.0960960960960961,
      0.08108108108108109,
      0.06606606606606606,
      0.04504504504504504,
      0.02702702702702703,
      0.021021021021021023,
      0.0,
      0.003003003003003003,
      0.003003003003003003,
      0.0,
      0.0,
      0.0,
      0.0,
      0.0,
      0.0,
      0.0,
      0.0,
      0.0,
      0.0,
      0.0,
      0.0,
      0.0,
      0.0,
      0.0,
      0.0,
      0.0
    ],
    "non_winners_density": [
      0.006834420627524076,
      0.015636325981153568,
      0.025473749611680647,
      0.03520762141451796,
      0.045666356011183594,
      0.07114010562286424,
      0.08708708708708708,
      0.09992751372061717,
      0.109868489178834,
      0.1111111111111111,
      0.10127368748058403,
      0.08791550170860515,
      0.06606606606606606,
      0.0474267370819095,
      0.034482758620689655,
      0.02267785026405716,
      0.013875944910427668,
      0.00880190535362949,
      0.004349176762969867,
      0.0023816920368644507,
      0.0016568292430361397,
      0.0008284146215180698,
      0.00020710365537951746,
      0.00010355182768975873,
      0.0,
      0.0,
      0.0,
      0.0,
      0.0,
      0.0,
      0.0,
      0.0,
      0.0
    ],
    "winners_count": [
      14,
      24,
      29,
      45,
      31,
      41,
      35,
      32,
      27,
      22,
      15,
      9,
      7,
      0,
      1,
      1,
      0,
      0,
      0,
      0,
      0,
      0,
      0,
      0,
      0,
      0,
      0,
      0,
      0,
      0,
      0,
      0,
      0
    ],
    "non_winners_count": [
      66,
      151,
      246,
      340,
      441,
      687,
      841,
      965,
      1061,
      1073,
      978,
      849,
      638,
      458,
      333,
      219,
      134,
      85,
      42,
      23,
      16,
      8,
      2,
      1,
      0,
      0,
      0,
      0,
      0,
      0,
      0,
      0,
      0
    ],
    "winners_mean": 5.273273273273273,
    "non_winners_mean": 8.576265921093507
  },
  "Second Round": {
    "bin_center": [
      0.0,
      1.0,
      2.0,
      3.0,
      4.0,
      5.0,
      6.0,
      7.0,
      8.0,
      9.0,
      10.0,
      11.0,
      12.0,
      13.0,
      14.0,
      15.0,
      16.0
    ],
    "bin_start": [
      -0.5,
      0.5,
      1.5,
      2.5,
      3.5,
      4.5,
      5.5,
      6.5,
      7.5,
      8.5,
      9.5,
      10.5,
      11.5,
      12.5,
      13.5,
      14.5,
      15.5
    ],
    "bin_end": [
      0.5,
      1.5,
      2.5,
      3.5,
      4.5,
      5.5,
      6.5,
      7.5,
      8.5,
      9.5,
      10.5,
      11.5,
      12.5,
      13.5,
      14.5,
      15.5,
      16.5
    ],
    "winners_density": [
      0.04504504504504504,
      0.12012012012012012,
      0.10810810810810811,
      0.15615615615615616,
      0.17117117117117117,
      0.13513513513513514,
      0.09309309309309309,
      0.08708708708708708,
      0.05105105105105105,
      0.021021021021021023,
      0.009009009009009009,
      0.0,
      0.003003003003003003,
      0.0,
      0.0,
      0.0,
      0.0
    ],
    "non_winners_density": [
      0.009940975458216837,
      0.022263642953298125,
      0.03727865796831314,
      0.06679092885989438,
      0.09071140105622864,
      0.12446929688308998,
      0.13896655275965622,
      0.13762037899968935,
      0.12405508957233095,
      0.09402505954230092,
      0.06844775810293052,
      0.04411307859583722,
      0.023402713057885473,
      0.01139070104587346,
      0.005177591384487936,
      0.001139070104587346,
      0.00020710365537951746
    ],
    "winners_count": [
      15,
      40,
      36,
      52,
      57,
      45,
      31,
      29,
      17,
      7,
      3,
      0,
      1,
      0,
      0,
      0,
      0
    ],
    "non_winners_count": [
      96,
      215,
      360,
      645,
      876,
      1202,
      1342,
      1329,
      1198,
      908,
      661,
      426,
      226,
      110,
      50,
      11,
      2
    ],
    "winners_mean": 4.057057057057057,
    "non_winners_mean": 6.609713161437299
  },
  "Sweet 16": {
    "bin_center": [
      0.0,
      1.0,
      2.0,
      3.0,
      4.0,
      5.0,
      6.0,
      7.0,
      8.0
    ],
    "bin_start": [
      -0.5,
      0.5,
      1.5,
      2.5,
      3.5,
      4.5,
      5.5,
      6.5,
      7.5
    ],
    "bin_end": [
      0.5,
      1.5,
      2.5,
      3.5,
      4.5,
      5.5,
      6.5,
      7.5,
      8.5
    ],
    "winners_density": [
      0.08108108108108109,
      0.14714714714714713,
      0.16816816816816818,
      0.21621621621621623,
      0.18018018018018017,
      0.1111111111111111,
      0.07207207207207207,
      0.018018018018018018,
      0.006006006006006006
    ],
    "non_winners_density": [
      0.01470435953194574,
      0.04556280418349384,
      0.08853681267474371,
      0.15377446411929171,
      0.21093507300403852,
      0.21766594180387283,
      0.15719167443305374,
      0.08418763591177385,
      0.02744123433778606
    ],
    "winners_count": [
      27,
      49,
      56,
      72,
      60,
      37,
      24,
      6,
      2
    ],
    "non_winners_count": [
      142,
      440,
      855,
      1485,
      2037,
      2102,
      1518,
      813,
      265
    ],
    "winners_mean": 3.015015015015015,
    "non_winners_mean": 4.368023195609402
  },
  "Elite 8": {
    "bin_center": [
      0.0,
      1.0,
      2.0,
      3.0,
      4.0
    ],
    "bin_start": [
      -0.5,
      0.5,
      1.5,
      2.5,
      3.5
    ],
    "bin_end": [
      0.5,
      1.5,
      2.5,
      3.5,
      4.5
    ],
    "winners_density": [
      0.18018018018018017,
      0.2702702702702703,
      0.27927927927927926,
      0.1921921921921922,
      0.07807807807807808
    ],
    "non_winners_density": [
      0.05084394739567153,
      0.15512063787925856,
      0.2901522211867039,
      0.3188360774567671,
      0.18504711608159885
    ],
    "winners_count": [
      60,
      90,
      93,
      64,
      26
    ],
    "non_winners_count": [
      491,
      1498,
      2802,
      3079,
      1787
    ],
    "winners_mean": 1.7177177177177176,
    "non_winners_mean": 2.432121776949363
  },