{
  "First Round": {
    "bin_center": [
      0.0,
      1.0,
      2.0,
      3.0,
      4.0,
      5.0,
      6.0,
      7.0,
      8.0,
      9.0,
      10.0,
      11.0,
      12.0,
      13.0,
      14.0,
      15.0,
      16.0,
      17.0,
      18.0,
      19.0,
      20.0,
      21.0,
      22.0,
      23.0,
      24.0,
      25.0,
      26.0,
      27.0,
      28.0,
      29.0,
      30.0,
      31.0,
      32.0
    ],
    "bin_start": [
      -0.5,
      0.5,
      1.5,
      2.5,
      3.5,
      4.5,
      5.5,
      6.5,
      7.5,
      8.5,
      9.5,
      10.5,
      11.5,
      12.5,
      13.5,
      14.5,
      15.5,
      16.5,
      17.5,
      18.5,
      19.5,
      20.5,
      21.5,
      22.5,
      23.5,
      24.5,
      25.5,
      26.5,
      27.5,
      28.5,
      29.5,
      30.5,
      31.5
    ],
    "bin_end": [
      0.5,
      1.5,
      2.5,
      3.5,
      4.5,
      5.5,
      6.5,
      7.5,
      8.5,
      9.5,
      10.5,
      11.5,
      12.5,
      13.5,
      14.5,
      15.5,
      16.5,
      17.5,
      18.5,
      19.5,
      20.5,
      21.5,
      22.5,
      23.5,
      24.5,
      25.5,
      26.5,
      27.5,
      28.5,
      29.5,
      30.5,
      31.5,
      32.5
    ],
    "winners_density": [
      0.09090909090909091,
      0.09090909090909091,
      0.030303030303030304,
      0.06060606060606061,
      0.06060606060606061,
      0.09090909090909091,
      0.15151515151515152,
      0.15151515151515152,
      0.12121212121212122,
      0.030303030303030304,
      0.030303030303030304,
      0.030303030303030304,
      0.030303030303030304,
      0.030303030303030304,
      0.0,
      0.0,
      0.0,
      0.0,
      0.0,
      0.0,
      0.0,
      0.0,
      0.0,
      0.0,
      0.0,
      0.0,
      0.0,
      0.0,
      0.0,
      0.0,
      0.0,
      0.0,
      0.0
    ],
    "non_winners_density": [
      0.01044932079414838,
      0.017763845350052248,
      0.01671891327063741,
      0.019853709508881923,
      0.06060606060606061,
      0.06687565308254964,
      0.07836990595611286,
      0.10553814002089865,
      0.09822361546499478,
      0.12748171368861025,
      0.109717868338558,
      0.08045977011494253,
      0.07105538140020899,
      0.0438871473354232,
      0.03761755485893417,
      0.019853709508881923,
      0.011494252873563218,
      0.013584117032392894,
      0.006269592476489028,
      0.0020898641588296763,
      0.0,
      0.0010449320794148381,
      0.0,
      0.0010449320794148381,
      0.0,
      0.0,
      0.0,
      0.0,
      0.0,
      0.0,
      0.0,
      0.0,
      0.0
    ],
    "winners_count": [
      3,
      3,
      1,
      2,
      2,
      3,
      5,
      5,
      4,
      1,
      1,
      1,
      1,
      1,
      0,
      0,
      0,
      0,
      0,
      0,
      0,
      0,
      0,
      0,
      0,
      0,
      0,
      0,
      0,
      0,
      0,
      0,
      0
    ],
    "non_winners_count": [
      10,
      17,
      16,
      19,
      58,
      64,
      75,
      101,
      94,
      122,
      105,
      77,
      68,
      42,
      36,
      19,
      11,
      13,
      6,
      2,
      0,
      1,
      0,
      1,
      0,
      0,
      0,
      0,
      0,
      0,
      0,
      0,
      0
    ],
    "winners_mean": 5.636363636363637,
    "non_winners_mean": 8.672936259143155
  },
  "Second Round": {
    "bin_center": [
      0.0,
      1.0,
      2.0,
      3.0,
      4.0,
      5.0,
      6.0,
      7.0,
      8.0,
      9.0,
      10.0,
      11.0,
      12.0,
      13.0,
      14.0,
      15.0,
      16.0
    ],
    "bin_start": [
      -0.5,
      0.5,
      1.5,
      2.5,
      3.5,
      4.5,
      5.5,
      6.5,
      7.5,
      8.5,
      9.5,
      10.5,
      11.5,
      12.5,
      13.5,
      14.5,
      15.5
    ],
    "bin_end": [
      0.5,
      1.5,
      2.5,
      3.5,
      4.5,
      5.5,
      6.5,
      7.5,
      8.5,
      9.5,
      10.5,
      11.5,
      12.5,
      13.5,
      14.5,
      15.5,
      16.5
    ],
    "winners_density": [
      0.06060606060606061,
      0.030303030303030304,
      0.09090909090909091,
      0.15151515151515152,
      0.12121212121212122,
      0.21212121212121213,
      0.15151515151515152,
      0.09090909090909091,
      0.06060606060606061,
      0.0,
      0.0,
      0.030303030303030304,
      0.0,
      0.0,
      0.0,
      0.0,
      0.0
    ],
    "non_winners_density": [
      0.011494252873563218,
      0.019853709508881923,
      0.04493207941483804,
      0.06060606060606061,
      0.08150470219435736,
      0.12748171368861025,
      0.13688610240334378,
      0.13793103448275862,
      0.14106583072100312,
      0.09090909090909091,
      0.06896551724137931,
      0.042842215256008356,
      0.022988505747126436,
      0.009404388714733543,
      0.0020898641588296763,
      0.0010449320794148381,
      0.0
    ],
    "winners_count": [
      2,
      1,
      3,
      5,
      4,
      7,
      5,
      3,
      2,
      0,
      0,
      1,
      0,
      0,
      0,
      0,
      0
    ],
    "non_winners_count": [
      11,
      19,
      43,
      58,
      78,
      122,
      131,
      132,
      135,
      87,
      66,
      41,
      22,
      9,
      2,
      1,
      0
    ],
    "winners_mean": 4.575757575757576,
    "non_winners_mean": 6.592476489028213
  },
  "Sweet 16": {
    "bin_center": [
      0.0,
      1.0,
      2.0,
      3.0,
      4.0,
      5.0,
      6.0,
      7.0,
      8.0
    ],
    "bin_start": [
      -0.5,
      0.5,
      1.5,
      2.5,
      3.5,
      4.5,
      5.5,
      6.5,
      7.5
    ],
    "bin_end": [
      0.5,
      1.5,
      2.5,
      3.5,
      4.5,
      5.5,
      6.5,
      7.5,
      8.5
    ],
    "winners_density": [
      0.030303030303030304,
      0.2727272727272727,
      0.12121212121212122,
      0.15151515151515152,
      0.12121212121212122,
      0.24242424242424243,
      0.06060606060606061,
      0.0,
      0.0
    ],
    "non_winners_density": [
      0.0219435736677116,
      0.025078369905956112,
      0.0794148380355277,
      0.16614420062695925,
      0.2142110762800418,
      0.21316614420062696,
      0.16614420062695925,
      0.09090909090909091,
      0.022988505747126436
    ],
    "winners_count": [
      1,
      9,
      4,
      5,
      4,
      8,
      2,
      0,
      0
    ],
    "non_winners_count": [
      21,
      24,
      76,
      159,
      205,
      204,
      159,
      87,
      22
    ],
    "winners_mean": 3.0303030303030303,
    "non_winners_mean": 4.422152560083594
  },
  "Elite 8": {
    "bin_center": [
      0.0,
      1.0,
      2.0,
      3.0,
      4.0
    ],
    "bin_start": [
      -0.5,
      0.5,
      1.5,
      2.5,
      3.5
    ],
    "bin_end": [
      0.5,
      1.5,
      2.5,
      3.5,
      4.5
    ],
    "winners_density": [
      0.21212121212121213,
      0.2727272727272727,
      0.3333333333333333,
      0.12121212121212122,
      0.06060606060606061
    ],
    "non_winners_density": [
      0.05329153605015674,
      0.14942528735632185,
      0.27063740856844304,
      0.3322884012539185,
      0.19435736677115986
    ],
    "winners_count": [
      7,
      9,
      11,
      4,
      2
    ],
    "non_winners_count": [
      51,
      143,
      259,
      318,
      186
    ],
    "winners_mean": 1.5454545454545454,
    "non_winners_mean": 2.464994775339603
  },