{
  "First Round": {
    "bin_center": [
      0.0,
      1.0,
      2.0,
      3.0,
      4.0,
      5.0,
      6.0,
      7.0,
      8.0,
      9.0,
      10.0,
      11.0,
      12.0,
      13.0,
      14.0,
      15.0,
      16.0,
      17.0,
      18.0,
      19.0,
      20.0,
      21.0,
      22.0,
      23.0,
      24.0,
      25.0,
      26.0,
      27.0,
      28.0,
      29.0,
      30.0,
      31.0,
      32.0
    ],
    "bin_start": [
      -0.5,
      0.5,
      1.5,
      2.5,
      3.5,
      4.5,
      5.5,
      6.5,
      7.5,
      8.5,
      9.5,
      10.5,
      11.5,
      12.5,
      13.5,
      14.5,
      15.5,
      16.5,
      17.5,
      18.5,
      19.5,
      20.5,
      21.5,
      22.5,
      23.5,
      24.5,
      25.5,
      26.5,
      27.5,
      28.5,
      29.5,
      30.5,
      31.5
    ],
    "bin_end": [
      0.5,
      1.5,
      2.5,
      3.5,
      4.5,
      5.5,
      6.5,
      7.5,
      8.5,
      9.5,
      10.5,
      11.5,
      12.5,
      13.5,
      14.5,
      15.5,
      16.5,
      17.5,
      18.5,
      19.5,
      20.5,
      21.5,
      22.5,
      23.5,
      24.5,
      25.5,
      26.5,
      27.5,
      28.5,
      29.5,
      30.5,
      31.5,
      32.5
    ],
    "winners_density": [
      0.036036036036036036,
      0.06606606606606606,
      0.13213213213213212,
      0.09309309309309309,
      0.08108108108108109,
      0.12912912912912913,
      0.10510510510510511,
      0.10510510510510511,
      0.057057057057057055,
      0.07207207207207207,
      0.07207207207207207,
      0.024024024024024024,
      0.015015015015015015,
      0.009009009009009009,
      0.003003003003003003,
      0.0,
      0.0,
      0.0,
      0.0,
      0.0,
      0.0,
      0.0,
      0.0,
      0.0,
      0.0,
      0.0,
      0.0,
      0.0,
      0.0,
      0.0,
      0.0,
      0.0,
      0.0
    ],
    "non_winners_density": [
      0.006937972455213834,
      0.013461737599668634,
      0.023609816713264987,
      0.03147975561768665,
      0.04784094439266853,
      0.06886196541368955,
      0.08398053225639432,
      0.09754582168375271,
      0.11597804701252977,
      0.11318214766490628,
      0.10531220876048462,
      0.08729419074246661,
      0.06710158434296365,
      0.04711608159884022,
      0.034793414103758934,
      0.022367194780987885,
      0.012736874805840324,
      0.009940975458216837,
      0.005074039556798178,
      0.0032101066583825203,
      0.001139070104587346,
      0.0008284146215180698,
      0.00010355182768975873,
      0.00010355182768975873,
      0.0,
      0.0,
      0.0,
      0.0,
      0.0,
      0.0,
      0.0,
      0.0,
      0.0
    ],
    "winners_count": [
      12,
      22,
      44,
      31,
      27,
      43,
      35,
      35,
      19,
      24,
      24,
      8,
      5,
      3,
      1,
      0,
      0,
      0,
      0,
      0,
      0,
      0,
      0,
      0,
      0,
      0,
      0,
      0,
      0,
      0,
      0,
      0,
      0
    ],
    "non_winners_count": [
      67,
      130,
      228,
      304,
      462,
      665,
      811,
      942,
      1120,
      1093,
      1017,
      843,
      648,
      455,
      336,
      216,
      123,
      96,
      49,
      31,
      11,
      8,
      1,
      1,
      0,
      0,
      0,
      0,
      0,
      0,
      0,
      0,
      0
    ],
    "winners_mean": 5.375375375375375,
    "non_winners_mean": 8.64761313037175
  },
  "Second Round": {
    "bin_center": [
      0.0,
      1.0,
      2.0,
      3.0,
      4.0,
      5.0,
      6.0,
      7.0,
      8.0,
      9.0,
      10.0,
      11.0,
      12.0,
      13.0,
      14.0,
      15.0,
      16.0
    ],
    "bin_start": [
      -0.5,
      0.5,
      1.5,
      2.5,
      3.5,
      4.5,
      5.5,
      6.5,
      7.5,
      8.5,
      9.5,
      10.5,
      11.5,
      12.5,
      13.5,
      14.5,
      15.5
    ],
    "bin_end": [
      0.5,
      1.5,
      2.5,
      3.5,
      4.5,
      5.5,
      6.5,
      7.5,
      8.5,
      9.5,
      10.5,
      11.5,
      12.5,
      13.5,
      14.5,
      15.5,
      16.5
    ],
    "winners_density": [
      0.042042042042042045,
      0.0990990990990991,
      0.12012012012012012,
      0.12912912912912913,
      0.17117117117117117,
      0.16216216216216217,
      0.10810810810810811,
      0.09309309309309309,
      0.04504504504504504,
      0.021021021021021023,
      0.009009009009009009,
      0.0,
      0.0,
      0.0,
      0.0,
      0.0,
      0.0
    ],
    "non_winners_density": [
      0.008491249870560215,
      0.02174588381484933,
      0.03665734700217459,
      0.059542300921611266,
      0.08853681267474371,
      0.12364088226157191,
      0.14611162887024956,
      0.14310862586724657,
      0.12384798591695144,
      0.09547478512995754,
      0.07186496841669256,
      0.042766904835870354,
      0.023609816713264987,
      0.011080045562804184,
      0.0028994511753132443,
      0.0006213109661385523,
      0.0
    ],
    "winners_count": [
      14,
      33,
      40,
      43,
      57,
      54,
      36,
      31,
      15,
      7,
      3,
      0,
      0,
      0,
      0,
      0,
      0
    ],
    "non_winners_count": [
      82,
      210,
      354,
      575,
      855,
      1194,
      1411,
      1382,
      1196,
      922,
      694,
      413,
      228,
      107,
      28,
      6,
      0
    ],
    "winners_mean": 4.162162162162162,
    "non_winners_mean": 6.6408822615719165
  },
  "Sweet 16": {
    "bin_center": [
      0.0,
      1.0,
      2.0,
      3.0,
      4.0,
      5.0,
      6.0,
      7.0,
      8.0
    ],
    "bin_start": [
      -0.5,
      0.5,
      1.5,
      2.5,
      3.5,
      4.5,
      5.5,
      6.5,
      7.5
    ],
    "bin_end": [
      0.5,
      1.5,
      2.5,
      3.5,
      4.5,
      5.5,
      6.5,
      7.5,
      8.5
    ],
    "winners_density": [
      0.057057057057057055,
      0.17117117117117117,
      0.2042042042042042,
      0.18618618618618618,
      0.2012012012012012,
      0.11711711711711711,
      0.06006006006006006,
      0.003003003003003003,
      0.0
    ],
    "non_winners_density": [
      0.013358185771978875,
      0.04307756031893963,
      0.08884746815781298,
      0.15170342756549654,
      0.21631976804390599,
      0.21310966138552345,
      0.16319768043905974,
      0.08574091332712022,
      0.024645334990162575
    ],
    "winners_count": [
      19,
      57,
      68,
      62,
      67,
      39,
      20,
      1,
      0
    ],
    "non_winners_count": [
      129,
      416,
      858,
      1465,
      2089,
      2058,
      1576,
      828,
      238
    ],
    "winners_mean": 2.90990990990991,
    "non_winners_mean": 4.383245314279797
  },
  "Elite 8": {
    "bin_center": [
      0.0,
      1.0,
      2.0,
      3.0,
      4.0
    ],
    "bin_start": [
      -0.5,
      0.5,
      1.5,
      2.5,
      3.5
    ],
    "bin_end": [
      0.5,
      1.5,
      2.5,
      3.5,
      4.5
    ],
    "winners_density": [
      0.14714714714714713,
      0.3483483483483483,
      0.27627627627627627,
      0.19519519519519518,
      0.03303303303303303
    ],
    "non_winners_density": [
      0.052293672983328154,
      0.154085119602361,
      0.29450139794967384,
      0.3153153153153153,
      0.18380449414932173
    ],
    "winners_count": [
      49,
      116,
      92,
      65,
      11
    ],
    "non_winners_count": [
      505,
      1488,
      2844,
      3045,
      1775
    ],
    "winners_mean": 1.6186186186186187,
    "non_winners_mean": 2.4242518380449414
  },