{
  "First Round": {
    "bin_center": [
      0.0,
      1.0,
      2.0,
      3.0,
      4.0,
      5.0,
      6.0,
      7.0,
      8.0,
      9.0,
      10.0,
      11.0,
      12.0,
      13.0,
      14.0,
      15.0,
      16.0,
      17.0,
      18.0,
      19.0,
      20.0,
      21.0,
      22.0,
      23.0,
      24.0,
      25.0,
      26.0,
      27.0,
      28.0,
      29.0,
      30.0,
      31.0,
      32.0
    ],
    "bin_start": [
      -0.5,
      0.5,
      1.5,
      2.5,
      3.5,
      4.5,
      5.5,
      6.5,
      7.5,
      8.5,
      9.5,
      10.5,
      11.5,
      12.5,
      13.5,
      14.5,
      15.5,
      16.5,
      17.5,
      18.5,
      19.5,
      20.5,
      21.5,
      22.5,
      23.5,
      24.5,
      25.5,
      26.5,
      27.5,
      28.5,
      29.5,
      30.5,
      31.5
    ],
    "bin_end": [
      0.5,
      1.5,
      2.5,
      3.5,
      4.5,
      5.5,
      6.5,
      7.5,
      8.5,
      9.5,
      10.5,
      11.5,
      12.5,
      13.5,
      14.5,
      15.5,
      16.5,
      17.5,
      18.5,
      19.5,
      20.5,
      21.5,
      22.5,
      23.5,
      24.5,
      25.5,
      26.5,
      27.5,
      28.5,
      29.5,
      30.5,
      31.5,
      32.5
    ],
    "winners_density": [
      0.042042042042042045,
      0.07507507507507508,
      0.1021021021021021,
      0.07207207207207207,
      0.0990990990990991,
      0.14114114114114115,
      0.11711711711711711,
      0.11411411411411411,
      0.07507507507507508,
      0.06306306306306306,
      0.04504504504504504,
      0.021021021021021023,
      0.024024024024024024,
      0.009009009009009009,
      0.0,
      0.0,
      0.0,
      0.0,
      0.0,
      0.0,
      0.0,
      0.0,
      0.0,
      0.0,
      0.0,
      0.0,
      0.0,
      0.0,
      0.0,
      0.0,
      0.0,
      0.0,
      0.0
    ],
    "non_winners_density": [
      0.007559283421352387,
      0.01625763694729212,
      0.025577301439370405,
      0.031893962928445686,
      0.046805426115770946,
      0.06658382520451486,
      0.08170239204721963,
      0.1111111111111111,
      0.10997204100652376,
      0.10800455628041834,
      0.10137723930827379,
      0.08677643160401781,
      0.06420213316765042,
      0.046598322460391424,
      0.03551827689758724,
      0.022367194780987885,
      0.013979496738117428,
      0.011597804701252977,
      0.006730868799834317,
      0.0031065548306927616,
      0.001139070104587346,
      0.0005177591384487936,
      0.0006213109661385523,
      0.0,
      0.0,
      0.0,
      0.0,
      0.0,
      0.0,
      0.0,
      0.0,
      0.0,
      0.0
    ],
    "winners_count": [
      14,
      25,
      34,
      24,
      33,
      47,
      39,
      38,
      25,
      21,
      15,
      7,
      8,
      3,
      0,
      0,
      0,
      0,
      0,
      0,
      0,
      0,
      0,
      0,
      0,
      0,
      0,
      0,
      0,
      0,
      0,
      0,
      0
    ],
    "non_winners_count": [
      73,
      157,
      247,
      308,
      452,
      643,
      789,
      1073,
      1062,
      1043,
      979,
      838,
      620,
      450,
      343,
      216,
      135,
      112,
      65,
      30,
      11,
      5,
      6,
      0,
      0,
      0,
      0,
      0,
      0,
      0,
      0,
      0,
      0
    ],
    "winners_mean": 5.354354354354355,
    "non_winners_mean": 8.628663145904525
  },
  "Second Round": {
    "bin_center": [
      0.0,
      1.0,
      2.0,
      3.0,
      4.0,
      5.0,
      6.0,
      7.0,
      8.0,
      9.0,
      10.0,
      11.0,
      12.0,
      13.0,
      14.0,
      15.0,
      16.0
    ],
    "bin_start": [
      -0.5,
      0.5,
      1.5,
      2.5,
      3.5,
      4.5,
      5.5,
      6.5,
      7.5,
      8.5,
      9.5,
      10.5,
      11.5,
      12.5,
      13.5,
      14.5,
      15.5
    ],
    "bin_end": [
      0.5,
      1.5,
      2.5,
      3.5,
      4.5,
      5.5,
      6.5,
      7.5,
      8.5,
      9.5,
      10.5,
      11.5,
      12.5,
      13.5,
      14.5,
      15.5,
      16.5
    ],
    "winners_density": [
      0.04804804804804805,
      0.08108108108108109,
      0.1111111111111111,
      0.15315315315315314,
      0.10510510510510511,
      0.1981981981981982,
      0.13213213213213212,
      0.08108108108108109,
      0.05405405405405406,
      0.02702702702702703,
      0.006006006006006006,
      0.003003003003003003,
      0.0,
      0.0,
      0.0,
      0.0,
      0.0
    ],
    "non_winners_density": [
      0.009837423630527078,
      0.023195609402505955,
      0.03613958786372579,
      0.06378792585689137,
      0.08853681267474371,
      0.12840426633530083,
      0.13875944910427668,
      0.14051983017500258,
      0.12043077560318939,
      0.09692451071761417,
      0.06554830692761728,
      0.04473438956197577,
      0.02371336854095475,
      0.014083048565807187,
      0.0041420731075903485,
      0.0010355182768975871,
      0.00020710365537951746
    ],
    "winners_count": [
      16,
      27,
      37,
      51,
      35,
      66,
      44,
      27,
      18,
      9,
      2,
      1,
      0,
      0,
      0,
      0,
      0
    ],
    "non_winners_count": [
      95,
      224,
      349,
      616,
      855,
      1240,
      1340,
      1357,
      1163,
      936,
      633,
      432,
      229,
      136,
      40,
      10,
      2
    ],
    "winners_mean": 4.303303303303303,
    "non_winners_mean": 6.627006316661489
  },
  "Sweet 16": {
    "bin_center": [
      0.0,
      1.0,
      2.0,
      3.0,
      4.0,
      5.0,
      6.0,
      7.0,
      8.0
    ],
    "bin_start": [
      -0.5,
      0.5,
      1.5,
      2.5,
      3.5,
      4.5,
      5.5,
      6.5,
      7.5
    ],
    "bin_end": [
      0.5,
      1.5,
      2.5,
      3.5,
      4.5,
      5.5,
      6.5,
      7.5,
      8.5
    ],
    "winners_density": [
      0.08408408408408409,
      0.14714714714714713,
      0.16216216216216217,
      0.23723723723723725,
      0.1891891891891892,
      0.10810810810810811,
      0.06606606606606606,
      0.006006006006006006,
      0.0
    ],
    "non_winners_density": [
      0.017086051568810188,
      0.0391425908667288,
      0.0908149528839184,
      0.15263539401470436,
      0.21455938697318008,
      0.2094853474163819,
      0.16143729936833384,
      0.08936522729626178,
      0.025473749611680647
    ],
    "winners_count": [
      28,
      49,
      54,
      79,
      63,
      36,
      22,
      2,
      0
    ],
    "non_winners_count": [
      165,
      378,
      877,
      1474,
      2072,
      2023,
      1559,
      863,
      246
    ],
    "winners_mean": 2.918918918918919,
    "non_winners_mean": 4.382313347830589
  },
  "Elite 8": {
    "bin_center": [
      0.0,
      1.0,
      2.0,
      3.0,
      4.0
    ],
    "bin_start": [
      -0.5,
      0.5,
      1.5,
      2.5,
      3.5
    ],
    "bin_end": [
      0.5,
      1.5,
      2.5,
      3.5,
      4.5
    ],
    "winners_density": [
      0.16816816816816818,
      0.29429429429429427,
      0.2852852852852853,
      0.1891891891891892,
      0.06306306306306306
    ],
    "non_winners_density": [
      0.05125815470643057,
      0.16071243657450554,
      0.2818680749715233,
      0.31593662628145386,
      0.19022470746608677
    ],
    "winners_count": [
      56,
      98,
      95,
      63,
      21
    ],
    "non_winners_count": [
      495,
      1552,
      2722,
      3051,
      1837
    ],
    "winners_mean": 1.6846846846846846,
    "non_winners_mean": 2.433157295226261
  },