{
  "First Round": {
    "bin_center": [
      0.0,
      1.0,
      2.0,
      3.0,
      4.0,
      5.0,
      6.0,
      7.0,
      8.0,
      9.0,
      10.0,
      11.0,
      12.0,
      13.0,
      14.0,
      15.0,
      16.0,
      17.0,
      18.0,
      19.0,
      20.0,
      21.0,
      22.0,
      23.0,
      24.0,
      25.0,
      26.0,
      27.0,
      28.0,
      29.0,
      30.0,
      31.0,
      32.0
    ],
    "bin_start": [
      -0.5,
      0.5,
      1.5,
      2.5,
      3.5,
      4.5,
      5.5,
      6.5,
      7.5,
      8.5,
      9.5,
      10.5,
      11.5,
      12.5,
      13.5,
      14.5,
      15.5,
      16.5,
      17.5,
      18.5,
      19.5,
      20.5,
      21.5,
      22.5,
      23.5,
      24.5,
      25.5,
      26.5,
      27.5,
      28.5,
      29.5,
      30.5,
      31.5
    ],
    "bin_end": [
      0.5,
      1.5,
      2.5,
      3.5,
      4.5,
      5.5,
      6.5,
      7.5,
      8.5,
      9.5,
      10.5,
      11.5,
      12.5,
      13.5,
      14.5,
      15.5,
      16.5,
      17.5,
      18.5,
      19.5,
      20.5,
      21.5,
      22.5,
      23.5,
      24.5,
      25.5,
      26.5,
      27.5,
      28.5,
      29.5,
      30.5,
      31.5,
      32.5
    ],
    "winners_density": [
      0.06060606060606061,
      0.0,
      0.09090909090909091,
      0.09090909090909091,
      0.09090909090909091,
      0.21212121212121213,
      0.09090909090909091,
      0.18181818181818182,
      0.12121212121212122,
      0.06060606060606061,
      0.0,
      0.0,
      0.0,
      0.0,
      0.0,
      0.0,
      0.0,
      0.0,
      0.0,
      0.0,
      0.0,
      0.0,
      0.0,
      0.0,
      0.0,
      0.0,
      0.0,
      0.0,
      0.0,
      0.0,
      0.0,
      0.0,
      0.0
    ],
    "non_winners_density": [
      0.008359456635318705,
      0.022988505747126436,
      0.01671891327063741,
      0.03134796238244514,
      0.038662486938349006,
      0.06269592476489028,
      0.06374085684430512,
      0.11389759665621735,
      0.1180773249738767,
      0.10762800417972831,
      0.11285266457680251,
      0.09195402298850575,
      0.06583072100313479,
      0.0522466039707419,
      0.03239289446185998,
      0.022988505747126436,
      0.01671891327063741,
      0.011494252873563218,
      0.006269592476489028,
      0.003134796238244514,
      0.0,
      0.0,
      0.0,
      0.0,
      0.0,
      0.0,
      0.0,
      0.0,
      0.0,
      0.0,
      0.0,
      0.0,
      0.0
    ],
    "winners_count": [
      2,
      0,
      3,
      3,
      3,
      7,
      3,
      6,
      4,
      2,
      0,
      0,
      0,
      0,
      0,
      0,
      0,
      0,
      0,
      0,
      0,
      0,
      0,
      0,
      0,
      0,
      0,
      0,
      0,
      0,
      0,
      0,
      0
    ],
    "non_winners_count": [
      8,
      22,
      16,
      30,
      37,
      60,
      61,
      109,
      113,
      103,
      108,
      88,
      63,
      50,
      31,
      22,
      16,
      11,
      6,
      3,
      0,
      0,
      0,
      0,
      0,
      0,
      0,
      0,
      0,
      0,
      0,
      0,
      0
    ],
    "winners_mean": 5.212121212121212,
    "non_winners_mean": 8.754440961337513
  },
  "Second Round": {
    "bin_center": [
      0.0,
      1.0,
      2.0,
      3.0,
      4.0,
      5.0,
      6.0,
      7.0,
      8.0,
      9.0,
      10.0,
      11.0,
      12.0,
      13.0,
      14.0,
      15.0,
      16.0
    ],
    "bin_start": [
      -0.5,
      0.5,
      1.5,
      2.5,
      3.5,
      4.5,
      5.5,
      6.5,
      7.5,
      8.5,
      9.5,
      10.5,
      11.5,
      12.5,
      13.5,
      14.5,
      15.5
    ],
    "bin_end": [
      0.5,
      1.5,
      2.5,
      3.5,
      4.5,
      5.5,
      6.5,
      7.5,
      8.5,
      9.5,
      10.5,
      11.5,
      12.5,
      13.5,
      14.5,
      15.5,
      16.5
    ],
    "winners_density": [
      0.030303030303030304,
      0.15151515151515152,
      0.18181818181818182,
      0.06060606060606061,
      0.15151515151515152,
      0.24242424242424243,
      0.06060606060606061,
      0.030303030303030304,
      0.06060606060606061,
      0.0,
      0.030303030303030304,
      0.0,
      0.0,
      0.0,
      0.0,
      0.0,
      0.0
    ],
    "non_winners_density": [
      0.008359456635318705,
      0.02089864158829676,
      0.034482758620689655,
      0.05956112852664577,
      0.08986415882967608,
      0.11076280041797283,
      0.12852664576802508,
      0.15151515151515152,
      0.13375130616509928,
      0.10867293625914315,
      0.05851619644723093,
      0.05329153605015674,
      0.018808777429467086,
      0.013584117032392894,
      0.0073145245559038665,
      0.0020898641588296763,
      0.0
    ],
    "winners_count": [
      1,
      5,
      6,
      2,
      5,
      8,
      2,
      1,
      2,
      0,
      1,
      0,
      0,
      0,
      0,
      0,
      0
    ],
    "non_winners_count": [
      8,
      20,
      33,
      57,
      86,
      106,
      123,
      145,
      128,
      104,
      56,
      51,
      18,
      13,
      7,
      2,
      0
    ],
    "winners_mean": 3.878787878787879,
    "non_winners_mean": 6.769070010449321
  },
  "Sweet 16": {
    "bin_center": [
      0.0,
      1.0,
      2.0,
      3.0,
      4.0,
      5.0,
      6.0,
      7.0,
      8.0
    ],
    "bin_start": [
      -0.5,
      0.5,
      1.5,
      2.5,
      3.5,
      4.5,
      5.5,
      6.5,
      7.5
    ],
    "bin_end": [
      0.5,
      1.5,
      2.5,
      3.5,
      4.5,
      5.5,
      6.5,
      7.5,
      8.5
    ],
    "winners_density": [
      0.06060606060606061,
      0.09090909090909091,
      0.2727272727272727,
      0.24242424242424243,
      0.12121212121212122,
      0.21212121212121213,
      0.0,
      0.0,
      0.0
    ],
    "non_winners_density": [
      0.014629049111807733,
      0.04597701149425287,
      0.07628004179728318,
      0.14211076280041798,
      0.21839080459770116,
      0.23824451410658307,
      0.14211076280041798,
      0.0961337513061651,
      0.02612330198537095
    ],
    "winners_count": [
      2,
      3,
      9,
      8,
      4,
      7,
      0,
      0,
      0
    ],
    "non_winners_count": [
      14,
      44,
      73,
      136,
      209,
      228,
      136,
      92,
      25
    ],
    "winners_mean": 2.909090909090909,
    "non_winners_mean": 4.424242424242424
  },
  "Elite 8": {
    "bin_center": [
      0.0,
      1.0,
      2.0,
      3.0,
      4.0
    ],
    "bin_start": [
      -0.5,
      0.5,
      1.5,
      2.5,
      3.5
    ],
    "bin_end": [
      0.5,
      1.5,
      2.5,
      3.5,
      4.5
    ],
    "winners_density": [
      0.24242424242424243,
      0.30303030303030304,
      0.2727272727272727,
      0.15151515151515152,
      0.030303030303030304
    ],
    "non_winners_density": [
      0.047021943573667714,
      0.15151515151515152,
      0.2852664576802508,
      0.3051201671891327,
      0.2110762800417973
    ],
    "winners_count": [
      8,
      10,
      9,
      5,
      1
    ],
    "non_winners_count": [
      45,
      145,
      273,
      292,
      202
    ],
    "winners_mean": 1.4242424242424243,
    "non_winners_mean": 2.4817136886102404
  },
  "Total Upsets": {
    "bin_center": [
      0.0,
      1.0,
      2.0,
      3.0,
      4.0,
      5.0,
      6.0,
      7.0,
      8.0,
      9.0,
      10.0,
      11.0,
      12.0,
      13.0,
      14.0,
      15.0,
      16.0,
      17.0,
      18.0,
      19.0,
      20.0,
      21.0,
      22.0,
      23.0,
      24.0,
      25.0,
      26.0,
      27.0,
      28.0,
      29.0,
      30.0,
      31.0,
      32.0,
      33.0,
      34.0,
      35.0,
      36.0,
      37.0,
      38.0,
      39.0,
      40.0,
      41.0,
      42.0,
      43.0,
      44.0,
      45.0,
      46.0,
      47.0,
      48.0
    ],