{
  "First Round": {
    "bin_center": [
      0.0,
      1.0,
      2.0,
      3.0,
      4.0,
      5.0,
      6.0,
      7.0,
      8.0,
      9.0,
      10.0,
      11.0,
      12.0,
      13.0,
      14.0,
      15.0,
      16.0,
      17.0,
      18.0,
      19.0,
      20.0,
      21.0,
      22.0,
      23.0,
      24.0,
      25.0,
      26.0,
      27.0,
      28.0,
      29.0,
      30.0,
      31.0,
      32.0
    ],
    "bin_start": [
      -0.5,
      0.5,
      1.5,
      2.5,
      3.5,
      4.5,
      5.5,
      6.5,
      7.5,
      8.5,
      9.5,
      10.5,
      11.5,
      12.5,
      13.5,
      14.5,
      15.5,
      16.5,
      17.5,
      18.5,
      19.5,
      20.5,
      21.5,
      22.5,
      23.5,
      24.5,
      25.5,
      26.5,
      27.5,
      28.5,
      29.5,
      30.5,
      31.5
    ],
    "bin_end": [
      0.5,
      1.5,
      2.5,
      3.5,
      4.5,
      5.5,
      6.5,
      7.5,
      8.5,
      9.5,
      10.5,
      11.5,
      12.5,
      13.5,
      14.5,
      15.5,
      16.5,
      17.5,
      18.5,
      19.5,
      20.5,
      21.5,
      22.5,
      23.5,
      24.5,
      25.5,
      26.5,
      27.5,
      28.5,
      29.5,
      30.5,
      31.5,
      32.5
    ],
    "winners_density": [
      0.05,
      0.0,
      0.35,
      0.15,
      0.25,
      0.1,
      0.0,
      0.0,
      0.05,
      0.05,
      0.0,
      0.0,
      0.0,
      0.0,
      0.0,
      0.0,
      0.0,
      0.0,
      0.0,
      0.0,
      0.0,
      0.0,
      0.0,
      0.0,
      0.0,
      0.0,
      0.0,
      0.0,
      0.0,
      0.0,
      0.0,
      0.0,
      0.0
    ],
    "non_winners_density": [
      0.005172413793103448,
      0.01206896551724138,
      0.027586206896551724,
      0.034482758620689655,
      0.04310344827586207,
      0.07241379310344828,
      0.09655172413793103,
      0.1,
      0.10517241379310345,
      0.11896551724137931,
      0.09655172413793103,
      0.08103448275862069,
      0.07413793103448275,
      0.041379310344827586,
      0.02413793103448276,
      0.01896551724137931,
      0.01896551724137931,
      0.015517241379310345,
      0.01206896551724138,
      0.0017241379310344827,
      0.0,
      0.0,
      0.0,
      0.0,
      0.0,
      0.0,
      0.0,
      0.0,
      0.0,
      0.0,
      0.0,
      0.0,
      0.0
    ],
    "winners_count": [
      1,
      0,
      7,
      3,
      5,
      2,
      0,
      0,
      1,
      1,
      0,
      0,
      0,
      0,
      0,
      0,
      0,
      0,
      0,
      0,
      0,
      0,
      0,
      0,
      0,
      0,
      0,
      0,
      0,
      0,
      0,
      0,
      0
    ],
    "non_winners_count": [
      3,
      7,
      16,
      20,
      25,
      42,
      56,
      58,
      61,
      69,
      56,
      47,
      43,
      24,
      14,
      11,
      11,
      9,
      7,
      1,
      0,
      0,
      0,
      0,
      0,
      0,
      0,
      0,
      0,
      0,
      0,
      0,
      0
    ],
    "winners_mean": 3.5,
    "non_winners_mean": 8.620689655172415
  },
  "Second Round": {
    "bin_center": [
      0.0,
      1.0,
      2.0,
      3.0,
      4.0,
      5.0,
      6.0,
      7.0,
      8.0,
      9.0,
      10.0,
      11.0,
      12.0,
      13.0,
      14.0,
      15.0,
      16.0
    ],
    "bin_start": [
      -0.5,
      0.5,
      1.5,
      2.5,
      3.5,
      4.5,
      5.5,
      6.5,
      7.5,
      8.5,
      9.5,
      10.5,
      11.5,
      12.5,
      13.5,
      14.5,
      15.5
    ],
    "bin_end": [
      0.5,
      1.5,
      2.5,
      3.5,
      4.5,
      5.5,
      6.5,
      7.5,
      8.5,
      9.5,
      10.5,
      11.5,
      12.5,
      13.5,
      14.5,
      15.5,
      16.5
    ],
    "winners_density": [
      0.2,
      0.25,
      0.1,
      0.1,
      0.1,
      0.15,
      0.05,
      0.0,
      0.05,
      0.0,
      0.0,
      0.0,
      0.0,
      0.0,
      0.0,
      0.0,
      0.0
    ],
    "non_winners_density": [
      0.008620689655172414,
      0.017241379310344827,
      0.03620689655172414,
      0.06551724137931035,
      0.10344827586206896,
      0.1206896551724138,
      0.15344827586206897,
      0.13793103448275862,
      0.10689655172413794,
      0.09137931034482759,
      0.06551724137931035,
      0.04310344827586207,
      0.03103448275862069,
      0.010344827586206896,
      0.006896551724137931,
      0.0017241379310344827,
      0.0
    ],
    "winners_count": [
      4,
      5,
      2,
      2,
      2,
      3,
      1,
      0,
      1,
      0,
      0,
      0,
      0,
      0,
      0,
      0,
      0
    ],
    "non_winners_count": [
      5,
      10,
      21,
      38,
      60,
      70,
      89,
      80,
      62,
      53,
      38,
      25,
      18,
      6,
      4,
      1,
      0
    ],
    "winners_mean": 2.6,
    "non_winners_mean": 6.625862068965517
  },
  "Sweet 16": {
    "bin_center": [
      0.0,
      1.0,
      2.0,
      3.0,
      4.0,
      5.0,
      6.0,
      7.0,
      8.0
    ],
    "bin_start": [
      -0.5,
      0.5,
      1.5,
      2.5,
      3.5,
      4.5,
      5.5,
      6.5,
      7.5
    ],
    "bin_end": [
      0.5,
      1.5,
      2.5,
      3.5,
      4.5,
      5.5,
      6.5,
      7.5,
      8.5
    ],
    "winners_density": [
      0.3,
      0.1,
      0.3,
      0.0,
      0.25,
      0.05,
      0.0,
      0.0,
      0.0
    ],
    "non_winners_density": [
      0.027586206896551724,
      0.041379310344827586,
      0.10689655172413794,
      0.17413793103448275,
      0.19482758620689655,
      0.19310344827586207,
      0.15689655172413794,
      0.08275862068965517,
      0.022413793103448276
    ],
    "winners_count": [
      6,
      2,
      6,
      0,
      5,
      1,
      0,
      0,
      0
    ],
    "non_winners_count": [
      16,
      24,
      62,
      101,
      113,
      112,
      91,
      48,
      13
    ],
    "winners_mean": 1.95,
    "non_winners_mean": 4.222413793103448
  },
  "Elite 8": {
    "bin_center": [
      0.0,
      1.0,
      2.0,
      3.0,
      4.0
    ],
    "bin_start": [
      -0.5,
      0.5,
      1.5,
      2.5,
      3.5
    ],
    "bin_end": [
      0.5,
      1.5,
      2.5,
      3.5,
      4.5
    ],
    "winners_density": [
      0.2,
      0.4,
      0.3,
      0.05,
      0.05
    ],
    "non_winners_density": [
      0.06551724137931035,
      0.18448275862068966,
      0.27586206896551724,
      0.2982758620689655,
      0.17586206896551723
    ],
    "winners_count": [
      4,
      8,
      6,
      1,
      1
    ],
    "non_winners_count": [
      38,
      107,
      160,
      173,
      102
    ],
    "winners_mean": 1.35,
    "non_winners_mean": 2.3344827586206898
  },
  "Total Upsets": {
    "bin_center": [
      0.0,
      1.0,
      2.0,
      3.0,
      4.0,
      5.0,
      6.0,
      7.0,
      8.0,
      9.0,
      10.0,
      11.0,
      12.0,
      13.0,
      14.0,
      15.0,
      16.0,
      17.0,
      18.0,
      19.0,
      20.0,
      21.0,
      22.0,
      23.0,
      24.0,
      25.0,
      26.0,
      27.0,
      28.0,
      29.0,
      30.0,
      31.0,
      32.0,
      33.0,
      34.0,
      35.0,
      36.0,
      37.0,
      38.0,
      39.0,
      40.0,
      41.0,
      42.0,
      43.0,
      44.0,
      45.0,
      46.0,
      47.0
    ],
    "bin_start": [
      -0.5,
      0.5,
      1.5,
      2.5,
      3.5,
      4.5,
      5.5,
      6.5,
      7.5,
      8.5,
      9.5,
      10.5,
      11.5,
      12.5,
      13.5,
      14.5,
      15.5,
      16.5,
      17.5,
      18.5,
      19.5,
      20.5,
      21.5,
      22.5,
      23.5,
      24.5,
      25.5,
      26.5,
      27.5,
      28.5,
      29.5,
      30.5,
      31.5,
      32.5,
      33.5,
      34.5,
      35.5,
      36.5,
      37.5,
      38.5,
      39.5,
      40.5,
      41.5,
      42.5,
      43.5,
      44.5,
      45.5,
      46.5
    ],