{
  "First Round": {
    "bin_center": [
      0.0,
      1.0,
      2.0,
      3.0,
      4.0,
      5.0,
      6.0,
      7.0,
      8.0,
      9.0,
      10.0,
      11.0,
      12.0,
      13.0,
      14.0,
      15.0,
      16.0,
      17.0,
      18.0,
      19.0,
      20.0,
      21.0,
      22.0,
      23.0,
      24.0,
      25.0,
      26.0,
      27.0,
      28.0,
      29.0,
      30.0,
      31.0,
      32.0
    ],
    "bin_start": [
      -0.5,
      0.5,
      1.5,
      2.5,
      3.5,
      4.5,
      5.5,
      6.5,
      7.5,
      8.5,
      9.5,
      10.5,
      11.5,
      12.5,
      13.5,
      14.5,
      15.5,
      16.5,
      17.5,
      18.5,
      19.5,
      20.5,
      21.5,
      22.5,
      23.5,
      24.5,
      25.5,
      26.5,
      27.5,
      28.5,
      29.5,
      30.5,
      31.5
    ],
    "bin_end": [
      0.5,
      1.5,
      2.5,
      3.5,
      4.5,
      5.5,
      6.5,
      7.5,
      8.5,
      9.5,
      10.5,
      11.5,
      12.5,
      13.5,
      14.5,
      15.5,
      16.5,
      17.5,
      18.5,
      19.5,
      20.5,
      21.5,
      22.5,
      23.5,
      24.5,
      25.5,
      26.5,
      27.5,
      28.5,
      29.5,
      30.5,
      31.5,
      32.5
    ],
    "winners_density": [
      0.030303030303030304,
      0.12121212121212122,
      0.06060606060606061,
      0.06060606060606061,
      0.030303030303030304,
      0.18181818181818182,
      0.12121212121212122,
      0.15151515151515152,
      0.12121212121212122,
      0.06060606060606061,
      0.06060606060606061,
      0.0,
      0.0,
      0.0,
      0.0,
      0.0,
      0.0,
      0.0,
      0.0,
      0.0,
      0.0,
      0.0,
      0.0,
      0.0,
      0.0,
      0.0,
      0.0,
      0.0,
      0.0,
      0.0,
      0.0,
      0.0,
      0.0
    ],
    "non_winners_density": [
      0.008359456635318705,
      0.014629049111807733,
      0.024033437826541274,
      0.03239289446185998,
      0.04493207941483804,
      0.0741901776384535,
      0.0741901776384535,
      0.10240334378265413,
      0.11912225705329153,
      0.11703239289446186,
      0.10553814002089865,
      0.07836990595611286,
      0.06060606060606061,
      0.050156739811912224,
      0.038662486938349006,
      0.019853709508881923,
      0.017763845350052248,
      0.00522466039707419,
      0.0073145245559038665,
      0.0020898641588296763,
      0.0020898641588296763,
      0.0010449320794148381,
      0.0,
      0.0,
      0.0,
      0.0,
      0.0,
      0.0,
      0.0,
      0.0,
      0.0,
      0.0,
      0.0
    ],
    "winners_count": [
      1,
      4,
      2,
      2,
      1,
      6,
      4,
      5,
      4,
      2,
      2,
      0,
      0,
      0,
      0,
      0,
      0,
      0,
      0,
      0,
      0,
      0,
      0,
      0,
      0,
      0,
      0,
      0,
      0,
      0,
      0,
      0,
      0
    ],
    "non_winners_count": [
      8,
      14,
      23,
      31,
      43,
      71,
      71,
      98,
      114,
      112,
      101,
      75,
      58,
      48,
      37,
      19,
      17,
      5,
      7,
      2,
      2,
      1,
      0,
      0,
      0,
      0,
      0,
      0,
      0,
      0,
      0,
      0,
      0
    ],
    "winners_mean": 5.363636363636363,
    "non_winners_mean": 8.622779519331244
  },
  "Second Round": {
    "bin_center": [
      0.0,
      1.0,
      2.0,
      3.0,
      4.0,
      5.0,
      6.0,
      7.0,
      8.0,
      9.0,
      10.0,
      11.0,
      12.0,
      13.0,
      14.0,
      15.0,
      16.0
    ],
    "bin_start": [
      -0.5,
      0.5,
      1.5,
      2.5,
      3.5,
      4.5,
      5.5,
      6.5,
      7.5,
      8.5,
      9.5,
      10.5,
      11.5,
      12.5,
      13.5,
      14.5,
      15.5
    ],
    "bin_end": [
      0.5,
      1.5,
      2.5,
      3.5,
      4.5,
      5.5,
      6.5,
      7.5,
      8.5,
      9.5,
      10.5,
      11.5,
      12.5,
      13.5,
      14.5,
      15.5,
      16.5
    ],
    "winners_density": [
      0.030303030303030304,
      0.15151515151515152,
      0.21212121212121213,
      0.030303030303030304,
      0.12121212121212122,
      0.21212121212121213,
      0.21212121212121213,
      0.030303030303030304,
      0.0,
      0.0,
      0.0,
      0.0,
      0.0,
      0.0,
      0.0,
      0.0,
      0.0
    ],
    "non_winners_density": [
      0.013584117032392894,
      0.0219435736677116,
      0.04179728317659352,
      0.05956112852664577,
      0.09299895506792058,
      0.14315569487983282,
      0.14733542319749215,
      0.12643678160919541,
      0.11598746081504702,
      0.09404388714733543,
      0.07732497387669801,
      0.03134796238244514,
      0.019853709508881923,
      0.011494252873563218,
      0.003134796238244514,
      0.0,
      0.0
    ],
    "winners_count": [
      1,
      5,
      7,
      1,
      4,
      7,
      7,
      1,
      0,
      0,
      0,
      0,
      0,
      0,
      0,
      0,
      0
    ],
    "non_winners_count": [
      13,
      21,
      40,
      57,
      89,
      137,
      141,
      121,
      111,
      90,
      74,
      30,
      19,
      11,
      3,
      0,
      0
    ],
    "winners_mean": 3.696969696969697,
    "non_winners_mean": 6.464994775339603
  },
  "Sweet 16": {
    "bin_center": [
      0.0,
      1.0,
      2.0,
      3.0,
      4.0,
      5.0,
      6.0,
      7.0,
      8.0
    ],
    "bin_start": [
      -0.5,
      0.5,
      1.5,
      2.5,
      3.5,
      4.5,
      5.5,
      6.5,
      7.5
    ],
    "bin_end": [
      0.5,
      1.5,
      2.5,
      3.5,
      4.5,
      5.5,
      6.5,
      7.5,
      8.5
    ],
    "winners_density": [
      0.15151515151515152,
      0.030303030303030304,
      0.18181818181818182,
      0.24242424242424243,
      0.21212121212121213,
      0.15151515151515152,
      0.0,
      0.0,
      0.030303030303030304
    ],
    "non_winners_density": [
      0.01671891327063741,
      0.04806687565308255,
      0.09404388714733543,
      0.15151515151515152,
      0.2110762800417973,
      0.19958202716823406,
      0.1724137931034483,
      0.08150470219435736,
      0.025078369905956112
    ],
    "winners_count": [
      5,
      1,
      6,
      8,
      7,
      5,
      0,
      0,
      1
    ],
    "non_winners_count": [
      16,
      46,
      90,
      145,
      202,
      191,
      165,
      78,
      24
    ],
    "winners_mean": 2.9696969696969697,
    "non_winners_mean": 4.338557993730408
  },
  "Elite 8": {
    "bin_center": [
      0.0,
      1.0,
      2.0,
      3.0,
      4.0
    ],
    "bin_start": [
      -0.5,
      0.5,
      1.5,
      2.5,
      3.5
    ],
    "bin_end": [
      0.5,
      1.5,
      2.5,
      3.5,
      4.5
    ],
    "winners_density": [
      0.21212121212121213,
      0.36363636363636365,
      0.2727272727272727,
      0.12121212121212122,
      0.030303030303030304
    ],
    "non_winners_density": [
      0.054336468129571575,
      0.15673981191222572,
      0.30303030303030304,
      0.3176593521421108,
      0.16823406478578892
    ],
    "winners_count": [
      7,
      12,
      9,
      4,
      1
    ],
    "non_winners_count": [
      52,
      150,
      290,
      304,
      161
    ],
    "winners_mean": 1.393939393939394,
    "non_winners_mean": 2.3887147335423196
  },