round,mean_madness,std_madness
First Round,14.145642552689953,2.310874914927724
Second Round,8.24175612981839,1.6740684119779576
Sweet 16,4.379148227356481,0.7725789844523849
Elite 8,2.271943089954565,0.6093020871954169
Final Four,1.141999091364298,0.3833242586444522
Championship,0.5265252016349968,0.18931091275904785
