round,mean_madness,std_madness
First Round,14.333155313758201,2.527192484248842
Second Round,8.315074429261774,1.4924185723916796
Sweet 16,4.505715097423233,0.9608283746151145
Elite 8,2.265972510275968,0.6222127335104578
Final Four,0.9504499680341103,0.38752526446669683
Championship,0.6046897019081823,0.24534798646000103
