round,mean_madness,std_madness
First Round,14.520123415619572,2.8037573842006243
Second Round,8.159227503779448,1.7761990486746284
Sweet 16,4.87783380656916,1.0665160798270426
Elite 8,2.320536256467632,0.679659914782722
Final Four,0.8296702023468887,0.30523798453614925
Championship,0.6225204136712742,0.1890617648123398
