round,mean_madness,std_madness,losers_mean_madness,losers_std_madness
First Round,14.061856169239059,2.301429655407916,17.60984413171991,4.80167721220788
Second Round,8.217009522074436,1.4949969388239288,9.419018876650368,2.1141851658488484
Sweet 16,4.434570683529524,0.7937869601691726,4.943501094973556,1.2595535090107095
Elite 8,2.0288735833540024,0.36614875521385776,2.482952114857108,0.8131848366400426
Final Four,1.1856250071580767,0.4368105574673252,1.26792854163362,0.5857621744273538
Championship,0.5604988353621828,0.1876139252388857,0.6545111131466651,0.37467657986448044
