round,mean_madness,std_madness
First Round,14.144732637400622,2.504055088474762
Second Round,8.26254905133287,1.5548074923676027
Sweet 16,4.570739919813327,0.9736808816419789
Elite 8,2.250324510909515,0.6103086390844228
Final Four,1.0682367965374282,0.38639061525190144
Championship,0.6269068141211536,0.26733913475508675
