round,max_advantage_upsets,max_advantage,max_density_upsets,mode_upsets,mean_upsets,std_upsets,num_pools
First Round,5.0,0.14942528735632185,5.0,5.0,5.212121212121212,2.3710063808507336,33
Second Round,2.0,0.14733542319749215,5.0,5.0,3.878787878787879,2.3323492611992553,33
Sweet 16,2.0,0.19644723092998953,2.0,2.0,2.909090909090909,1.4639845247492318,33
Elite 8,0.0,0.19540229885057472,1.0,1.0,1.4242424242424243,1.1017975128907784,33
Final Four,,,,0.0,0.5454545454545454,0.6657190234489458,33
Championship,,,,0.0,0.12121212121212122,0.33143398263980844,33
Total Upsets,11.0,0.10762800417972831,11.0,11.0,14.090909090909092,6.7075879075260785,33
