round,max_advantage_upsets,max_advantage,max_density_upsets,mode_upsets,mean_upsets,std_upsets,num_pools
First Round,0.0,0.08045977011494253,6.0,6.0,5.636363636363637,3.3917742011232055,33
Second Round,3.0,0.09090909090909091,5.0,5.0,4.575757575757576,2.3488269545546787,33
Sweet 16,1.0,0.2476489028213166,1.0,1.0,3.0303030303030303,1.7664353505199604,33
Elite 8,0.0,0.1588296760710554,2.0,2.0,1.5454545454545454,1.1305914003744018,33
Final Four,,,,0.0,0.3939393939393939,0.6585682358056157,33
Championship,,,,0.0,0.15151515151515152,0.36410954062720957,33
Total Upsets,9.0,0.07628004179728318,9.0,9.0,15.333333333333334,7.752484124524867,33
