round,max_advantage_upsets,max_advantage,max_density_upsets,mode_upsets,mean_upsets,std_upsets,losers_mean_upsets,losers_std_upsets,num_pools
First Round,5.0,0.10762800417972833,5.0,5.0,5.363636363636363,2.7723546694503467,8.622779519331244,3.6303641400586533,33
Second Round,2.0,0.17032392894461862,2.0,2.0,3.696969696969697,1.9921793835022548,6.464994775339603,2.734522766341199,33
Sweet 16,0.0,0.13479623824451412,3.0,3.0,2.9696969696969697,1.8004182760621754,4.338557993730408,1.7712162815478567,33
Elite 8,1.0,0.20689655172413793,1.0,1.0,1.393939393939394,1.042706092974864,2.3887147335423196,1.1016270474361556,33
Final Four,,,,0.0,0.5151515151515151,0.565752381856018,1.0219435736677116,0.7501578969652238,33
Championship,,,,0.0,0.15151515151515152,0.36410954062720957,0.4315569487983281,0.49529339662689353,33
Total Upsets,22.0,0.0658307210031348,22.0,22.0,14.090909090909092,6.912279965761577,23.268547544409614,8.602688656597289,33
