round,max_advantage_upsets,max_advantage,max_density_upsets,mode_upsets,mean_upsets,std_upsets,num_pools
First Round,3.0,0.09992751372061717,3.0,3.0,5.273273273273273,3.0815405706699823,333
Second Round,1.0,0.097856477166822,4.0,4.0,4.057057057057057,2.3531436489896933,333
Sweet 16,1.0,0.10158434296365329,3.0,3.0,3.015015015015015,1.788287657934902,333
Elite 8,0.0,0.12933623278450865,2.0,2.0,1.7177177177177176,1.189879073101549,333
Final Four,,,,0.0,0.6456456456456456,0.7201618505046261,333
Championship,,,,0.0,0.24324324324324326,0.42968641303405936,333
Total Upsets,6.0,0.03779641710676193,15.0,15.0,14.951951951951951,7.657305532739008,333
