round,max_advantage_upsets,max_advantage,max_density_upsets,mode_upsets,mean_upsets,std_upsets,num_pools
First Round,2.0,0.0765248006627317,5.0,5.0,5.354354354354355,3.054158876843764,333
Second Round,3.0,0.08936522729626177,5.0,5.0,4.303303303303303,2.316131162663669,333
Sweet 16,1.0,0.10800455628041833,3.0,3.0,2.918918918918919,1.6772732866502533,333
Elite 8,1.0,0.13358185771978873,1.0,1.0,1.6846846846846846,1.144108675054958,333
Final Four,,,,0.0,0.6006006006006006,0.6895953935947572,333
Championship,,,,0.0,0.1921921921921922,0.3946162528929697,333
Total Upsets,17.0,0.03572538055296676,17.0,17.0,15.054054054054054,7.504358498736494,333
