{
  "First Round": {
    "bin_center": [
      0.0,
      1.0,
      2.0,
      3.0,
      4.0,
      5.0,
      6.0,
      7.0,
      8.0,
      9.0,
      10.0,
      11.0,
      12.0,
      13.0,
      14.0,
      15.0,
      16.0,
      17.0,
      18.0,
      19.0,
      20.0,
      21.0,
      22.0,
      23.0,
      24.0,
      25.0,
      26.0,
      27.0,
      28.0,
      29.0,
      30.0,
      31.0,
      32.0
    ],
    "bin_start": [
      -0.5,
      0.5,
      1.5,
      2.5,
      3.5,
      4.5,
      5.5,
      6.5,
      7.5,
      8.5,
      9.5,
      10.5,
      11.5,
      12.5,
      13.5,
      14.5,
      15.5,
      16.5,
      17.5,
      18.5,
      19.5,
      20.5,
      21.5,
      22.5,
      23.5,
      24.5,
      25.5,
      26.5,
      27.5,
      28.5,
      29.5,
      30.5,
      31.5
    ],
    "bin_end": [
      0.5,
      1.5,
      2.5,
      3.5,
      4.5,
      5.5,
      6.5,
      7.5,
      8.5,
      9.5,
      10.5,
      11.5,
      12.5,
      13.5,
      14.5,
      15.5,
      16.5,
      17.5,
      18.5,
      19.5,
      20.5,
      21.5,
      22.5,
      23.5,
      24.5,
      25.5,
      26.5,
      27.5,
      28.5,
      29.5,
      30.5,
      31.5,
      32.5
    ],
    "winners_density": [
      0.09090909090909091,
      0.06060606060606061,
      0.12121212121212122,
      0.15151515151515152,
      0.21212121212121213,
      0.09090909090909091,
      0.06060606060606061,
      0.09090909090909091,
      0.06060606060606061,
      0.06060606060606061,
      0.0,
      0.0,
      0.0,
      0.0,
      0.0,
      0.0,
      0.0,
      0.0,
      0.0,
      0.0,
      0.0,
      0.0,
      0.0,
      0.0,
      0.0,
      0.0,
      0.0,
      0.0,
      0.0,
      0.0,
      0.0,
      0.0,
      0.0
    ],
    "non_winners_density": [
      0.00522466039707419,
      0.009404388714733543,
      0.025078369905956112,
      0.04075235109717868,
      0.0522466039707419,
      0.054336468129571575,
      0.08881922675026123,
      0.11598746081504702,
      0.10867293625914315,
      0.10867293625914315,
      0.07732497387669801,
      0.07732497387669801,
      0.07314524555903866,
      0.06583072100313479,
      0.05642633228840126,
      0.013584117032392894,
      0.012539184952978056,
      0.009404388714733543,
      0.0020898641588296763,
      0.0020898641588296763,
      0.0010449320794148381,
      0.0,
      0.0,
      0.0,
      0.0,
      0.0,
      0.0,
      0.0,
      0.0,
      0.0,
      0.0,
      0.0,
      0.0
    ],
    "winners_count": [
      3,
      2,
      4,
      5,
      7,
      3,
      2,
      3,
      2,
      2,
      0,
      0,
      0,
      0,
      0,
      0,
      0,
      0,
      0,
      0,
      0,
      0,
      0,
      0,
      0,
      0,
      0,
      0,
      0,
      0,
      0,
      0,
      0
    ],
    "non_winners_count": [
      5,
      9,
      24,
      39,
      50,
      52,
      85,
      111,
      104,
      104,
      74,
      74,
      70,
      63,
      54,
      13,
      12,
      9,
      2,
      2,
      1,
      0,
      0,
      0,
      0,
      0,
      0,
      0,
      0,
      0,
      0,
      0,
      0
    ],
    "winners_mean": 4.090909090909091,
    "non_winners_mean": 8.664576802507836
  },
  "Second Round": {
    "bin_center": [
      0.0,
      1.0,
      2.0,
      3.0,
      4.0,
      5.0,
      6.0,
      7.0,
      8.0,
      9.0,
      10.0,
      11.0,
      12.0,
      13.0,
      14.0,
      15.0,
      16.0
    ],
    "bin_start": [
      -0.5,
      0.5,
      1.5,
      2.5,
      3.5,
      4.5,
      5.5,
      6.5,
      7.5,
      8.5,
      9.5,
      10.5,
      11.5,
      12.5,
      13.5,
      14.5,
      15.5
    ],
    "bin_end": [
      0.5,
      1.5,
      2.5,
      3.5,
      4.5,
      5.5,
      6.5,
      7.5,
      8.5,
      9.5,
      10.5,
      11.5,
      12.5,
      13.5,
      14.5,
      15.5,
      16.5
    ],
    "winners_density": [
      0.15151515151515152,
      0.09090909090909091,
      0.18181818181818182,
      0.30303030303030304,
      0.09090909090909091,
      0.09090909090909091,
      0.06060606060606061,
      0.030303030303030304,
      0.0,
      0.0,
      0.0,
      0.0,
      0.0,
      0.0,
      0.0,
      0.0,
      0.0
    ],
    "non_winners_density": [
      0.009404388714733543,
      0.04075235109717868,
      0.042842215256008356,
      0.07836990595611286,
      0.10031347962382445,
      0.12539184952978055,
      0.1619644723092999,
      0.15464994775339602,
      0.08150470219435736,
      0.0794148380355277,
      0.05329153605015674,
      0.03657262277951933,
      0.025078369905956112,
      0.006269592476489028,
      0.0041797283176593526,
      0.0,
      0.0
    ],
    "winners_count": [
      5,
      3,
      6,
      10,
      3,
      3,
      2,
      1,
      0,
      0,
      0,
      0,
      0,
      0,
      0,
      0,
      0
    ],
    "non_winners_count": [
      9,
      39,
      41,
      75,
      96,
      120,
      155,
      148,
      78,
      76,
      51,
      35,
      24,
      6,
      4,
      0,
      0
    ],
    "winners_mean": 2.757575757575758,
    "non_winners_mean": 6.187042842215256
  },
  "Sweet 16": {
    "bin_center": [
      0.0,
      1.0,
      2.0,
      3.0,
      4.0,
      5.0,
      6.0,
      7.0,
      8.0
    ],
    "bin_start": [
      -0.5,
      0.5,
      1.5,
      2.5,
      3.5,
      4.5,
      5.5,
      6.5,
      7.5
    ],
    "bin_end": [
      0.5,
      1.5,
      2.5,
      3.5,
      4.5,
      5.5,
      6.5,
      7.5,
      8.5
    ],
    "winners_density": [
      0.24242424242424243,
      0.21212121212121213,
      0.18181818181818182,
      0.15151515151515152,
      0.12121212121212122,
      0.030303030303030304,
      0.030303030303030304,
      0.030303030303030304,
      0.0
    ],
    "non_winners_density": [
      0.027168234064785787,
      0.055381400208986416,
      0.12016718913270637,
      0.17345872518286312,
      0.22361546499477533,
      0.18704284221525602,
      0.13061650992685475,
      0.06896551724137931,
      0.013584117032392894
    ],
    "winners_count": [
      8,
      7,
      6,
      5,
      4,
      1,
      1,
      1,
      0
    ],
    "non_winners_count": [
      26,
      53,
      115,
      166,
      214,
      179,
      125,
      66,
      13
    ],
    "winners_mean": 2.0606060606060606,
    "non_winners_mean": 4.020898641588297
  },
  "Elite 8": {
    "bin_center": [
      0.0,
      1.0,
      2.0,
      3.0,
      4.0
    ],
    "bin_start": [
      -0.5,
      0.5,
      1.5,
      2.5,
      3.5
    ],
    "bin_end": [
      0.5,
      1.5,
      2.5,
      3.5,
      4.5
    ],
    "winners_density": [
      0.3333333333333333,
      0.2727272727272727,
      0.18181818181818182,
      0.15151515151515152,
      0.06060606060606061
    ],
    "non_winners_density": [
      0.06583072100313479,
      0.18286311389759666,
      0.27586206896551724,
      0.3155694879832811,
      0.15987460815047022
    ],
    "winners_count": [
      11,
      9,
      6,
      5,
      2
    ],
    "non_winners_count": [
      63,
      175,
      264,
      302,
      153
    ],
    "winners_mean": 1.3333333333333333,
    "non_winners_mean": 2.3207941483803554
  },
  "Total Upsets": {
    "bin_center": [
      0.0,
      1.0,
      2.0,
      3.0,
      4.0,
      5.0,
      6.0,
      7.0,
      8.0,
      9.0,
      10.0,
      11.0,
      12.0,
      13.0,
      14.0,
      15.0,
      16.0,
      17.0,
      18.0,
      19.0,
      20.0,
      21.0,
      22.0,
      23.0,
      24.0,
      25.0,
      26.0,
      27.0,
      28.0,
      29.0,
      30.0,
      31.0,
      32.0,
      33.0,
      34.0,
      35.0,
      36.0,
      37.0,
      38.0,
      39.0,
      40.0,
      41.0,
      42.0,
      43.0,
      44.0,
      45.0,
      46.0
    ],