round,mean_madness,std_madness
First Round,13.593332252044082,1.7935141742179013
Second Round,7.213216866419019,0.9498339302698171
Sweet 16,4.277621740089227,1.0868583390730406
Elite 8,2.1938310653269313,0.651595594936485
Final Four,1.175876329057822,0.2274112824042937
Championship,0.5859210622368158,0.17246364673913653
