round,max_advantage_upsets,max_advantage,max_density_upsets,mode_upsets,mean_upsets,std_upsets,num_pools
First Round,4.0,0.15987460815047022,4.0,4.0,4.090909090909091,2.5028908905338554,33
Second Round,3.0,0.22466039707419017,3.0,3.0,2.757575757575758,1.826244748281135,33
Sweet 16,0.0,0.21525600835945663,0.0,0.0,2.0606060606060606,1.8247356627060118,33
Elite 8,0.0,0.2675026123301985,0.0,0.0,1.3333333333333333,1.247219128924647,33
Final Four,,,,0.0,0.45454545454545453,0.6169941800226466,33
Championship,,,,0.0,0.09090909090909091,0.2919371040605711,33
Total Upsets,10.0,0.10344827586206896,10.0,10.0,10.787878787878787,6.731912132151206,33
