{
  "First Round": {
    "bin_center": [
      0.0,
      1.0,
      2.0,
      3.0,
      4.0,
      5.0,
      6.0,
      7.0,
      8.0,
      9.0,
      10.0,
      11.0,
      12.0,
      13.0,
      14.0,
      15.0,
      16.0,
      17.0,
      18.0,
      19.0,
      20.0,
      21.0,
      22.0,
      23.0,
      24.0,
      25.0,
      26.0,
      27.0,
      28.0,
      29.0,
      30.0,
      31.0,
      32.0
    ],
    "bin_start": [
      -0.5,
      0.5,
      1.5,
      2.5,
      3.5,
      4.5,
      5.5,
      6.5,
      7.5,
      8.5,
      9.5,
      10.5,
      11.5,
      12.5,
      13.5,
      14.5,
      15.5,
      16.5,
      17.5,
      18.5,
      19.5,
      20.5,
      21.5,
      22.5,
      23.5,
      24.5,
      25.5,
      26.5,
      27.5,
      28.5,
      29.5,
      30.5,
      31.5
    ],
    "bin_end": [
      0.5,
      1.5,
      2.5,
      3.5,
      4.5,
      5.5,
      6.5,
      7.5,
      8.5,
      9.5,
      10.5,
      11.5,
      12.5,
      13.5,
      14.5,
      15.5,
      16.5,
      17.5,
      18.5,
      19.5,
      20.5,
      21.5,
      22.5,
      23.5,
      24.5,
      25.5,
      26.5,
      27.5,
      28.5,
      29.5,
      30.5,
      31.5,
      32.5
    ],
    "winners_density": [
      0.005,
      0.015,
      0.035,
      0.04,
      0.08,
      0.08,
      0.095,
      0.15,
      0.12,
      0.085,
      0.09,
      0.065,
      0.075,
      0.02,
      0.025,
      0.01,
      0.01,
      0.0,
      0.0,
      0.0,
      0.0,
      0.0,
      0.0,
      0.0,
      0.0,
      0.0,
      0.0,
      0.0,
      0.0,
      0.0,
      0.0,
      0.0,
      0.0
    ],
    "non_winners_density": [
      0.003775510204081633,
      0.009693877551020408,
      0.01663265306122449,
      0.02153061224489796,
      0.03173469387755102,
      0.044897959183673466,
      0.0626530612244898,
      0.0823469387755102,
      0.0913265306122449,
      0.1076530612244898,
      0.115,
      0.10561224489795919,
      0.09428571428571429,
      0.07397959183673469,
      0.05408163265306123,
      0.036326530612244896,
      0.021122448979591837,
      0.013469387755102041,
      0.007142857142857143,
      0.003061224489795918,
      0.002346938775510204,
      0.0012244897959183673,
      0.0,
      0.00010204081632653062,
      0.0,
      0.0,
      0.0,
      0.0,
      0.0,
      0.0,
      0.0,
      0.0,
      0.0
    ],
    "winners_count": [
      1,
      3,
      7,
      8,
      16,
      16,
      19,
      30,
      24,
      17,
      18,
      13,
      15,
      4,
      5,
      2,
      2,
      0,
      0,
      0,
      0,
      0,
      0,
      0,
      0,
      0,
      0,
      0,
      0,
      0,
      0,
      0,
      0
    ],
    "non_winners_count": [
      37,
      95,
      163,
      211,
      311,
      440,
      614,
      807,
      895,
      1055,
      1127,
      1035,
      924,
      725,
      530,
      356,
      207,
      132,
      70,
      30,
      23,
      12,
      0,
      1,
      0,
      0,
      0,
      0,
      0,
      0,
      0,
      0,
      0
    ],
    "winners_mean": 7.705,
    "non_winners_mean": 9.646428571428572
  },
  "Second Round": {
    "bin_center": [
      0.0,
      1.0,
      2.0,
      3.0,
      4.0,
      5.0,
      6.0,
      7.0,
      8.0,
      9.0,
      10.0,
      11.0,
      12.0,
      13.0,
      14.0,
      15.0,
      16.0
    ],
    "bin_start": [
      -0.5,
      0.5,
      1.5,
      2.5,
      3.5,
      4.5,
      5.5,
      6.5,
      7.5,
      8.5,
      9.5,
      10.5,
      11.5,
      12.5,
      13.5,
      14.5,
      15.5
    ],
    "bin_end": [
      0.5,
      1.5,
      2.5,
      3.5,
      4.5,
      5.5,
      6.5,
      7.5,
      8.5,
      9.5,
      10.5,
      11.5,
      12.5,
      13.5,
      14.5,
      15.5,
      16.5
    ],
    "winners_density": [
      0.005,
      0.035,
      0.04,
      0.115,
      0.085,
      0.13,
      0.17,
      0.18,
      0.115,
      0.075,
      0.04,
      0.01,
      0.0,
      0.0,
      0.0,
      0.0,
      0.0
    ],
    "non_winners_density": [
      0.004897959183673469,
      0.01193877551020408,
      0.02122448979591837,
      0.037959183673469385,
      0.05551020408163265,
      0.09326530612244897,
      0.12571428571428572,
      0.14653061224489797,
      0.14795918367346939,
      0.1320408163265306,
      0.09938775510204081,
      0.06275510204081633,
      0.037142857142857144,
      0.017040816326530612,
      0.004795918367346939,
      0.0016326530612244899,
      0.00020408163265306123
    ],
    "winners_count": [
      1,
      7,
      8,
      23,
      17,
      26,
      34,
      36,
      23,
      15,
      8,
      2,
      0,
      0,
      0,
      0,
      0
    ],
    "non_winners_count": [
      48,
      117,
      208,
      372,
      544,
      914,
      1232,
      1436,
      1450,
      1294,
      974,
      615,
      364,
      167,
      47,
      16,
      2
    ],
    "winners_mean": 5.835,
    "non_winners_mean": 7.455
  },
  "Sweet 16": {
    "bin_center": [
      0.0,
      1.0,
      2.0,
      3.0,
      4.0,
      5.0,
      6.0,
      7.0,
      8.0
    ],
    "bin_start": [
      -0.5,
      0.5,
      1.5,
      2.5,
      3.5,
      4.5,
      5.5,
      6.5,
      7.5
    ],
    "bin_end": [
      0.5,
      1.5,
      2.5,
      3.5,
      4.5,
      5.5,
      6.5,
      7.5,
      8.5
    ],
    "winners_density": [
      0.05,
      0.075,
      0.16,
      0.305,
      0.235,
      0.13,
      0.04,
      0.005,
      0.0
    ],
    "non_winners_density": [
      0.01683673469387755,
      0.05,
      0.10622448979591836,
      0.17285714285714285,
      0.21622448979591838,
      0.2045918367346939,
      0.145,
      0.06857142857142857,
      0.01969387755102041
    ],
    "winners_count": [
      10,
      15,
      32,
      61,
      47,
      26,
      8,
      1,
      0
    ],
    "non_winners_count": [
      165,
      490,
      1041,
      1694,
      2119,
      2005,
      1421,
      672,
      193
    ],
    "winners_mean": 3.175,
    "non_winners_mean": 4.176428571428572
  },
  "Elite 8": {
    "bin_center": [
      0.0,
      1.0,
      2.0,
      3.0,
      4.0
    ],
    "bin_start": [
      -0.5,
      0.5,
      1.5,
      2.5,
      3.5
    ],
    "bin_end": [
      0.5,
      1.5,
      2.5,
      3.5,
      4.5
    ],
    "winners_density": [
      0.065,
      0.19,
      0.41,
      0.26,
      0.075
    ],
    "non_winners_density": [
      0.03316326530612245,
      0.1233673469387755,
      0.2876530612244898,
      0.3551020408163265,
      0.2007142857142857
    ],
    "winners_count": [
      13,
      38,
      82,
      52,
      15
    ],
    "non_winners_count": [
      325,
      1209,
      2819,
      3480,
      1967
    ],
    "winners_mean": 2.09,
    "non_winners_mean": 2.5668367346938776
  },
  "Total Upsets": {
    "bin_center": [
      0.0,
      1.0,
      2.0,
      3.0,
      4.0,
      5.0,
      6.0,
      7.0,
      8.0,
      9.0,
      10.0,
      11.0,
      12.0,
      13.0,
      14.0,
      15.0,
      16.0,
      17.0,
      18.0,
      19.0,
      20.0,
      21.0,
      22.0,
      23.0,
      24.0,
      25.0,
      26.0,
      27.0,
      28.0,
      29.0,
      30.0,
      31.0,
      32.0,
      33.0,
      34.0,
      35.0,
      36.0,
      37.0,
      38.0,
      39.0,
      40.0,
      41.0,
      42.0,
      43.0,
      44.0,
      45.0,
      46.0,
      47.0,
      48.0,
      49.0,
      50.0,
      51.0
    ],