round,mean_madness,std_madness
First Round,14.345452505817132,2.8882896801358537
Second Round,8.431363086888679,1.3467248461598575
Sweet 16,4.067514298952926,1.1132341953576816
Elite 8,2.003976817266335,0.5048338268553271
Final Four,1.2863615224362657,0.4705514997279643
Championship,0.5590449077439341,0.22041103599253092
