round,mean_madness,std_madness
First Round,14.044374697534085,2.2177447558051573
Second Round,8.069297157140467,1.1973811108561194
Sweet 16,4.241136083896208,0.8089158749063358
Elite 8,2.2598966057986116,0.6632353408136039
Final Four,1.2009651204985272,0.3156850142246479
Championship,0.6146937438008108,0.2906727292016957
