round,max_advantage_upsets,max_advantage,max_density_upsets,mode_upsets,mean_upsets,std_upsets,num_pools
First Round,3.0,0.225,3.0,3.0,5.425,2.6446880723442603,40
Second Round,1.0,0.11875,6.0,6.0,3.725,2.109354166563785,40
Sweet 16,0.0,0.175,2.0,2.0,2.4,1.57797338380595,40
Elite 8,1.0,0.29375,1.0,1.0,1.575,1.0928746497197197,40
Final Four,,,,0.0,0.625,0.7048367696104338,40
Championship,,,,0.0,0.25,0.4385290096535146,40
Total Upsets,8.0,0.06874999999999999,8.0,8.0,14.0,6.767569726275452,40
