{
  "First Round": {
    "bin_center": [
      0.0,
      1.0,
      2.0,
      3.0,
      4.0,
      5.0,
      6.0,
      7.0,
      8.0,
      9.0,
      10.0,
      11.0,
      12.0,
      13.0,
      14.0,
      15.0,
      16.0,
      17.0,
      18.0,
      19.0,
      20.0,
      21.0,
      22.0,
      23.0,
      24.0,
      25.0,
      26.0,
      27.0,
      28.0,
      29.0,
      30.0,
      31.0,
      32.0
    ],
    "bin_start": [
      -0.5,
      0.5,
      1.5,
      2.5,
      3.5,
      4.5,
      5.5,
      6.5,
      7.5,
      8.5,
      9.5,
      10.5,
      11.5,
      12.5,
      13.5,
      14.5,
      15.5,
      16.5,
      17.5,
      18.5,
      19.5,
      20.5,
      21.5,
      22.5,
      23.5,
      24.5,
      25.5,
      26.5,
      27.5,
      28.5,
      29.5,
      30.5,
      31.5
    ],
    "bin_end": [
      0.5,
      1.5,
      2.5,
      3.5,
      4.5,
      5.5,
      6.5,
      7.5,
      8.5,
      9.5,
      10.5,
      11.5,
      12.5,
      13.5,
      14.5,
      15.5,
      16.5,
      17.5,
      18.5,
      19.5,
      20.5,
      21.5,
      22.5,
      23.5,
      24.5,
      25.5,
      26.5,
      27.5,
      28.5,
      29.5,
      30.5,
      31.5,
      32.5
    ],
    "winners_density": [
      0.1,
      0.16,
      0.08,
      0.16,
      0.04,
      0.14,
      0.12,
      0.08,
      0.08,
      0.0,
      0.0,
      0.02,
      0.02,
      0.0,
      0.0,
      0.0,
      0.0,
      0.0,
      0.0,
      0.0,
      0.0,
      0.0,
      0.0,
      0.0,
      0.0,
      0.0,
      0.0,
      0.0,
      0.0,
      0.0,
      0.0,
      0.0,
      0.0
    ],
    "non_winners_density": [
      0.009473684210526316,
      0.018947368421052633,
      0.015789473684210527,
      0.029473684210526315,
      0.04421052631578947,
      0.07368421052631578,
      0.08210526315789474,
      0.0968421052631579,
      0.12526315789473685,
      0.10421052631578948,
      0.10631578947368421,
      0.07368421052631578,
      0.06315789473684211,
      0.049473684210526316,
      0.04105263157894737,
      0.022105263157894735,
      0.021052631578947368,
      0.010526315789473684,
      0.003157894736842105,
      0.008421052631578947,
      0.0010526315789473684,
      0.0,
      0.0,
      0.0,
      0.0,
      0.0,
      0.0,
      0.0,
      0.0,
      0.0,
      0.0,
      0.0,
      0.0
    ],
    "winners_count": [
      5,
      8,
      4,
      8,
      2,
      7,
      6,
      4,
      4,
      0,
      0,
      1,
      1,
      0,
      0,
      0,
      0,
      0,
      0,
      0,
      0,
      0,
      0,
      0,
      0,
      0,
      0,
      0,
      0,
      0,
      0,
      0,
      0
    ],
    "non_winners_count": [
      9,
      18,
      15,
      28,
      42,
      70,
      78,
      92,
      119,
      99,
      101,
      70,
      60,
      47,
      39,
      21,
      20,
      10,
      3,
      8,
      1,
      0,
      0,
      0,
      0,
      0,
      0,
      0,
      0,
      0,
      0,
      0,
      0
    ],
    "winners_mean": 4.04,
    "non_winners_mean": 8.729473684210527
  },
  "Second Round": {
    "bin_center": [
      0.0,
      1.0,
      2.0,
      3.0,
      4.0,
      5.0,
      6.0,
      7.0,
      8.0,
      9.0,
      10.0,
      11.0,
      12.0,
      13.0,
      14.0,
      15.0,
      16.0
    ],
    "bin_start": [
      -0.5,
      0.5,
      1.5,
      2.5,
      3.5,
      4.5,
      5.5,
      6.5,
      7.5,
      8.5,
      9.5,
      10.5,
      11.5,
      12.5,
      13.5,
      14.5,
      15.5
    ],
    "bin_end": [
      0.5,
      1.5,
      2.5,
      3.5,
      4.5,
      5.5,
      6.5,
      7.5,
      8.5,
      9.5,
      10.5,
      11.5,
      12.5,
      13.5,
      14.5,
      15.5,
      16.5
    ],
    "winners_density": [
      0.14,
      0.06,
      0.2,
      0.12,
      0.24,
      0.06,
      0.1,
      0.04,
      0.02,
      0.02,
      0.0,
      0.0,
      0.0,
      0.0,
      0.0,
      0.0,
      0.0
    ],
    "non_winners_density": [
      0.009473684210526316,
      0.02736842105263158,
      0.037894736842105266,
      0.05578947368421053,
      0.09157894736842105,
      0.11894736842105263,
      0.14842105263157895,
      0.14526315789473684,
      0.10631578947368421,
      0.1,
      0.05578947368421053,
      0.05368421052631579,
      0.031578947368421054,
      0.008421052631578947,
      0.007368421052631579,
      0.002105263157894737,
      0.0
    ],
    "winners_count": [
      7,
      3,
      10,
      6,
      12,
      3,
      5,
      2,
      1,
      1,
      0,
      0,
      0,
      0,
      0,
      0,
      0
    ],
    "non_winners_count": [
      9,
      26,
      36,
      53,
      87,
      113,
      141,
      138,
      101,
      95,
      53,
      51,
      30,
      8,
      7,
      2,
      0
    ],
    "winners_mean": 3.3,
    "non_winners_mean": 6.661052631578947
  },
  "Sweet 16": {
    "bin_center": [
      0.0,
      1.0,
      2.0,
      3.0,
      4.0,
      5.0,
      6.0,
      7.0,
      8.0
    ],
    "bin_start": [
      -0.5,
      0.5,
      1.5,
      2.5,
      3.5,
      4.5,
      5.5,
      6.5,
      7.5
    ],
    "bin_end": [
      0.5,
      1.5,
      2.5,
      3.5,
      4.5,
      5.5,
      6.5,
      7.5,
      8.5
    ],
    "winners_density": [
      0.16,
      0.22,
      0.18,
      0.24,
      0.06,
      0.12,
      0.02,
      0.0,
      0.0
    ],
    "non_winners_density": [
      0.014736842105263158,
      0.03894736842105263,
      0.09473684210526316,
      0.12736842105263158,
      0.2231578947368421,
      0.21157894736842106,
      0.16526315789473683,
      0.09157894736842105,
      0.03263157894736842
    ],
    "winners_count": [
      8,
      11,
      9,
      12,
      3,
      6,
      1,
      0,
      0
    ],
    "non_winners_count": [
      14,
      37,
      90,
      121,
      212,
      201,
      157,
      87,
      31
    ],
    "winners_mean": 2.26,
    "non_winners_mean": 4.454736842105263
  },
  "Elite 8": {
    "bin_center": [
      0.0,
      1.0,
      2.0,
      3.0,
      4.0
    ],
    "bin_start": [
      -0.5,
      0.5,
      1.5,
      2.5,
      3.5
    ],
    "bin_end": [
      0.5,
      1.5,
      2.5,
      3.5,
      4.5
    ],
    "winners_density": [
      0.38,
      0.26,
      0.24,
      0.1,
      0.02
    ],
    "non_winners_density": [
      0.06210526315789474,
      0.15157894736842106,
      0.27157894736842103,
      0.3157894736842105,
      0.19894736842105262
    ],
    "winners_count": [
      19,
      13,
      12,
      5,
      1
    ],
    "non_winners_count": [
      59,
      144,
      258,
      300,
      189
    ],
    "winners_mean": 1.12,
    "non_winners_mean": 2.437894736842105
  },
  "Total Upsets": {
    "bin_center": [
      0.0,
      1.0,
      2.0,
      3.0,
      4.0,
      5.0,
      6.0,
      7.0,
      8.0,
      9.0,
      10.0,
      11.0,
      12.0,
      13.0,
      14.0,
      15.0,
      16.0,
      17.0,
      18.0,
      19.0,
      20.0,
      21.0,
      22.0,
      23.0,
      24.0,
      25.0,
      26.0,
      27.0,
      28.0,
      29.0,
      30.0,
      31.0,
      32.0,
      33.0,
      34.0,
      35.0,
      36.0,
      37.0,
      38.0,
      39.0,
      40.0,
      41.0,
      42.0,
      43.0,
      44.0,
      45.0,
      46.0,
      47.0,
      48.0
    ],