{
  "First Round": {
    "bin_center": [
      0.0,
      1.0,
      2.0,
      3.0,
      4.0,
      5.0,
      6.0,
      7.0,
      8.0,
      9.0,
      10.0,
      11.0,
      12.0,
      13.0,
      14.0,
      15.0,
      16.0,
      17.0,
      18.0,
      19.0,
      20.0,
      21.0,
      22.0,
      23.0,
      24.0,
      25.0,
      26.0,
      27.0,
      28.0,
      29.0,
      30.0,
      31.0,
      32.0
    ],
    "bin_start": [
      -0.5,
      0.5,
      1.5,
      2.5,
      3.5,
      4.5,
      5.5,
      6.5,
      7.5,
      8.5,
      9.5,
      10.5,
      11.5,
      12.5,
      13.5,
      14.5,
      15.5,
      16.5,
      17.5,
      18.5,
      19.5,
      20.5,
      21.5,
      22.5,
      23.5,
      24.5,
      25.5,
      26.5,
      27.5,
      28.5,
      29.5,
      30.5,
      31.5
    ],
    "bin_end": [
      0.5,
      1.5,
      2.5,
      3.5,
      4.5,
      5.5,
      6.5,
      7.5,
      8.5,
      9.5,
      10.5,
      11.5,
      12.5,
      13.5,
      14.5,
      15.5,
      16.5,
      17.5,
      18.5,
      19.5,
      20.5,
      21.5,
      22.5,
      23.5,
      24.5,
      25.5,
      26.5,
      27.5,
      28.5,
      29.5,
      30.5,
      31.5,
      32.5
    ],
    "winners_density": [
      0.06,
      0.12,
      0.02,
      0.12,
      0.12,
      0.12,
      0.1,
      0.14,
      0.16,
      0.02,
      0.02,
      0.0,
      0.0,
      0.0,
      0.0,
      0.0,
      0.0,
      0.0,
      0.0,
      0.0,
      0.0,
      0.0,
      0.0,
      0.0,
      0.0,
      0.0,
      0.0,
      0.0,
      0.0,
      0.0,
      0.0,
      0.0,
      0.0
    ],
    "non_winners_density": [
      0.010526315789473684,
      0.021052631578947368,
      0.03368421052631579,
      0.030526315789473683,
      0.04105263157894737,
      0.06526315789473684,
      0.09263157894736843,
      0.08842105263157894,
      0.12,
      0.10842105263157895,
      0.10631578947368421,
      0.07263157894736842,
      0.05894736842105263,
      0.05789473684210526,
      0.024210526315789474,
      0.02631578947368421,
      0.018947368421052633,
      0.010526315789473684,
      0.007368421052631579,
      0.004210526315789474,
      0.0010526315789473684,
      0.0,
      0.0,
      0.0,
      0.0,
      0.0,
      0.0,
      0.0,
      0.0,
      0.0,
      0.0,
      0.0,
      0.0
    ],
    "winners_count": [
      3,
      6,
      1,
      6,
      6,
      6,
      5,
      7,
      8,
      1,
      1,
      0,
      0,
      0,
      0,
      0,
      0,
      0,
      0,
      0,
      0,
      0,
      0,
      0,
      0,
      0,
      0,
      0,
      0,
      0,
      0,
      0,
      0
    ],
    "non_winners_count": [
      10,
      20,
      32,
      29,
      39,
      62,
      88,
      84,
      114,
      103,
      101,
      69,
      56,
      55,
      23,
      25,
      18,
      10,
      7,
      4,
      1,
      0,
      0,
      0,
      0,
      0,
      0,
      0,
      0,
      0,
      0,
      0,
      0
    ],
    "winners_mean": 4.84,
    "non_winners_mean": 8.552631578947368
  },
  "Second Round": {
    "bin_center": [
      0.0,
      1.0,
      2.0,
      3.0,
      4.0,
      5.0,
      6.0,
      7.0,
      8.0,
      9.0,
      10.0,
      11.0,
      12.0,
      13.0,
      14.0,
      15.0,
      16.0
    ],
    "bin_start": [
      -0.5,
      0.5,
      1.5,
      2.5,
      3.5,
      4.5,
      5.5,
      6.5,
      7.5,
      8.5,
      9.5,
      10.5,
      11.5,
      12.5,
      13.5,
      14.5,
      15.5
    ],
    "bin_end": [
      0.5,
      1.5,
      2.5,
      3.5,
      4.5,
      5.5,
      6.5,
      7.5,
      8.5,
      9.5,
      10.5,
      11.5,
      12.5,
      13.5,
      14.5,
      15.5,
      16.5
    ],
    "winners_density": [
      0.04,
      0.18,
      0.14,
      0.16,
      0.08,
      0.16,
      0.04,
      0.12,
      0.04,
      0.04,
      0.0,
      0.0,
      0.0,
      0.0,
      0.0,
      0.0,
      0.0
    ],
    "non_winners_density": [
      0.016842105263157894,
      0.024210526315789474,
      0.034736842105263156,
      0.05578947368421053,
      0.07473684210526316,
      0.13894736842105262,
      0.14105263157894737,
      0.14421052631578948,
      0.12210526315789473,
      0.08,
      0.07578947368421053,
      0.04421052631578947,
      0.028421052631578948,
      0.009473684210526316,
      0.007368421052631579,
      0.002105263157894737,
      0.0
    ],
    "winners_count": [
      2,
      9,
      7,
      8,
      4,
      8,
      2,
      6,
      2,
      2,
      0,
      0,
      0,
      0,
      0,
      0,
      0
    ],
    "non_winners_count": [
      16,
      23,
      33,
      53,
      71,
      132,
      134,
      137,
      116,
      76,
      72,
      42,
      27,
      9,
      7,
      2,
      0
    ],
    "winners_mean": 3.82,
    "non_winners_mean": 6.650526315789474
  },
  "Sweet 16": {
    "bin_center": [
      0.0,
      1.0,
      2.0,
      3.0,
      4.0,
      5.0,
      6.0,
      7.0,
      8.0
    ],
    "bin_start": [
      -0.5,
      0.5,
      1.5,
      2.5,
      3.5,
      4.5,
      5.5,
      6.5,
      7.5
    ],
    "bin_end": [
      0.5,
      1.5,
      2.5,
      3.5,
      4.5,
      5.5,
      6.5,
      7.5,
      8.5
    ],
    "winners_density": [
      0.12,
      0.18,
      0.18,
      0.18,
      0.18,
      0.1,
      0.04,
      0.02,
      0.0
    ],
    "non_winners_density": [
      0.016842105263157894,
      0.04631578947368421,
      0.08421052631578947,
      0.14105263157894737,
      0.20421052631578948,
      0.2094736842105263,
      0.16631578947368422,
      0.10105263157894737,
      0.030526315789473683
    ],
    "winners_count": [
      6,
      9,
      9,
      9,
      9,
      5,
      2,
      1,
      0
    ],
    "non_winners_count": [
      16,
      44,
      80,
      134,
      194,
      199,
      158,
      96,
      29
    ],
    "winners_mean": 2.68,
    "non_winners_mean": 4.451578947368421
  },
  "Elite 8": {
    "bin_center": [
      0.0,
      1.0,
      2.0,
      3.0,
      4.0
    ],
    "bin_start": [
      -0.5,
      0.5,
      1.5,
      2.5,
      3.5
    ],
    "bin_end": [
      0.5,
      1.5,
      2.5,
      3.5,
      4.5
    ],
    "winners_density": [
      0.22,
      0.24,
      0.34,
      0.2,
      0.0
    ],
    "non_winners_density": [
      0.04736842105263158,
      0.15052631578947367,
      0.2894736842105263,
      0.30526315789473685,
      0.2073684210526316
    ],
    "winners_count": [
      11,
      12,
      17,
      10,
      0
    ],
    "non_winners_count": [
      45,
      143,
      275,
      290,
      197
    ],
    "winners_mean": 1.52,
    "non_winners_mean": 2.4747368421052633
  },
  "Total Upsets": {
    "bin_center": [
      1.0,
      2.0,
      3.0,
      4.0,
      5.0,
      6.0,
      7.0,
      8.0,
      9.0,
      10.0,
      11.0,
      12.0,
      13.0,
      14.0,
      15.0,
      16.0,
      17.0,
      18.0,
      19.0,
      20.0,
      21.0,
      22.0,
      23.0,
      24.0,
      25.0,
      26.0,
      27.0,
      28.0,
      29.0,
      30.0,
      31.0,
      32.0,
      33.0,
      34.0,
      35.0,
      36.0,
      37.0,
      38.0,
      39.0,
      40.0,
      41.0,
      42.0,
      43.0,
      44.0,
      45.0,
      46.0,
      47.0,
      48.0,
      49.0
    ],