{
  "First Round": {
    "bin_center": [
      0.0,
      1.0,
      2.0,
      3.0,
      4.0,
      5.0,
      6.0,
      7.0,
      8.0,
      9.0,
      10.0,
      11.0,
      12.0,
      13.0,
      14.0,
      15.0,
      16.0,
      17.0,
      18.0,
      19.0,
      20.0,
      21.0,
      22.0,
      23.0,
      24.0,
      25.0,
      26.0,
      27.0,
      28.0,
      29.0,
      30.0,
      31.0,
      32.0
    ],
    "bin_start": [
      -0.5,
      0.5,
      1.5,
      2.5,
      3.5,
      4.5,
      5.5,
      6.5,
      7.5,
      8.5,
      9.5,
      10.5,
      11.5,
      12.5,
      13.5,
      14.5,
      15.5,
      16.5,
      17.5,
      18.5,
      19.5,
      20.5,
      21.5,
      22.5,
      23.5,
      24.5,
      25.5,
      26.5,
      27.5,
      28.5,
      29.5,
      30.5,
      31.5
    ],
    "bin_end": [
      0.5,
      1.5,
      2.5,
      3.5,
      4.5,
      5.5,
      6.5,
      7.5,
      8.5,
      9.5,
      10.5,
      11.5,
      12.5,
      13.5,
      14.5,
      15.5,
      16.5,
      17.5,
      18.5,
      19.5,
      20.5,
      21.5,
      22.5,
      23.5,
      24.5,
      25.5,
      26.5,
      27.5,
      28.5,
      29.5,
      30.5,
      31.5,
      32.5
    ],
    "winners_density": [
      0.1,
      0.2,
      0.2,
      0.08,
      0.04,
      0.12,
      0.02,
      0.1,
      0.04,
      0.06,
      0.0,
      0.02,
      0.0,
      0.02,
      0.0,
      0.0,
      0.0,
      0.0,
      0.0,
      0.0,
      0.0,
      0.0,
      0.0,
      0.0,
      0.0,
      0.0,
      0.0,
      0.0,
      0.0,
      0.0,
      0.0,
      0.0,
      0.0
    ],
    "non_winners_density": [
      0.002105263157894737,
      0.016842105263157894,
      0.022105263157894735,
      0.02526315789473684,
      0.03368421052631579,
      0.06842105263157895,
      0.08526315789473685,
      0.12526315789473685,
      0.12947368421052632,
      0.09473684210526316,
      0.09368421052631579,
      0.07894736842105263,
      0.06526315789473684,
      0.05157894736842105,
      0.03684210526315789,
      0.031578947368421054,
      0.017894736842105262,
      0.00631578947368421,
      0.009473684210526316,
      0.0,
      0.002105263157894737,
      0.0010526315789473684,
      0.002105263157894737,
      0.0,
      0.0,
      0.0,
      0.0,
      0.0,
      0.0,
      0.0,
      0.0,
      0.0,
      0.0
    ],
    "winners_count": [
      5,
      10,
      10,
      4,
      2,
      6,
      1,
      5,
      2,
      3,
      0,
      1,
      0,
      1,
      0,
      0,
      0,
      0,
      0,
      0,
      0,
      0,
      0,
      0,
      0,
      0,
      0,
      0,
      0,
      0,
      0,
      0,
      0
    ],
    "non_winners_count": [
      2,
      16,
      21,
      24,
      32,
      65,
      81,
      119,
      123,
      90,
      89,
      75,
      62,
      49,
      35,
      30,
      17,
      6,
      9,
      0,
      2,
      1,
      2,
      0,
      0,
      0,
      0,
      0,
      0,
      0,
      0,
      0,
      0
    ],
    "winners_mean": 3.76,
    "non_winners_mean": 8.813684210526317
  },
  "Second Round": {
    "bin_center": [
      0.0,
      1.0,
      2.0,
      3.0,
      4.0,
      5.0,
      6.0,
      7.0,
      8.0,
      9.0,
      10.0,
      11.0,
      12.0,
      13.0,
      14.0,
      15.0,
      16.0
    ],
    "bin_start": [
      -0.5,
      0.5,
      1.5,
      2.5,
      3.5,
      4.5,
      5.5,
      6.5,
      7.5,
      8.5,
      9.5,
      10.5,
      11.5,
      12.5,
      13.5,
      14.5,
      15.5
    ],
    "bin_end": [
      0.5,
      1.5,
      2.5,
      3.5,
      4.5,
      5.5,
      6.5,
      7.5,
      8.5,
      9.5,
      10.5,
      11.5,
      12.5,
      13.5,
      14.5,
      15.5,
      16.5
    ],
    "winners_density": [
      0.06,
      0.28,
      0.2,
      0.08,
      0.08,
      0.12,
      0.06,
      0.04,
      0.02,
      0.04,
      0.02,
      0.0,
      0.0,
      0.0,
      0.0,
      0.0,
      0.0
    ],
    "non_winners_density": [
      0.007368421052631579,
      0.021052631578947368,
      0.037894736842105266,
      0.06210526315789474,
      0.08736842105263158,
      0.14526315789473684,
      0.12947368421052632,
      0.12947368421052632,
      0.11578947368421053,
      0.08842105263157894,
      0.06210526315789474,
      0.05368421052631579,
      0.028421052631578948,
      0.023157894736842106,
      0.00631578947368421,
      0.002105263157894737,
      0.0
    ],
    "winners_count": [
      3,
      14,
      10,
      4,
      4,
      6,
      3,
      2,
      1,
      2,
      1,
      0,
      0,
      0,
      0,
      0,
      0
    ],
    "non_winners_count": [
      7,
      20,
      36,
      59,
      83,
      138,
      123,
      123,
      110,
      84,
      59,
      51,
      27,
      22,
      6,
      2,
      0
    ],
    "winners_mean": 3.2,
    "non_winners_mean": 6.737894736842105
  },
  "Sweet 16": {
    "bin_center": [
      0.0,
      1.0,
      2.0,
      3.0,
      4.0,
      5.0,
      6.0,
      7.0,
      8.0
    ],
    "bin_start": [
      -0.5,
      0.5,
      1.5,
      2.5,
      3.5,
      4.5,
      5.5,
      6.5,
      7.5
    ],
    "bin_end": [
      0.5,
      1.5,
      2.5,
      3.5,
      4.5,
      5.5,
      6.5,
      7.5,
      8.5
    ],
    "winners_density": [
      0.18,
      0.22,
      0.2,
      0.22,
      0.14,
      0.02,
      0.02,
      0.0,
      0.0
    ],
    "non_winners_density": [
      0.018947368421052633,
      0.03684210526315789,
      0.06842105263157895,
      0.16526315789473683,
      0.20842105263157895,
      0.2,
      0.18736842105263157,
      0.08526315789473685,
      0.029473684210526315
    ],
    "winners_count": [
      9,
      11,
      10,
      11,
      7,
      1,
      1,
      0,
      0
    ],
    "non_winners_count": [
      18,
      35,
      65,
      157,
      198,
      190,
      178,
      81,
      28
    ],
    "winners_mean": 2.06,
    "non_winners_mean": 4.46
  },
  "Elite 8": {
    "bin_center": [
      0.0,
      1.0,
      2.0,
      3.0,
      4.0
    ],
    "bin_start": [
      -0.5,
      0.5,
      1.5,
      2.5,
      3.5
    ],
    "bin_end": [
      0.5,
      1.5,
      2.5,
      3.5,
      4.5
    ],
    "winners_density": [
      0.34,
      0.3,
      0.28,
      0.08,
      0.0
    ],
    "non_winners_density": [
      0.04631578947368421,
      0.1568421052631579,
      0.2863157894736842,
      0.3136842105263158,
      0.1968421052631579
    ],
    "winners_count": [
      17,
      15,
      14,
      4,
      0
    ],
    "non_winners_count": [
      44,
      149,
      272,
      298,
      187
    ],
    "winners_mean": 1.1,
    "non_winners_mean": 2.457894736842105
  },
  "Total Upsets": {
    "bin_center": [
      1.0,
      2.0,
      3.0,
      4.0,
      5.0,
      6.0,
      7.0,
      8.0,
      9.0,
      10.0,
      11.0,
      12.0,
      13.0,
      14.0,
      15.0,
      16.0,
      17.0,
      18.0,
      19.0,
      20.0,
      21.0,
      22.0,
      23.0,
      24.0,
      25.0,
      26.0,
      27.0,
      28.0,
      29.0,
      30.0,
      31.0,
      32.0,
      33.0,
      34.0,
      35.0,
      36.0,
      37.0,
      38.0,
      39.0,
      40.0,
      41.0,
      42.0,
      43.0,
      44.0,
      45.0,
      46.0,
      47.0,
      48.0,
      49.0,
      50.0,
      51.0,
      52.0
    ],