{
  "First Round": {
    "bin_center": [
      0.0,
      1.0,
      2.0,
      3.0,
      4.0,
      5.0,
      6.0,
      7.0,
      8.0,
      9.0,
      10.0,
      11.0,
      12.0,
      13.0,
      14.0,
      15.0,
      16.0,
      17.0,
      18.0,
      19.0,
      20.0,
      21.0,
      22.0,
      23.0,
      24.0,
      25.0,
      26.0,
      27.0,
      28.0,
      29.0,
      30.0,
      31.0,
      32.0
    ],
    "bin_start": [
      -0.5,
      0.5,
      1.5,
      2.5,
      3.5,
      4.5,
      5.5,
      6.5,
      7.5,
      8.5,
      9.5,
      10.5,
      11.5,
      12.5,
      13.5,
      14.5,
      15.5,
      16.5,
      17.5,
      18.5,
      19.5,
      20.5,
      21.5,
      22.5,
      23.5,
      24.5,
      25.5,
      26.5,
      27.5,
      28.5,
      29.5,
      30.5,
      31.5
    ],
    "bin_end": [
      0.5,
      1.5,
      2.5,
      3.5,
      4.5,
      5.5,
      6.5,
      7.5,
      8.5,
      9.5,
      10.5,
      11.5,
      12.5,
      13.5,
      14.5,
      15.5,
      16.5,
      17.5,
      18.5,
      19.5,
      20.5,
      21.5,
      22.5,
      23.5,
      24.5,
      25.5,
      26.5,
      27.5,
      28.5,
      29.5,
      30.5,
      31.5,
      32.5
    ],
    "winners_density": [
      0.084,
      0.154,
      0.16,
      0.15,
      0.09,
      0.094,
      0.07,
      0.076,
      0.058,
      0.02,
      0.02,
      0.014,
      0.008,
      0.002,
      0.0,
      0.0,
      0.0,
      0.0,
      0.0,
      0.0,
      0.0,
      0.0,
      0.0,
      0.0,
      0.0,
      0.0,
      0.0,
      0.0,
      0.0,
      0.0,
      0.0,
      0.0,
      0.0
    ],
    "non_winners_density": [
      0.007684210526315789,
      0.015368421052631578,
      0.020736842105263158,
      0.03263157894736842,
      0.049473684210526316,
      0.068,
      0.08347368421052631,
      0.102,
      0.11536842105263158,
      0.11726315789473685,
      0.1011578947368421,
      0.07894736842105263,
      0.06421052631578947,
      0.04778947368421053,
      0.03326315789473684,
      0.02663157894736842,
      0.015157894736842105,
      0.009789473684210527,
      0.005157894736842105,
      0.003157894736842105,
      0.0015789473684210526,
      0.0006315789473684211,
      0.00031578947368421053,
      0.00010526315789473685,
      0.00010526315789473685,
      0.0,
      0.0,
      0.0,
      0.0,
      0.0,
      0.0,
      0.0,
      0.0
    ],
    "winners_count": [
      42,
      77,
      80,
      75,
      45,
      47,
      35,
      38,
      29,
      10,
      10,
      7,
      4,
      1,
      0,
      0,
      0,
      0,
      0,
      0,
      0,
      0,
      0,
      0,
      0,
      0,
      0,
      0,
      0,
      0,
      0,
      0,
      0
    ],
    "non_winners_count": [
      73,
      146,
      197,
      310,
      470,
      646,
      793,
      969,
      1096,
      1114,
      961,
      750,
      610,
      454,
      316,
      253,
      144,
      93,
      49,
      30,
      15,
      6,
      3,
      1,
      1,
      0,
      0,
      0,
      0,
      0,
      0,
      0,
      0
    ],
    "winners_mean": 3.826,
    "non_winners_mean": 8.641263157894738
  },
  "Second Round": {
    "bin_center": [
      0.0,
      1.0,
      2.0,
      3.0,
      4.0,
      5.0,
      6.0,
      7.0,
      8.0,
      9.0,
      10.0,
      11.0,
      12.0,
      13.0,
      14.0,
      15.0,
      16.0
    ],
    "bin_start": [
      -0.5,
      0.5,
      1.5,
      2.5,
      3.5,
      4.5,
      5.5,
      6.5,
      7.5,
      8.5,
      9.5,
      10.5,
      11.5,
      12.5,
      13.5,
      14.5,
      15.5
    ],
    "bin_end": [
      0.5,
      1.5,
      2.5,
      3.5,
      4.5,
      5.5,
      6.5,
      7.5,
      8.5,
      9.5,
      10.5,
      11.5,
      12.5,
      13.5,
      14.5,
      15.5,
      16.5
    ],
    "winners_density": [
      0.114,
      0.198,
      0.192,
      0.13,
      0.106,
      0.088,
      0.08,
      0.048,
      0.018,
      0.012,
      0.008,
      0.006,
      0.0,
      0.0,
      0.0,
      0.0,
      0.0
    ],
    "non_winners_density": [
      0.00936842105263158,
      0.021473684210526315,
      0.03905263157894737,
      0.056,
      0.09136842105263158,
      0.11842105263157894,
      0.14463157894736842,
      0.14389473684210527,
      0.12778947368421054,
      0.09494736842105263,
      0.06863157894736842,
      0.040736842105263155,
      0.025473684210526315,
      0.011473684210526316,
      0.005157894736842105,
      0.0013684210526315789,
      0.0002105263157894737
    ],
    "winners_count": [
      57,
      99,
      96,
      65,
      53,
      44,
      40,
      24,
      9,
      6,
      4,
      3,
      0,
      0,
      0,
      0,
      0
    ],
    "non_winners_count": [
      89,
      204,
      371,
      532,
      868,
      1125,
      1374,
      1367,
      1214,
      902,
      652,
      387,
      242,
      109,
      49,
      13,
      2
    ],
    "winners_mean": 3.05,
    "non_winners_mean": 6.662421052631579
  },
  "Sweet 16": {
    "bin_center": [
      0.0,
      1.0,
      2.0,
      3.0,
      4.0,
      5.0,
      6.0,
      7.0,
      8.0
    ],
    "bin_start": [
      -0.5,
      0.5,
      1.5,
      2.5,
      3.5,
      4.5,
      5.5,
      6.5,
      7.5
    ],
    "bin_end": [
      0.5,
      1.5,
      2.5,
      3.5,
      4.5,
      5.5,
      6.5,
      7.5,
      8.5
    ],
    "winners_density": [
      0.18,
      0.22,
      0.224,
      0.138,
      0.108,
      0.096,
      0.026,
      0.008,
      0.0
    ],
    "non_winners_density": [
      0.015263157894736841,
      0.042210526315789476,
      0.08221052631578947,
      0.1508421052631579,
      0.21326315789473685,
      0.21526315789473685,
      0.17126315789473684,
      0.08136842105263158,
      0.02831578947368421
    ],
    "winners_count": [
      90,
      110,
      112,
      69,
      54,
      48,
      13,
      4,
      0
    ],
    "non_winners_count": [
      145,
      401,
      781,
      1433,
      2026,
      2045,
      1627,
      773,
      269
    ],
    "winners_mean": 2.206,
    "non_winners_mean": 4.412210526315789
  },
  "Elite 8": {
    "bin_center": [
      0.0,
      1.0,
      2.0,
      3.0,
      4.0
    ],
    "bin_start": [
      -0.5,
      0.5,
      1.5,
      2.5,
      3.5
    ],
    "bin_end": [
      0.5,
      1.5,
      2.5,
      3.5,
      4.5
    ],
    "winners_density": [
      0.302,
      0.332,
      0.222,
      0.108,
      0.036
    ],
    "non_winners_density": [
      0.05,
      0.1531578947368421,
      0.2887368421052632,
      0.3137894736842105,
      0.19431578947368422
    ],
    "winners_count": [
      151,
      166,
      111,
      54,
      18
    ],
    "non_winners_count": [
      475,
      1455,
      2743,
      2981,
      1846
    ],
    "winners_mean": 1.244,
    "non_winners_mean": 2.449263157894737
  },
  "Total Upsets": {
    "bin_center": [
      0.0,
      1.0,
      2.0,
      3.0,
      4.0,
      5.0,
      6.0,
      7.0,
      8.0,
      9.0,
      10.0,
      11.0,
      12.0,
      13.0,
      14.0,
      15.0,
      16.0,
      17.0,
      18.0,
      19.0,
      20.0,
      21.0,
      22.0,
      23.0,
      24.0,
      25.0,
      26.0,
      27.0,
      28.0,
      29.0,
      30.0,
      31.0,
      32.0,
      33.0,
      34.0,
      35.0,
      36.0,
      37.0,
      38.0,
      39.0,
      40.0,
      41.0,
      42.0,
      43.0,
      44.0,
      45.0,
      46.0,
      47.0,
      48.0,
      49.0,
      50.0,
      51.0,
      52.0
    ],