{
  "First Round": {
    "bin_center": [
      0.0,
      1.0,
      2.0,
      3.0,
      4.0,
      5.0,
      6.0,
      7.0,
      8.0,
      9.0,
      10.0,
      11.0,
      12.0,
      13.0,
      14.0,
      15.0,
      16.0,
      17.0,
      18.0,
      19.0,
      20.0,
      21.0,
      22.0,
      23.0,
      24.0,
      25.0,
      26.0,
      27.0,
      28.0,
      29.0,
      30.0,
      31.0,
      32.0
    ],
    "bin_start": [
      -0.5,
      0.5,
      1.5,
      2.5,
      3.5,
      4.5,
      5.5,
      6.5,
      7.5,
      8.5,
      9.5,
      10.5,
      11.5,
      12.5,
      13.5,
      14.5,
      15.5,
      16.5,
      17.5,
      18.5,
      19.5,
      20.5,
      21.5,
      22.5,
      23.5,
      24.5,
      25.5,
      26.5,
      27.5,
      28.5,
      29.5,
      30.5,
      31.5
    ],
    "bin_end": [
      0.5,
      1.5,
      2.5,
      3.5,
      4.5,
      5.5,
      6.5,
      7.5,
      8.5,
      9.5,
      10.5,
      11.5,
      12.5,
      13.5,
      14.5,
      15.5,
      16.5,
      17.5,
      18.5,
      19.5,
      20.5,
      21.5,
      22.5,
      23.5,
      24.5,
      25.5,
      26.5,
      27.5,
      28.5,
      29.5,
      30.5,
      31.5,
      32.5
    ],
    "winners_density": [
      0.062,
      0.168,
      0.17,
      0.156,
      0.114,
      0.106,
      0.042,
      0.058,
      0.052,
      0.026,
      0.024,
      0.006,
      0.008,
      0.006,
      0.002,
      0.0,
      0.0,
      0.0,
      0.0,
      0.0,
      0.0,
      0.0,
      0.0,
      0.0,
      0.0,
      0.0,
      0.0,
      0.0,
      0.0,
      0.0,
      0.0,
      0.0,
      0.0
    ],
    "non_winners_density": [
      0.006631578947368421,
      0.017473684210526315,
      0.022842105263157896,
      0.03326315789473684,
      0.04694736842105263,
      0.0648421052631579,
      0.08652631578947369,
      0.09768421052631579,
      0.10884210526315789,
      0.11357894736842106,
      0.10431578947368421,
      0.08347368421052631,
      0.06673684210526316,
      0.04778947368421053,
      0.03336842105263158,
      0.024842105263157895,
      0.015157894736842105,
      0.009789473684210527,
      0.007578947368421052,
      0.004421052631578947,
      0.0023157894736842107,
      0.0008421052631578948,
      0.0005263157894736842,
      0.00010526315789473685,
      0.0,
      0.0,
      0.0,
      0.00010526315789473685,
      0.0,
      0.0,
      0.0,
      0.0,
      0.0
    ],
    "winners_count": [
      31,
      84,
      85,
      78,
      57,
      53,
      21,
      29,
      26,
      13,
      12,
      3,
      4,
      3,
      1,
      0,
      0,
      0,
      0,
      0,
      0,
      0,
      0,
      0,
      0,
      0,
      0,
      0,
      0,
      0,
      0,
      0,
      0
    ],
    "non_winners_count": [
      63,
      166,
      217,
      316,
      446,
      616,
      822,
      928,
      1034,
      1079,
      991,
      793,
      634,
      454,
      317,
      236,
      144,
      93,
      72,
      42,
      22,
      8,
      5,
      1,
      0,
      0,
      0,
      1,
      0,
      0,
      0,
      0,
      0
    ],
    "winners_mean": 3.778,
    "non_winners_mean": 8.704315789473684
  },
  "Second Round": {
    "bin_center": [
      0.0,
      1.0,
      2.0,
      3.0,
      4.0,
      5.0,
      6.0,
      7.0,
      8.0,
      9.0,
      10.0,
      11.0,
      12.0,
      13.0,
      14.0,
      15.0,
      16.0
    ],
    "bin_start": [
      -0.5,
      0.5,
      1.5,
      2.5,
      3.5,
      4.5,
      5.5,
      6.5,
      7.5,
      8.5,
      9.5,
      10.5,
      11.5,
      12.5,
      13.5,
      14.5,
      15.5
    ],
    "bin_end": [
      0.5,
      1.5,
      2.5,
      3.5,
      4.5,
      5.5,
      6.5,
      7.5,
      8.5,
      9.5,
      10.5,
      11.5,
      12.5,
      13.5,
      14.5,
      15.5,
      16.5
    ],
    "winners_density": [
      0.098,
      0.174,
      0.184,
      0.18,
      0.122,
      0.104,
      0.062,
      0.042,
      0.02,
      0.01,
      0.004,
      0.0,
      0.0,
      0.0,
      0.0,
      0.0,
      0.0
    ],
    "non_winners_density": [
      0.009578947368421053,
      0.022947368421052633,
      0.03536842105263158,
      0.059157894736842104,
      0.08947368421052632,
      0.11526315789473685,
      0.14505263157894738,
      0.14684210526315788,
      0.1248421052631579,
      0.09357894736842105,
      0.06778947368421052,
      0.04431578947368421,
      0.02673684210526316,
      0.013157894736842105,
      0.0038947368421052633,
      0.001894736842105263,
      0.00010526315789473685
    ],
    "winners_count": [
      49,
      87,
      92,
      90,
      61,
      52,
      31,
      21,
      10,
      5,
      2,
      0,
      0,
      0,
      0,
      0,
      0
    ],
    "non_winners_count": [
      91,
      218,
      336,
      562,
      850,
      1095,
      1378,
      1395,
      1186,
      889,
      644,
      421,
      254,
      125,
      37,
      18,
      1
    ],
    "winners_mean": 3.046,
    "non_winners_mean": 6.686421052631579
  },
  "Sweet 16": {
    "bin_center": [
      0.0,
      1.0,
      2.0,
      3.0,
      4.0,
      5.0,
      6.0,
      7.0,
      8.0
    ],
    "bin_start": [
      -0.5,
      0.5,
      1.5,
      2.5,
      3.5,
      4.5,
      5.5,
      6.5,
      7.5
    ],
    "bin_end": [
      0.5,
      1.5,
      2.5,
      3.5,
      4.5,
      5.5,
      6.5,
      7.5,
      8.5
    ],
    "winners_density": [
      0.154,
      0.232,
      0.224,
      0.166,
      0.132,
      0.062,
      0.026,
      0.004,
      0.0
    ],
    "non_winners_density": [
      0.01831578947368421,
      0.045263157894736845,
      0.07947368421052632,
      0.14947368421052631,
      0.20810526315789474,
      0.21505263157894736,
      0.16515789473684211,
      0.09031578947368421,
      0.028842105263157895
    ],
    "winners_count": [
      77,
      116,
      112,
      83,
      66,
      31,
      13,
      2,
      0
    ],
    "non_winners_count": [
      174,
      430,
      755,
      1420,
      1977,
      2043,
      1569,
      858,
      274
    ],
    "winners_mean": 2.2,
    "non_winners_mean": 4.41421052631579
  },
  "Elite 8": {
    "bin_center": [
      0.0,
      1.0,
      2.0,
      3.0,
      4.0
    ],
    "bin_start": [
      -0.5,
      0.5,
      1.5,
      2.5,
      3.5
    ],
    "bin_end": [
      0.5,
      1.5,
      2.5,
      3.5,
      4.5
    ],
    "winners_density": [
      0.31,
      0.346,
      0.2,
      0.114,
      0.03
    ],
    "non_winners_density": [
      0.05452631578947369,
      0.15336842105263157,
      0.2773684210526316,
      0.32673684210526316,
      0.188
    ],
    "winners_count": [
      155,
      173,
      100,
      57,
      15
    ],
    "non_winners_count": [
      518,
      1457,
      2635,
      3104,
      1786
    ],
    "winners_mean": 1.208,
    "non_winners_mean": 2.440315789473684
  },
  "Total Upsets": {
    "bin_center": [
      0.0,
      1.0,
      2.0,
      3.0,
      4.0,
      5.0,
      6.0,
      7.0,
      8.0,
      9.0,
      10.0,
      11.0,
      12.0,
      13.0,
      14.0,
      15.0,
      16.0,
      17.0,
      18.0,
      19.0,
      20.0,
      21.0,
      22.0,
      23.0,
      24.0,
      25.0,
      26.0,
      27.0,
      28.0,
      29.0,
      30.0,
      31.0,
      32.0,
      33.0,
      34.0,
      35.0,
      36.0,
      37.0,
      38.0,
      39.0,
      40.0,
      41.0,
      42.0,
      43.0,
      44.0,
      45.0,
      46.0,
      47.0,
      48.0,
      49.0,
      50.0,
      51.0,
      52.0,
      53.0,
      54.0,
      55.0,
      56.0
    ],