{
  "First Round": {
    "bin_center": [
      0.0,
      1.0,
      2.0,
      3.0,
      4.0,
      5.0,
      6.0,
      7.0,
      8.0,
      9.0,
      10.0,
      11.0,
      12.0,
      13.0,
      14.0,
      15.0,
      16.0,
      17.0,
      18.0,
      19.0,
      20.0,
      21.0,
      22.0,
      23.0,
      24.0,
      25.0,
      26.0,
      27.0,
      28.0,
      29.0,
      30.0,
      31.0,
      32.0
    ],
    "bin_start": [
      -0.5,
      0.5,
      1.5,
      2.5,
      3.5,
      4.5,
      5.5,
      6.5,
      7.5,
      8.5,
      9.5,
      10.5,
      11.5,
      12.5,
      13.5,
      14.5,
      15.5,
      16.5,
      17.5,
      18.5,
      19.5,
      20.5,
      21.5,
      22.5,
      23.5,
      24.5,
      25.5,
      26.5,
      27.5,
      28.5,
      29.5,
      30.5,
      31.5
    ],
    "bin_end": [
      0.5,
      1.5,
      2.5,
      3.5,
      4.5,
      5.5,
      6.5,
      7.5,
      8.5,
      9.5,
      10.5,
      11.5,
      12.5,
      13.5,
      14.5,
      15.5,
      16.5,
      17.5,
      18.5,
      19.5,
      20.5,
      21.5,
      22.5,
      23.5,
      24.5,
      25.5,
      26.5,
      27.5,
      28.5,
      29.5,
      30.5,
      31.5,
      32.5
    ],
    "winners_density": [
      0.06,
      0.164,
      0.176,
      0.128,
      0.122,
      0.072,
      0.06,
      0.084,
      0.044,
      0.036,
      0.028,
      0.012,
      0.008,
      0.002,
      0.004,
      0.0,
      0.0,
      0.0,
      0.0,
      0.0,
      0.0,
      0.0,
      0.0,
      0.0,
      0.0,
      0.0,
      0.0,
      0.0,
      0.0,
      0.0,
      0.0,
      0.0,
      0.0
    ],
    "non_winners_density": [
      0.006947368421052632,
      0.014947368421052631,
      0.02157894736842105,
      0.029789473684210525,
      0.04557894736842105,
      0.06273684210526316,
      0.08010526315789473,
      0.10431578947368421,
      0.11578947368421053,
      0.11126315789473684,
      0.09515789473684211,
      0.08378947368421052,
      0.07242105263157894,
      0.05284210526315789,
      0.03747368421052632,
      0.027157894736842107,
      0.014210526315789474,
      0.01136842105263158,
      0.005789473684210527,
      0.003263157894736842,
      0.0024210526315789475,
      0.0004210526315789474,
      0.0004210526315789474,
      0.0002105263157894737,
      0.0,
      0.0,
      0.0,
      0.0,
      0.0,
      0.0,
      0.0,
      0.0,
      0.0
    ],
    "winners_count": [
      30,
      82,
      88,
      64,
      61,
      36,
      30,
      42,
      22,
      18,
      14,
      6,
      4,
      1,
      2,
      0,
      0,
      0,
      0,
      0,
      0,
      0,
      0,
      0,
      0,
      0,
      0,
      0,
      0,
      0,
      0,
      0,
      0
    ],
    "non_winners_count": [
      66,
      142,
      205,
      283,
      433,
      596,
      761,
      991,
      1100,
      1057,
      904,
      796,
      688,
      502,
      356,
      258,
      135,
      108,
      55,
      31,
      23,
      4,
      4,
      2,
      0,
      0,
      0,
      0,
      0,
      0,
      0,
      0,
      0
    ],
    "winners_mean": 3.962,
    "non_winners_mean": 8.801473684210526
  },
  "Second Round": {
    "bin_center": [
      0.0,
      1.0,
      2.0,
      3.0,
      4.0,
      5.0,
      6.0,
      7.0,
      8.0,
      9.0,
      10.0,
      11.0,
      12.0,
      13.0,
      14.0,
      15.0,
      16.0
    ],
    "bin_start": [
      -0.5,
      0.5,
      1.5,
      2.5,
      3.5,
      4.5,
      5.5,
      6.5,
      7.5,
      8.5,
      9.5,
      10.5,
      11.5,
      12.5,
      13.5,
      14.5,
      15.5
    ],
    "bin_end": [
      0.5,
      1.5,
      2.5,
      3.5,
      4.5,
      5.5,
      6.5,
      7.5,
      8.5,
      9.5,
      10.5,
      11.5,
      12.5,
      13.5,
      14.5,
      15.5,
      16.5
    ],
    "winners_density": [
      0.104,
      0.172,
      0.182,
      0.17,
      0.118,
      0.09,
      0.062,
      0.048,
      0.032,
      0.018,
      0.0,
      0.004,
      0.0,
      0.0,
      0.0,
      0.0,
      0.0
    ],
    "non_winners_density": [
      0.009263157894736843,
      0.02063157894736842,
      0.035894736842105264,
      0.06357894736842105,
      0.08105263157894736,
      0.12421052631578948,
      0.14473684210526316,
      0.1454736842105263,
      0.11547368421052631,
      0.09705263157894736,
      0.06705263157894736,
      0.046421052631578946,
      0.028210526315789474,
      0.014210526315789474,
      0.0054736842105263155,
      0.0012631578947368421,
      0.0
    ],
    "winners_count": [
      52,
      86,
      91,
      85,
      59,
      45,
      31,
      24,
      16,
      9,
      0,
      2,
      0,
      0,
      0,
      0,
      0
    ],
    "non_winners_count": [
      88,
      196,
      341,
      604,
      770,
      1180,
      1375,
      1382,
      1097,
      922,
      637,
      441,
      268,
      135,
      52,
      12,
      0
    ],
    "winners_mean": 3.138,
    "non_winners_mean": 6.712421052631579
  },
  "Sweet 16": {
    "bin_center": [
      0.0,
      1.0,
      2.0,
      3.0,
      4.0,
      5.0,
      6.0,
      7.0,
      8.0
    ],
    "bin_start": [
      -0.5,
      0.5,
      1.5,
      2.5,
      3.5,
      4.5,
      5.5,
      6.5,
      7.5
    ],
    "bin_end": [
      0.5,
      1.5,
      2.5,
      3.5,
      4.5,
      5.5,
      6.5,
      7.5,
      8.5
    ],
    "winners_density": [
      0.16,
      0.254,
      0.19,
      0.164,
      0.126,
      0.07,
      0.03,
      0.004,
      0.002
    ],
    "non_winners_density": [
      0.015473684210526317,
      0.03684210526315789,
      0.0848421052631579,
      0.15652631578947368,
      0.2123157894736842,
      0.21073684210526317,
      0.16042105263157894,
      0.0931578947368421,
      0.02968421052631579
    ],
    "winners_count": [
      80,
      127,
      95,
      82,
      63,
      35,
      15,
      2,
      1
    ],
    "non_winners_count": [
      147,
      350,
      806,
      1487,
      2017,
      2002,
      1524,
      885,
      282
    ],
    "winners_mean": 2.204,
    "non_winners_mean": 4.431157894736842
  },
  "Elite 8": {
    "bin_center": [
      0.0,
      1.0,
      2.0,
      3.0,
      4.0
    ],
    "bin_start": [
      -0.5,
      0.5,
      1.5,
      2.5,
      3.5
    ],
    "bin_end": [
      0.5,
      1.5,
      2.5,
      3.5,
      4.5
    ],
    "winners_density": [
      0.32,
      0.334,
      0.204,
      0.122,
      0.02
    ],
    "non_winners_density": [
      0.04978947368421053,
      0.14305263157894738,
      0.2888421052631579,
      0.3256842105263158,
      0.19263157894736843
    ],
    "winners_count": [
      160,
      167,
      102,
      61,
      10
    ],
    "non_winners_count": [
      473,
      1359,
      2744,
      3094,
      1830
    ],
    "winners_mean": 1.188,
    "non_winners_mean": 2.4683157894736842
  },
  "Total Upsets": {
    "bin_center": [
      0.0,
      1.0,
      2.0,
      3.0,
      4.0,
      5.0,
      6.0,
      7.0,
      8.0,
      9.0,
      10.0,
      11.0,
      12.0,
      13.0,
      14.0,
      15.0,
      16.0,
      17.0,
      18.0,
      19.0,
      20.0,
      21.0,
      22.0,
      23.0,
      24.0,
      25.0,
      26.0,
      27.0,
      28.0,
      29.0,
      30.0,
      31.0,
      32.0,
      33.0,
      34.0,
      35.0,
      36.0,
      37.0,
      38.0,
      39.0,
      40.0,
      41.0,
      42.0,
      43.0,
      44.0,
      45.0,
      46.0,
      47.0,
      48.0,
      49.0,
      50.0,
      51.0,
      52.0
    ],