round,mean_madness,std_madness,losers_mean_madness,losers_std_madness
First Round,13.817735360057476,2.106528639042022,17.63169162237693,4.86073435847293
Second Round,8.337707765204197,1.7955329096811354,9.570950128912067,2.1726069013685216
Sweet 16,4.317809410223905,0.8873326196378093,5.019645034678116,1.273768378896562
Elite 8,2.250298061069631,0.5686517947169338,2.491057691410792,0.792126413664629
Final Four,1.0506681903182657,0.40285361586550394,1.2612866494168817,0.5456083304451567
Championship,0.6280754751889789,0.20169148487761923,0.6309731242072766,0.33603019341598717
