round,mean_madness,std_madness
First Round,13.545943543458263,2.0673308995586486
Second Round,8.04294817917058,1.2963240254972068
Sweet 16,4.258267452753446,0.7490682474113074
Elite 8,2.1080108682709207,0.6245682923109607
Final Four,0.9142149854980337,0.4001078650051038
Championship,0.659471877337357,0.21297319862199168
