round,mean_madness,std_madness
First Round,13.29324464289494,2.463902674589284
Second Round,8.241538760062397,1.4298472927090493
Sweet 16,4.254244866067693,0.7225125843244399
Elite 8,2.083595716141045,0.5739446683506046
Final Four,0.8043024540084643,0.37850368779292326
Championship,0.6273770006553784,0.2122655831524593
