round,mean_madness,std_madness
First Round,13.308137292969484,2.322356634262825
Second Round,7.902521209751714,1.3561760400766552
Sweet 16,4.395883941616523,0.7699514312867419
Elite 8,2.1159874921313886,0.5510969200230178
Final Four,1.1168333794288852,0.34932104563419064
Championship,0.6199585540090982,0.21144355394071462
