round,mean_madness,std_madness
First Round,13.236992489259025,2.233786236507511
Second Round,7.893432525115622,1.3217243404457804
Sweet 16,4.399869493685342,0.7892109039806684
Elite 8,2.0713504278460406,0.5264559224619808
Final Four,0.8783796606969942,0.38753670300007287
Championship,0.6184840596226852,0.1888359122054649
