round,max_advantage_upsets,max_advantage,max_density_upsets,mode_upsets,mean_upsets,std_upsets,num_pools
First Round,1.0,0.1505263157894737,2.0,2.0,3.778,2.8150872100167694,500
Second Round,1.0,0.15105263157894736,2.0,2.0,3.046,2.141000700607078,500
Sweet 16,1.0,0.18673684210526317,1.0,1.0,2.2,1.6049922118191104,500
Elite 8,0.0,0.2554736842105263,1.0,1.0,1.208,1.0921245350233644,500
Final Four,,,,0.0,0.372,0.6085693990227028,500
Championship,,,,0.0,0.116,0.3205456270143082,500
Total Upsets,5.0,0.06673684210526315,5.0,5.0,10.72,7.103069758914099,500
