round,max_advantage_upsets,max_advantage,max_density_upsets,mode_upsets,mean_upsets,std_upsets,num_pools
First Round,1.0,0.18315789473684213,1.0,1.0,3.76,3.172128622865094,50
Second Round,1.0,0.25894736842105265,1.0,1.0,3.2,2.545584412271571,50
Sweet 16,1.0,0.1831578947368421,1.0,1.0,2.06,1.4887578715157141,50
Elite 8,0.0,0.2936842105263158,0.0,0.0,1.1,0.9643650760992956,50
Final Four,,,,0.0,0.24,0.4763809143009448,50
Championship,,,,0.0,0.06,0.23989793748209523,50
Total Upsets,3.0,0.0968421052631579,2.0,2.0,10.42,7.261101844761579,50
