round,max_advantage_upsets,max_advantage,max_density_upsets,mode_upsets,mean_upsets,std_upsets,num_pools
First Round,1.0,0.14105263157894737,1.0,1.0,4.04,2.897999309868793,50
Second Round,2.0,0.16210526315789475,4.0,4.0,3.3,2.202271554554524,50
Sweet 16,1.0,0.18105263157894735,3.0,3.0,2.26,1.6347476869535555,50
Elite 8,0.0,0.3178947368421053,0.0,0.0,1.12,1.088852607105296,50
Final Four,,,,0.0,0.34,0.5928141120356123,50
Championship,,,,0.0,0.14,0.3505098327538656,50
Total Upsets,6.0,0.0736842105263158,19.0,19.0,11.2,7.116178749862878,50
