round,max_advantage_upsets,max_advantage,max_density_upsets,mode_upsets,mean_upsets,std_upsets,num_pools
First Round,1.0,0.2868421052631579,1.0,1.0,2.35,1.7965244223221684,20
Second Round,2.0,0.2631578947368421,2.0,2.0,2.1,1.9467922333931782,20
Sweet 16,0.0,0.3289473684210526,0.0,0.0,1.25,1.2196310917650468,20
Elite 8,0.0,0.3894736842105263,0.0,0.0,0.7,0.714142842854285,20
Final Four,,,,0.0,0.15,0.36634754853252327,20
Championship,,,,0.0,0.0,0.0,20
Total Upsets,4.0,0.2,4.0,4.0,6.55,5.200721103847042,20
