round,max_advantage_upsets,max_advantage,max_density_upsets,mode_upsets,mean_upsets,std_upsets,num_pools
First Round,2.0,0.13926315789473684,2.0,2.0,3.826,2.8382607350277036,500
Second Round,1.0,0.1765263157894737,1.0,1.0,3.05,2.3688604855499618,500
Sweet 16,1.0,0.17778947368421052,2.0,2.0,2.206,1.7168471102576375,500
Elite 8,0.0,0.252,1.0,1.0,1.244,1.1047461246820467,500
Final Four,,,,0.0,0.416,0.6194444469407174,500
Championship,,,,0.0,0.13,0.33664024314780494,500
Total Upsets,4.0,0.07473684210526316,4.0,4.0,10.872,7.459732971092196,500
