{
  "First Round": {
    "bin_center": [
      0.0,
      1.0,
      2.0,
      3.0,
      4.0,
      5.0,
      6.0,
      7.0,
      8.0,
      9.0,
      10.0,
      11.0,
      12.0,
      13.0,
      14.0,
      15.0,
      16.0,
      17.0,
      18.0,
      19.0,
      20.0,
      21.0,
      22.0,
      23.0,
      24.0,
      25.0,
      26.0,
      27.0,
      28.0,
      29.0,
      30.0,
      31.0,
      32.0
    ],
    "bin_start": [
      -0.5,
      0.5,
      1.5,
      2.5,
      3.5,
      4.5,
      5.5,
      6.5,
      7.5,
      8.5,
      9.5,
      10.5,
      11.5,
      12.5,
      13.5,
      14.5,
      15.5,
      16.5,
      17.5,
      18.5,
      19.5,
      20.5,
      21.5,
      22.5,
      23.5,
      24.5,
      25.5,
      26.5,
      27.5,
      28.5,
      29.5,
      30.5,
      31.5
    ],
    "bin_end": [
      0.5,
      1.5,
      2.5,
      3.5,
      4.5,
      5.5,
      6.5,
      7.5,
      8.5,
      9.5,
      10.5,
      11.5,
      12.5,
      13.5,
      14.5,
      15.5,
      16.5,
      17.5,
      18.5,
      19.5,
      20.5,
      21.5,
      22.5,
      23.5,
      24.5,
      25.5,
      26.5,
      27.5,
      28.5,
      29.5,
      30.5,
      31.5,
      32.5
    ],
    "winners_density": [
      0.0,
      0.0,
      0.0,
      0.02,
      0.08,
      0.04,
      0.2,
      0.12,
      0.16,
      0.1,
      0.1,
      0.12,
      0.04,
      0.0,
      0.02,
      0.0,
      0.0,
      0.0,
      0.0,
      0.0,
      0.0,
      0.0,
      0.0,
      0.0,
      0.0,
      0.0,
      0.0,
      0.0,
      0.0,
      0.0,
      0.0,
      0.0,
      0.0
    ],
    "non_winners_density": [
      0.004422110552763819,
      0.009648241206030151,
      0.017587939698492462,
      0.03477386934673367,
      0.05025125628140704,
      0.06974874371859296,
      0.09306532663316583,
      0.1057286432160804,
      0.11597989949748744,
      0.11829145728643216,
      0.10824120603015075,
      0.0821105527638191,
      0.06462311557788945,
      0.04743718592964824,
      0.032663316582914576,
      0.020100502512562814,
      0.010452261306532663,
      0.007336683417085427,
      0.004020100502512563,
      0.0019095477386934674,
      0.0010050251256281408,
      0.0006030150753768845,
      0.0,
      0.0,
      0.0,
      0.0,
      0.0,
      0.0,
      0.0,
      0.0,
      0.0,
      0.0,
      0.0
    ],
    "winners_count": [
      0,
      0,
      0,
      1,
      4,
      2,
      10,
      6,
      8,
      5,
      5,
      6,
      2,
      0,
      1,
      0,
      0,
      0,
      0,
      0,
      0,
      0,
      0,
      0,
      0,
      0,
      0,
      0,
      0,
      0,
      0,
      0,
      0
    ],
    "non_winners_count": [
      44,
      96,
      175,
      346,
      500,
      694,
      926,
      1052,
      1154,
      1177,
      1077,
      817,
      643,
      472,
      325,
      200,
      104,
      73,
      40,
      19,
      10,
      6,
      0,
      0,
      0,
      0,
      0,
      0,
      0,
      0,
      0,
      0,
      0
    ],
    "winners_mean": 7.88,
    "non_winners_mean": 8.559798994974875
  },
  "Second Round": {
    "bin_center": [
      0.0,
      1.0,
      2.0,
      3.0,
      4.0,
      5.0,
      6.0,
      7.0,
      8.0,
      9.0,
      10.0,
      11.0,
      12.0,
      13.0,
      14.0,
      15.0,
      16.0
    ],
    "bin_start": [
      -0.5,
      0.5,
      1.5,
      2.5,
      3.5,
      4.5,
      5.5,
      6.5,
      7.5,
      8.5,
      9.5,
      10.5,
      11.5,
      12.5,
      13.5,
      14.5,
      15.5
    ],
    "bin_end": [
      0.5,
      1.5,
      2.5,
      3.5,
      4.5,
      5.5,
      6.5,
      7.5,
      8.5,
      9.5,
      10.5,
      11.5,
      12.5,
      13.5,
      14.5,
      15.5,
      16.5
    ],
    "winners_density": [
      0.0,
      0.02,
      0.0,
      0.14,
      0.22,
      0.2,
      0.12,
      0.1,
      0.14,
      0.04,
      0.0,
      0.02,
      0.0,
      0.0,
      0.0,
      0.0,
      0.0
    ],
    "non_winners_density": [
      0.004623115577889447,
      0.01628140703517588,
      0.03537688442211055,
      0.06562814070351759,
      0.0985929648241206,
      0.13266331658291458,
      0.1478391959798995,
      0.13899497487437185,
      0.13306532663316584,
      0.09266331658291457,
      0.06452261306532664,
      0.03899497487437186,
      0.02,
      0.00864321608040201,
      0.0016080402010050252,
      0.0005025125628140704,
      0.0
    ],
    "winners_count": [
      0,
      1,
      0,
      7,
      11,
      10,
      6,
      5,
      7,
      2,
      0,
      1,
      0,
      0,
      0,
      0,
      0
    ],
    "non_winners_count": [
      46,
      162,
      352,
      653,
      981,
      1320,
      1471,
      1383,
      1324,
      922,
      642,
      388,
      199,
      86,
      16,
      5,
      0
    ],
    "winners_mean": 5.44,
    "non_winners_mean": 6.556683417085427
  },
  "Sweet 16": {
    "bin_center": [
      0.0,
      1.0,
      2.0,
      3.0,
      4.0,
      5.0,
      6.0,
      7.0,
      8.0
    ],
    "bin_start": [
      -0.5,
      0.5,
      1.5,
      2.5,
      3.5,
      4.5,
      5.5,
      6.5,
      7.5
    ],
    "bin_end": [
      0.5,
      1.5,
      2.5,
      3.5,
      4.5,
      5.5,
      6.5,
      7.5,
      8.5
    ],
    "winners_density": [
      0.0,
      0.08,
      0.08,
      0.24,
      0.3,
      0.26,
      0.02,
      0.02,
      0.0
    ],
    "non_winners_density": [
      0.010954773869346734,
      0.03728643216080402,
      0.08562814070351758,
      0.16291457286432162,
      0.21849246231155778,
      0.22371859296482413,
      0.15688442211055276,
      0.08251256281407035,
      0.021608040201005024
    ],
    "winners_count": [
      0,
      4,
      4,
      12,
      15,
      13,
      1,
      1,
      0
    ],
    "non_winners_count": [
      109,
      371,
      852,
      1621,
      2174,
      2226,
      1561,
      821,
      215
    ],
    "winners_mean": 3.72,
    "non_winners_mean": 4.381608040201005
  },
  "Elite 8": {
    "bin_center": [
      0.0,
      1.0,
      2.0,
      3.0,
      4.0
    ],
    "bin_start": [
      -0.5,
      0.5,
      1.5,
      2.5,
      3.5
    ],
    "bin_end": [
      0.5,
      1.5,
      2.5,
      3.5,
      4.5
    ],
    "winners_density": [
      0.04,
      0.24,
      0.34,
      0.3,
      0.08
    ],
    "non_winners_density": [
      0.04592964824120603,
      0.15798994974874372,
      0.29246231155778896,
      0.3287437185929648,
      0.1748743718592965
    ],
    "winners_count": [
      2,
      12,
      17,
      15,
      4
    ],
    "non_winners_count": [
      457,
      1572,
      2910,
      3271,
      1740
    ],
    "winners_mean": 2.14,
    "non_winners_mean": 2.428643216080402
  },
  "Total Upsets": {
    "bin_center": [
      0.0,
      1.0,
      2.0,
      3.0,
      4.0,
      5.0,
      6.0,
      7.0,
      8.0,
      9.0,
      10.0,
      11.0,
      12.0,
      13.0,
      14.0,
      15.0,
      16.0,
      17.0,
      18.0,
      19.0,
      20.0,
      21.0,
      22.0,
      23.0,
      24.0,
      25.0,
      26.0,
      27.0,
      28.0,
      29.0,
      30.0,
      31.0,
      32.0,
      33.0,
      34.0,
      35.0,
      36.0,
      37.0,
      38.0,
      39.0,
      40.0,
      41.0,
      42.0,
      43.0,
      44.0,
      45.0,
      46.0,
      47.0,
      48.0,
      49.0
    ],