{
  "First Round": {
    "bin_center": [
      0.0,
      1.0,
      2.0,
      3.0,
      4.0,
      5.0,
      6.0,
      7.0,
      8.0,
      9.0,
      10.0,
      11.0,
      12.0,
      13.0,
      14.0,
      15.0,
      16.0,
      17.0,
      18.0,
      19.0,
      20.0,
      21.0,
      22.0,
      23.0,
      24.0,
      25.0,
      26.0,
      27.0,
      28.0,
      29.0,
      30.0,
      31.0,
      32.0
    ],
    "bin_start": [
      -0.5,
      0.5,
      1.5,
      2.5,
      3.5,
      4.5,
      5.5,
      6.5,
      7.5,
      8.5,
      9.5,
      10.5,
      11.5,
      12.5,
      13.5,
      14.5,
      15.5,
      16.5,
      17.5,
      18.5,
      19.5,
      20.5,
      21.5,
      22.5,
      23.5,
      24.5,
      25.5,
      26.5,
      27.5,
      28.5,
      29.5,
      30.5,
      31.5
    ],
    "bin_end": [
      0.5,
      1.5,
      2.5,
      3.5,
      4.5,
      5.5,
      6.5,
      7.5,
      8.5,
      9.5,
      10.5,
      11.5,
      12.5,
      13.5,
      14.5,
      15.5,
      16.5,
      17.5,
      18.5,
      19.5,
      20.5,
      21.5,
      22.5,
      23.5,
      24.5,
      25.5,
      26.5,
      27.5,
      28.5,
      29.5,
      30.5,
      31.5,
      32.5
    ],
    "winners_density": [
      0.0,
      0.0,
      0.0,
      0.05,
      0.1,
      0.1,
      0.25,
      0.1,
      0.2,
      0.05,
      0.0,
      0.1,
      0.05,
      0.0,
      0.0,
      0.0,
      0.0,
      0.0,
      0.0,
      0.0,
      0.0,
      0.0,
      0.0,
      0.0,
      0.0,
      0.0,
      0.0,
      0.0,
      0.0,
      0.0,
      0.0,
      0.0,
      0.0
    ],
    "non_winners_density": [
      0.004271356783919598,
      0.00628140703517588,
      0.02085427135678392,
      0.036683417085427134,
      0.04547738693467337,
      0.0721105527638191,
      0.0949748743718593,
      0.10879396984924623,
      0.11557788944723618,
      0.11582914572864321,
      0.10326633165829145,
      0.08618090452261307,
      0.06909547738693467,
      0.044221105527638194,
      0.031155778894472363,
      0.02085427135678392,
      0.010552763819095477,
      0.006532663316582915,
      0.0035175879396984926,
      0.0017587939698492463,
      0.0010050251256281408,
      0.0005025125628140704,
      0.0005025125628140704,
      0.0,
      0.0,
      0.0,
      0.0,
      0.0,
      0.0,
      0.0,
      0.0,
      0.0,
      0.0
    ],
    "winners_count": [
      0,
      0,
      0,
      1,
      2,
      2,
      5,
      2,
      4,
      1,
      0,
      2,
      1,
      0,
      0,
      0,
      0,
      0,
      0,
      0,
      0,
      0,
      0,
      0,
      0,
      0,
      0,
      0,
      0,
      0,
      0,
      0,
      0
    ],
    "non_winners_count": [
      17,
      25,
      83,
      146,
      181,
      287,
      378,
      433,
      460,
      461,
      411,
      343,
      275,
      176,
      124,
      83,
      42,
      26,
      14,
      7,
      4,
      2,
      2,
      0,
      0,
      0,
      0,
      0,
      0,
      0,
      0,
      0,
      0
    ],
    "winners_mean": 7.0,
    "non_winners_mean": 8.551005025125628
  },
  "Second Round": {
    "bin_center": [
      0.0,
      1.0,
      2.0,
      3.0,
      4.0,
      5.0,
      6.0,
      7.0,
      8.0,
      9.0,
      10.0,
      11.0,
      12.0,
      13.0,
      14.0,
      15.0,
      16.0
    ],
    "bin_start": [
      -0.5,
      0.5,
      1.5,
      2.5,
      3.5,
      4.5,
      5.5,
      6.5,
      7.5,
      8.5,
      9.5,
      10.5,
      11.5,
      12.5,
      13.5,
      14.5,
      15.5
    ],
    "bin_end": [
      0.5,
      1.5,
      2.5,
      3.5,
      4.5,
      5.5,
      6.5,
      7.5,
      8.5,
      9.5,
      10.5,
      11.5,
      12.5,
      13.5,
      14.5,
      15.5,
      16.5
    ],
    "winners_density": [
      0.0,
      0.05,
      0.0,
      0.0,
      0.1,
      0.05,
      0.1,
      0.4,
      0.25,
      0.05,
      0.0,
      0.0,
      0.0,
      0.0,
      0.0,
      0.0,
      0.0
    ],
    "non_winners_density": [
      0.004271356783919598,
      0.015326633165829147,
      0.03492462311557789,
      0.06306532663316583,
      0.10477386934673368,
      0.12738693467336684,
      0.1527638190954774,
      0.13944723618090452,
      0.13015075376884422,
      0.09949748743718594,
      0.05678391959798995,
      0.040452261306532664,
      0.017336683417085427,
      0.010301507537688442,
      0.0022613065326633165,
      0.0010050251256281408,
      0.0002512562814070352
    ],
    "winners_count": [
      0,
      1,
      0,
      0,
      2,
      1,
      2,
      8,
      5,
      1,
      0,
      0,
      0,
      0,
      0,
      0,
      0
    ],
    "non_winners_count": [
      17,
      61,
      139,
      251,
      417,
      507,
      608,
      555,
      518,
      396,
      226,
      161,
      69,
      41,
      9,
      4,
      1
    ],
    "winners_mean": 6.55,
    "non_winners_mean": 6.565326633165829
  },
  "Sweet 16": {
    "bin_center": [
      0.0,
      1.0,
      2.0,
      3.0,
      4.0,
      5.0,
      6.0,
      7.0,
      8.0
    ],
    "bin_start": [
      -0.5,
      0.5,
      1.5,
      2.5,
      3.5,
      4.5,
      5.5,
      6.5,
      7.5
    ],
    "bin_end": [
      0.5,
      1.5,
      2.5,
      3.5,
      4.5,
      5.5,
      6.5,
      7.5,
      8.5
    ],
    "winners_density": [
      0.0,
      0.0,
      0.05,
      0.25,
      0.25,
      0.15,
      0.15,
      0.15,
      0.0
    ],
    "non_winners_density": [
      0.010804020100502512,
      0.03869346733668342,
      0.08844221105527639,
      0.15678391959798996,
      0.21708542713567838,
      0.23190954773869346,
      0.15577889447236182,
      0.07964824120603015,
      0.02085427135678392
    ],
    "winners_count": [
      0,
      0,
      1,
      5,
      5,
      3,
      3,
      3,
      0
    ],
    "non_winners_count": [
      43,
      154,
      352,
      624,
      864,
      923,
      620,
      317,
      83
    ],
    "winners_mean": 4.55,
    "non_winners_mean": 4.3728643216080405
  },
  "Elite 8": {
    "bin_center": [
      0.0,
      1.0,
      2.0,
      3.0,
      4.0
    ],
    "bin_start": [
      -0.5,
      0.5,
      1.5,
      2.5,
      3.5
    ],
    "bin_end": [
      0.5,
      1.5,
      2.5,
      3.5,
      4.5
    ],
    "winners_density": [
      0.05,
      0.25,
      0.4,
      0.0,
      0.3
    ],
    "non_winners_density": [
      0.05,
      0.15477386934673368,
      0.2989949748743719,
      0.3246231155778894,
      0.17160804020100504
    ],
    "winners_count": [
      1,
      5,
      8,
      0,
      6
    ],
    "non_winners_count": [
      199,
      616,
      1190,
      1292,
      683
    ],
    "winners_mean": 2.25,
    "non_winners_mean": 2.413065326633166
  },
  "Total Upsets": {
    "bin_center": [
      0.0,
      1.0,
      2.0,
      3.0,
      4.0,
      5.0,
      6.0,
      7.0,
      8.0,
      9.0,
      10.0,
      11.0,
      12.0,
      13.0,
      14.0,
      15.0,
      16.0,
      17.0,
      18.0,
      19.0,
      20.0,
      21.0,
      22.0,
      23.0,
      24.0,
      25.0,
      26.0,
      27.0,
      28.0,
      29.0,
      30.0,
      31.0,
      32.0,
      33.0,
      34.0,
      35.0,
      36.0,
      37.0,
      38.0,
      39.0,
      40.0,
      41.0,
      42.0,
      43.0,
      44.0,
      45.0,
      46.0,
      47.0,
      48.0,
      49.0,
      50.0
    ],