{
  "First Round": {
    "bin_center": [
      0.0,
      1.0,
      2.0,
      3.0,
      4.0,
      5.0,
      6.0,
      7.0,
      8.0,
      9.0,
      10.0,
      11.0,
      12.0,
      13.0,
      14.0,
      15.0,
      16.0,
      17.0,
      18.0,
      19.0,
      20.0,
      21.0,
      22.0,
      23.0,
      24.0,
      25.0,
      26.0,
      27.0,
      28.0,
      29.0,
      30.0,
      31.0,
      32.0
    ],
    "bin_start": [
      -0.5,
      0.5,
      1.5,
      2.5,
      3.5,
      4.5,
      5.5,
      6.5,
      7.5,
      8.5,
      9.5,
      10.5,
      11.5,
      12.5,
      13.5,
      14.5,
      15.5,
      16.5,
      17.5,
      18.5,
      19.5,
      20.5,
      21.5,
      22.5,
      23.5,
      24.5,
      25.5,
      26.5,
      27.5,
      28.5,
      29.5,
      30.5,
      31.5
    ],
    "bin_end": [
      0.5,
      1.5,
      2.5,
      3.5,
      4.5,
      5.5,
      6.5,
      7.5,
      8.5,
      9.5,
      10.5,
      11.5,
      12.5,
      13.5,
      14.5,
      15.5,
      16.5,
      17.5,
      18.5,
      19.5,
      20.5,
      21.5,
      22.5,
      23.5,
      24.5,
      25.5,
      26.5,
      27.5,
      28.5,
      29.5,
      30.5,
      31.5,
      32.5
    ],
    "winners_density": [
      0.0,
      0.0,
      0.04,
      0.04,
      0.08,
      0.12,
      0.18,
      0.12,
      0.12,
      0.08,
      0.12,
      0.04,
      0.02,
      0.02,
      0.0,
      0.02,
      0.0,
      0.0,
      0.0,
      0.0,
      0.0,
      0.0,
      0.0,
      0.0,
      0.0,
      0.0,
      0.0,
      0.0,
      0.0,
      0.0,
      0.0,
      0.0,
      0.0
    ],
    "non_winners_density": [
      0.004020100502512563,
      0.009346733668341708,
      0.02,
      0.03477386934673367,
      0.05075376884422111,
      0.0728643216080402,
      0.09537688442211055,
      0.10613065326633166,
      0.11437185929648241,
      0.11517587939698493,
      0.10100502512562815,
      0.08492462311557789,
      0.06703517587939699,
      0.04824120603015075,
      0.03326633165829146,
      0.017989949748743718,
      0.01256281407035176,
      0.006532663316582915,
      0.002914572864321608,
      0.001407035175879397,
      0.0008040201005025126,
      0.0004020100502512563,
      0.00010050251256281407,
      0.0,
      0.0,
      0.0,
      0.0,
      0.0,
      0.0,
      0.0,
      0.0,
      0.0,
      0.0
    ],
    "winners_count": [
      0,
      0,
      2,
      2,
      4,
      6,
      9,
      6,
      6,
      4,
      6,
      2,
      1,
      1,
      0,
      1,
      0,
      0,
      0,
      0,
      0,
      0,
      0,
      0,
      0,
      0,
      0,
      0,
      0,
      0,
      0,
      0,
      0
    ],
    "non_winners_count": [
      40,
      93,
      199,
      346,
      505,
      725,
      949,
      1056,
      1138,
      1146,
      1005,
      845,
      667,
      480,
      331,
      179,
      125,
      65,
      29,
      14,
      8,
      4,
      1,
      0,
      0,
      0,
      0,
      0,
      0,
      0,
      0,
      0,
      0
    ],
    "winners_mean": 7.16,
    "non_winners_mean": 8.517085427135678
  },
  "Second Round": {
    "bin_center": [
      0.0,
      1.0,
      2.0,
      3.0,
      4.0,
      5.0,
      6.0,
      7.0,
      8.0,
      9.0,
      10.0,
      11.0,
      12.0,
      13.0,
      14.0,
      15.0,
      16.0
    ],
    "bin_start": [
      -0.5,
      0.5,
      1.5,
      2.5,
      3.5,
      4.5,
      5.5,
      6.5,
      7.5,
      8.5,
      9.5,
      10.5,
      11.5,
      12.5,
      13.5,
      14.5,
      15.5
    ],
    "bin_end": [
      0.5,
      1.5,
      2.5,
      3.5,
      4.5,
      5.5,
      6.5,
      7.5,
      8.5,
      9.5,
      10.5,
      11.5,
      12.5,
      13.5,
      14.5,
      15.5,
      16.5
    ],
    "winners_density": [
      0.0,
      0.0,
      0.0,
      0.08,
      0.12,
      0.18,
      0.16,
      0.14,
      0.16,
      0.12,
      0.0,
      0.04,
      0.0,
      0.0,
      0.0,
      0.0,
      0.0
    ],
    "non_winners_density": [
      0.006834170854271356,
      0.016080402010050253,
      0.034673366834170855,
      0.060703517587939695,
      0.0971859296482412,
      0.12623115577889446,
      0.14663316582914573,
      0.1479396984924623,
      0.1228140703517588,
      0.09809045226130653,
      0.07155778894472362,
      0.04120603015075377,
      0.01899497487437186,
      0.00814070351758794,
      0.002512562814070352,
      0.0004020100502512563,
      0.0
    ],
    "winners_count": [
      0,
      0,
      0,
      4,
      6,
      9,
      8,
      7,
      8,
      6,
      0,
      2,
      0,
      0,
      0,
      0,
      0
    ],
    "non_winners_count": [
      68,
      160,
      345,
      604,
      967,
      1256,
      1459,
      1472,
      1222,
      976,
      712,
      410,
      189,
      81,
      25,
      4,
      0
    ],
    "winners_mean": 6.36,
    "non_winners_mean": 6.611959798994975
  },
  "Sweet 16": {
    "bin_center": [
      0.0,
      1.0,
      2.0,
      3.0,
      4.0,
      5.0,
      6.0,
      7.0,
      8.0
    ],
    "bin_start": [
      -0.5,
      0.5,
      1.5,
      2.5,
      3.5,
      4.5,
      5.5,
      6.5,
      7.5
    ],
    "bin_end": [
      0.5,
      1.5,
      2.5,
      3.5,
      4.5,
      5.5,
      6.5,
      7.5,
      8.5
    ],
    "winners_density": [
      0.0,
      0.04,
      0.12,
      0.1,
      0.32,
      0.2,
      0.16,
      0.04,
      0.02
    ],
    "non_winners_density": [
      0.010954773869346734,
      0.033165829145728645,
      0.08512562814070351,
      0.16130653266331657,
      0.22371859296482413,
      0.21798994974874372,
      0.16251256281407034,
      0.08080402010050251,
      0.024422110552763818
    ],
    "winners_count": [
      0,
      2,
      6,
      5,
      16,
      10,
      8,
      2,
      1
    ],
    "non_winners_count": [
      109,
      330,
      847,
      1605,
      2226,
      2169,
      1617,
      804,
      243
    ],
    "winners_mean": 4.26,
    "non_winners_mean": 4.408241206030151
  },
  "Elite 8": {
    "bin_center": [
      0.0,
      1.0,
      2.0,
      3.0,
      4.0
    ],
    "bin_start": [
      -0.5,
      0.5,
      1.5,
      2.5,
      3.5
    ],
    "bin_end": [
      0.5,
      1.5,
      2.5,
      3.5,
      4.5
    ],
    "winners_density": [
      0.08,
      0.2,
      0.26,
      0.26,
      0.2
    ],
    "non_winners_density": [
      0.04311557788944723,
      0.16050251256281406,
      0.2997989949748744,
      0.3171859296482412,
      0.1793969849246231
    ],
    "winners_count": [
      4,
      10,
      13,
      13,
      10
    ],
    "non_winners_count": [
      429,
      1597,
      2983,
      3156,
      1785
    ],
    "winners_mean": 2.3,
    "non_winners_mean": 2.429246231155779
  },
  "Total Upsets": {
    "bin_center": [
      0.0,
      1.0,
      2.0,
      3.0,
      4.0,
      5.0,
      6.0,
      7.0,
      8.0,
      9.0,
      10.0,
      11.0,
      12.0,
      13.0,
      14.0,
      15.0,
      16.0,
      17.0,
      18.0,
      19.0,
      20.0,
      21.0,
      22.0,
      23.0,
      24.0,
      25.0,
      26.0,
      27.0,
      28.0,
      29.0,
      30.0,
      31.0,
      32.0,
      33.0,
      34.0,
      35.0,
      36.0,
      37.0,
      38.0,
      39.0,
      40.0,
      41.0,
      42.0,
      43.0,
      44.0,
      45.0,
      46.0,
      47.0,
      48.0,
      49.0,
      50.0,
      51.0
    ],