round,mean_madness,std_madness
First Round,15.384013235979193,3.0653172206387502
Second Round,9.22615390938122,1.5786892746836094
Sweet 16,4.71850240617604,1.2082031435353742
Elite 8,2.2999672609593476,0.6569840608043983
Final Four,0.998301563421143,0.4718325167611039
Championship,0.6343840234898649,0.27152036350502873
