round,max_advantage_upsets,max_advantage,max_density_upsets,mode_upsets,mean_upsets,std_upsets,losers_mean_upsets,losers_std_upsets,num_pools
First Round,6.0,0.10693467336683418,6.0,6.0,7.88,2.4465485893396846,8.559798994974875,3.415923686642284,50
Second Round,4.0,0.1214070351758794,4.0,4.0,5.44,2.011566553708825,6.556683417085427,2.5974771399841194,50
Sweet 16,4.0,0.08150753768844221,4.0,4.0,3.72,1.312097557348538,4.381608040201005,1.6763814305338964,50
Elite 8,1.0,0.08201005025125627,2.0,2.0,2.14,1.000199980003999,2.428643216080402,1.0891348594421024,50
Final Four,,,,1.0,0.9,0.6468132241526727,1.0344723618090452,0.747066354940019,50
Championship,,,,0.0,0.36,0.48487322138506117,0.4379899497487437,0.4961398529324536,50
Total Upsets,24.0,0.07366834170854271,24.0,24.0,20.44,4.79232720084929,23.3991959798995,7.961013000665666,50
