round,max_advantage_upsets,max_advantage,max_density_upsets,mode_upsets,mean_upsets,std_upsets,num_pools
First Round,6.0,0.08462311557788944,6.0,6.0,7.16,2.7666586345264927,50
Second Round,5.0,0.05376884422110553,5.0,5.0,6.36,2.02741214359587,50
Sweet 16,4.0,0.09628140703517588,4.0,4.0,4.26,1.5467385040788246,50
Elite 8,1.0,0.03949748743718595,2.0,2.0,2.3,1.2206555615733703,50
Final Four,,,,0.0,0.98,0.8204030865920703,50
Championship,,,,0.0,0.38,0.49031435147801467,50
Total Upsets,20.0,0.095678391959799,20.0,20.0,21.44,6.030456035823493,50
