{
  "First Round": {
    "bin_center": [
      0.0,
      1.0,
      2.0,
      3.0,
      4.0,
      5.0,
      6.0,
      7.0,
      8.0,
      9.0,
      10.0,
      11.0,
      12.0,
      13.0,
      14.0,
      15.0,
      16.0,
      17.0,
      18.0,
      19.0,
      20.0,
      21.0,
      22.0,
      23.0,
      24.0,
      25.0,
      26.0,
      27.0,
      28.0,
      29.0,
      30.0,
      31.0,
      32.0
    ],
    "bin_start": [
      -0.5,
      0.5,
      1.5,
      2.5,
      3.5,
      4.5,
      5.5,
      6.5,
      7.5,
      8.5,
      9.5,
      10.5,
      11.5,
      12.5,
      13.5,
      14.5,
      15.5,
      16.5,
      17.5,
      18.5,
      19.5,
      20.5,
      21.5,
      22.5,
      23.5,
      24.5,
      25.5,
      26.5,
      27.5,
      28.5,
      29.5,
      30.5,
      31.5
    ],
    "bin_end": [
      0.5,
      1.5,
      2.5,
      3.5,
      4.5,
      5.5,
      6.5,
      7.5,
      8.5,
      9.5,
      10.5,
      11.5,
      12.5,
      13.5,
      14.5,
      15.5,
      16.5,
      17.5,
      18.5,
      19.5,
      20.5,
      21.5,
      22.5,
      23.5,
      24.5,
      25.5,
      26.5,
      27.5,
      28.5,
      29.5,
      30.5,
      31.5,
      32.5
    ],
    "winners_density": [
      0.173,
      0.269,
      0.249,
      0.16,
      0.088,
      0.028,
      0.018,
      0.006,
      0.004,
      0.002,
      0.001,
      0.001,
      0.001,
      0.0,
      0.0,
      0.0,
      0.0,
      0.0,
      0.0,
      0.0,
      0.0,
      0.0,
      0.0,
      0.0,
      0.0,
      0.0,
      0.0,
      0.0,
      0.0,
      0.0,
      0.0,
      0.0,
      0.0
    ],
    "non_winners_density": [
      0.0036666666666666666,
      0.008444444444444444,
      0.01633333333333333,
      0.025444444444444443,
      0.04111111111111111,
      0.062,
      0.07788888888888888,
      0.09822222222222222,
      0.11366666666666667,
      0.11266666666666666,
      0.10022222222222223,
      0.08433333333333333,
      0.06844444444444445,
      0.05544444444444444,
      0.04066666666666666,
      0.03211111111111111,
      0.02277777777777778,
      0.015111111111111112,
      0.011,
      0.006222222222222222,
      0.001888888888888889,
      0.0014444444444444444,
      0.0007777777777777777,
      0.00011111111111111112,
      0.0,
      0.0,
      0.0,
      0.0,
      0.0,
      0.0,
      0.0,
      0.0,
      0.0
    ],
    "winners_count": [
      173,
      269,
      249,
      160,
      88,
      28,
      18,
      6,
      4,
      2,
      1,
      1,
      1,
      0,
      0,
      0,
      0,
      0,
      0,
      0,
      0,
      0,
      0,
      0,
      0,
      0,
      0,
      0,
      0,
      0,
      0,
      0,
      0
    ],
    "non_winners_count": [
      33,
      76,
      147,
      229,
      370,
      558,
      701,
      884,
      1023,
      1014,
      902,
      759,
      616,
      499,
      366,
      289,
      205,
      136,
      99,
      56,
      17,
      13,
      7,
      1,
      0,
      0,
      0,
      0,
      0,
      0,
      0,
      0,
      0
    ],
    "winners_mean": 1.972,
    "non_winners_mean": 9.218444444444444
  },
  "Second Round": {
    "bin_center": [
      0.0,
      1.0,
      2.0,
      3.0,
      4.0,
      5.0,
      6.0,
      7.0,
      8.0,
      9.0,
      10.0,
      11.0,
      12.0,
      13.0,
      14.0,
      15.0,
      16.0
    ],
    "bin_start": [
      -0.5,
      0.5,
      1.5,
      2.5,
      3.5,
      4.5,
      5.5,
      6.5,
      7.5,
      8.5,
      9.5,
      10.5,
      11.5,
      12.5,
      13.5,
      14.5,
      15.5
    ],
    "bin_end": [
      0.5,
      1.5,
      2.5,
      3.5,
      4.5,
      5.5,
      6.5,
      7.5,
      8.5,
      9.5,
      10.5,
      11.5,
      12.5,
      13.5,
      14.5,
      15.5,
      16.5
    ],
    "winners_density": [
      0.186,
      0.321,
      0.267,
      0.134,
      0.053,
      0.021,
      0.008,
      0.006,
      0.003,
      0.001,
      0.0,
      0.0,
      0.0,
      0.0,
      0.0,
      0.0,
      0.0
    ],
    "non_winners_density": [
      0.006,
      0.014,
      0.026222222222222223,
      0.05322222222222222,
      0.088,
      0.12366666666666666,
      0.13866666666666666,
      0.13644444444444445,
      0.12055555555555555,
      0.096,
      0.07133333333333333,
      0.059333333333333335,
      0.036222222222222225,
      0.018666666666666668,
      0.009555555555555555,
      0.002,
      0.00011111111111111112
    ],
    "winners_count": [
      186,
      321,
      267,
      134,
      53,
      21,
      8,
      6,
      3,
      1,
      0,
      0,
      0,
      0,
      0,
      0,
      0
    ],
    "non_winners_count": [
      54,
      126,
      236,
      479,
      792,
      1113,
      1248,
      1228,
      1085,
      864,
      642,
      534,
      326,
      168,
      86,
      18,
      1
    ],
    "winners_mean": 1.697,
    "non_winners_mean": 7.020888888888889
  },
  "Sweet 16": {
    "bin_center": [
      0.0,
      1.0,
      2.0,
      3.0,
      4.0,
      5.0,
      6.0,
      7.0,
      8.0
    ],
    "bin_start": [
      -0.5,
      0.5,
      1.5,
      2.5,
      3.5,
      4.5,
      5.5,
      6.5,
      7.5
    ],
    "bin_end": [
      0.5,
      1.5,
      2.5,
      3.5,
      4.5,
      5.5,
      6.5,
      7.5,
      8.5
    ],
    "winners_density": [
      0.281,
      0.361,
      0.218,
      0.092,
      0.037,
      0.01,
      0.001,
      0.0,
      0.0
    ],
    "non_winners_density": [
      0.007666666666666666,
      0.03133333333333333,
      0.07955555555555556,
      0.14444444444444443,
      0.20533333333333334,
      0.21044444444444443,
      0.17144444444444445,
      0.11055555555555556,
      0.03922222222222222
    ],
    "winners_count": [
      281,
      361,
      218,
      92,
      37,
      10,
      1,
      0,
      0
    ],
    "non_winners_count": [
      69,
      282,
      716,
      1300,
      1848,
      1894,
      1543,
      995,
      353
    ],
    "winners_mean": 1.277,
    "non_winners_mean": 4.613666666666667
  },
  "Elite 8": {
    "bin_center": [
      0.0,
      1.0,
      2.0,
      3.0,
      4.0
    ],
    "bin_start": [
      -0.5,
      0.5,
      1.5,
      2.5,
      3.5
    ],
    "bin_end": [
      0.5,
      1.5,
      2.5,
      3.5,
      4.5
    ],
    "winners_density": [
      0.461,
      0.378,
      0.138,
      0.02,
      0.003
    ],
    "non_winners_density": [
      0.03922222222222222,
      0.14322222222222222,
      0.2767777777777778,
      0.312,
      0.22877777777777777
    ],
    "winners_count": [
      461,
      378,
      138,
      20,
      3
    ],
    "non_winners_count": [
      353,
      1289,
      2491,
      2808,
      2059
    ],
    "winners_mean": 0.726,
    "non_winners_mean": 2.547888888888889
  },
  "Total Upsets": {
    "bin_center": [
      0.0,
      1.0,
      2.0,
      3.0,
      4.0,
      5.0,
      6.0,
      7.0,
      8.0,
      9.0,
      10.0,
      11.0,
      12.0,
      13.0,
      14.0,
      15.0,
      16.0,
      17.0,
      18.0,
      19.0,
      20.0,
      21.0,
      22.0,
      23.0,
      24.0,
      25.0,
      26.0,
      27.0,
      28.0,
      29.0,
      30.0,
      31.0,
      32.0,
      33.0,
      34.0,
      35.0,
      36.0,
      37.0,
      38.0,
      39.0,
      40.0,
      41.0,
      42.0,
      43.0,
      44.0,
      45.0,
      46.0,
      47.0,
      48.0,
      49.0,
      50.0,
      51.0
    ],