{
  "First Round": {
    "bin_center": [
      0.0,
      1.0,
      2.0,
      3.0,
      4.0,
      5.0,
      6.0,
      7.0,
      8.0,
      9.0,
      10.0,
      11.0,
      12.0,
      13.0,
      14.0,
      15.0,
      16.0,
      17.0,
      18.0,
      19.0,
      20.0,
      21.0,
      22.0,
      23.0,
      24.0,
      25.0,
      26.0,
      27.0,
      28.0,
      29.0,
      30.0,
      31.0,
      32.0
    ],
    "bin_start": [
      -0.5,
      0.5,
      1.5,
      2.5,
      3.5,
      4.5,
      5.5,
      6.5,
      7.5,
      8.5,
      9.5,
      10.5,
      11.5,
      12.5,
      13.5,
      14.5,
      15.5,
      16.5,
      17.5,
      18.5,
      19.5,
      20.5,
      21.5,
      22.5,
      23.5,
      24.5,
      25.5,
      26.5,
      27.5,
      28.5,
      29.5,
      30.5,
      31.5
    ],
    "bin_end": [
      0.5,
      1.5,
      2.5,
      3.5,
      4.5,
      5.5,
      6.5,
      7.5,
      8.5,
      9.5,
      10.5,
      11.5,
      12.5,
      13.5,
      14.5,
      15.5,
      16.5,
      17.5,
      18.5,
      19.5,
      20.5,
      21.5,
      22.5,
      23.5,
      24.5,
      25.5,
      26.5,
      27.5,
      28.5,
      29.5,
      30.5,
      31.5,
      32.5
    ],
    "winners_density": [
      0.137,
      0.311,
      0.282,
      0.139,
      0.076,
      0.03,
      0.012,
      0.006,
      0.004,
      0.001,
      0.001,
      0.0,
      0.001,
      0.0,
      0.0,
      0.0,
      0.0,
      0.0,
      0.0,
      0.0,
      0.0,
      0.0,
      0.0,
      0.0,
      0.0,
      0.0,
      0.0,
      0.0,
      0.0,
      0.0,
      0.0,
      0.0,
      0.0
    ],
    "non_winners_density": [
      0.0047777777777777775,
      0.009,
      0.016555555555555556,
      0.021111111111111112,
      0.03988888888888889,
      0.06311111111111112,
      0.08488888888888889,
      0.09922222222222223,
      0.10744444444444444,
      0.10677777777777778,
      0.10655555555555556,
      0.08844444444444445,
      0.07011111111111111,
      0.05366666666666667,
      0.04011111111111111,
      0.028666666666666667,
      0.021555555555555557,
      0.015222222222222222,
      0.011777777777777778,
      0.006111111111111111,
      0.0028888888888888888,
      0.0014444444444444444,
      0.00044444444444444447,
      0.00011111111111111112,
      0.00011111111111111112,
      0.0,
      0.0,
      0.0,
      0.0,
      0.0,
      0.0,
      0.0,
      0.0
    ],
    "winners_count": [
      137,
      311,
      282,
      139,
      76,
      30,
      12,
      6,
      4,
      1,
      1,
      0,
      1,
      0,
      0,
      0,
      0,
      0,
      0,
      0,
      0,
      0,
      0,
      0,
      0,
      0,
      0,
      0,
      0,
      0,
      0,
      0,
      0
    ],
    "non_winners_count": [
      43,
      81,
      149,
      190,
      359,
      568,
      764,
      893,
      967,
      961,
      959,
      796,
      631,
      483,
      361,
      258,
      194,
      137,
      106,
      55,
      26,
      13,
      4,
      1,
      1,
      0,
      0,
      0,
      0,
      0,
      0,
      0,
      0
    ],
    "winners_mean": 1.923,
    "non_winners_mean": 9.20888888888889
  },
  "Second Round": {
    "bin_center": [
      0.0,
      1.0,
      2.0,
      3.0,
      4.0,
      5.0,
      6.0,
      7.0,
      8.0,
      9.0,
      10.0,
      11.0,
      12.0,
      13.0,
      14.0,
      15.0,
      16.0
    ],
    "bin_start": [
      -0.5,
      0.5,
      1.5,
      2.5,
      3.5,
      4.5,
      5.5,
      6.5,
      7.5,
      8.5,
      9.5,
      10.5,
      11.5,
      12.5,
      13.5,
      14.5,
      15.5
    ],
    "bin_end": [
      0.5,
      1.5,
      2.5,
      3.5,
      4.5,
      5.5,
      6.5,
      7.5,
      8.5,
      9.5,
      10.5,
      11.5,
      12.5,
      13.5,
      14.5,
      15.5,
      16.5
    ],
    "winners_density": [
      0.207,
      0.323,
      0.264,
      0.126,
      0.057,
      0.014,
      0.005,
      0.002,
      0.001,
      0.001,
      0.0,
      0.0,
      0.0,
      0.0,
      0.0,
      0.0,
      0.0
    ],
    "non_winners_density": [
      0.005555555555555556,
      0.012888888888888889,
      0.02722222222222222,
      0.051111111111111114,
      0.08722222222222223,
      0.11877777777777777,
      0.13877777777777778,
      0.1378888888888889,
      0.12766666666666668,
      0.09755555555555556,
      0.07388888888888889,
      0.054,
      0.033555555555555554,
      0.021666666666666667,
      0.008777777777777778,
      0.0028888888888888888,
      0.0005555555555555556
    ],
    "winners_count": [
      207,
      323,
      264,
      126,
      57,
      14,
      5,
      2,
      1,
      1,
      0,
      0,
      0,
      0,
      0,
      0,
      0
    ],
    "non_winners_count": [
      50,
      116,
      245,
      460,
      785,
      1069,
      1249,
      1241,
      1149,
      878,
      665,
      486,
      302,
      195,
      79,
      26,
      5
    ],
    "winners_mean": 1.588,
    "non_winners_mean": 7.053
  },
  "Sweet 16": {
    "bin_center": [
      0.0,
      1.0,
      2.0,
      3.0,
      4.0,
      5.0,
      6.0,
      7.0,
      8.0
    ],
    "bin_start": [
      -0.5,
      0.5,
      1.5,
      2.5,
      3.5,
      4.5,
      5.5,
      6.5,
      7.5
    ],
    "bin_end": [
      0.5,
      1.5,
      2.5,
      3.5,
      4.5,
      5.5,
      6.5,
      7.5,
      8.5
    ],
    "winners_density": [
      0.294,
      0.359,
      0.217,
      0.089,
      0.032,
      0.009,
      0.0,
      0.0,
      0.0
    ],
    "non_winners_density": [
      0.008444444444444444,
      0.03322222222222222,
      0.07633333333333334,
      0.1378888888888889,
      0.21033333333333334,
      0.2098888888888889,
      0.176,
      0.108,
      0.03988888888888889
    ],
    "winners_count": [
      294,
      359,
      217,
      89,
      32,
      9,
      0,
      0,
      0
    ],
    "non_winners_count": [
      76,
      299,
      687,
      1241,
      1893,
      1889,
      1584,
      972,
      359
    ],
    "winners_mean": 1.233,
    "non_winners_mean": 4.621444444444444
  },
  "Elite 8": {
    "bin_center": [
      0.0,
      1.0,
      2.0,
      3.0,
      4.0
    ],
    "bin_start": [
      -0.5,
      0.5,
      1.5,
      2.5,
      3.5
    ],
    "bin_end": [
      0.5,
      1.5,
      2.5,
      3.5,
      4.5
    ],
    "winners_density": [
      0.477,
      0.367,
      0.139,
      0.016,
      0.001
    ],
    "non_winners_density": [
      0.03855555555555556,
      0.142,
      0.2751111111111111,
      0.32222222222222224,
      0.22211111111111112
    ],
    "winners_count": [
      477,
      367,
      139,
      16,
      1
    ],
    "non_winners_count": [
      347,
      1278,
      2476,
      2900,
      1999
    ],
    "winners_mean": 0.697,
    "non_winners_mean": 2.5473333333333334
  },
  "Total Upsets": {
    "bin_center": [
      0.0,
      1.0,
      2.0,
      3.0,
      4.0,
      5.0,
      6.0,
      7.0,
      8.0,
      9.0,
      10.0,
      11.0,
      12.0,
      13.0,
      14.0,
      15.0,
      16.0,
      17.0,
      18.0,
      19.0,
      20.0,
      21.0,
      22.0,
      23.0,
      24.0,
      25.0,
      26.0,
      27.0,
      28.0,
      29.0,
      30.0,
      31.0,
      32.0,
      33.0,
      34.0,
      35.0,
      36.0,
      37.0,
      38.0,
      39.0,
      40.0,
      41.0,
      42.0,
      43.0,
      44.0,
      45.0,
      46.0,
      47.0,
      48.0,
      49.0,
      50.0,
      51.0,
      52.0,
      53.0,
      54.0
    ],