{
  "First Round": {
    "bin_center": [
      0.0,
      1.0,
      2.0,
      3.0,
      4.0,
      5.0,
      6.0,
      7.0,
      8.0,
      9.0,
      10.0,
      11.0,
      12.0,
      13.0,
      14.0,
      15.0,
      16.0,
      17.0,
      18.0,
      19.0,
      20.0,
      21.0,
      22.0,
      23.0,
      24.0,
      25.0,
      26.0,
      27.0,
      28.0,
      29.0,
      30.0,
      31.0,
      32.0
    ],
    "bin_start": [
      -0.5,
      0.5,
      1.5,
      2.5,
      3.5,
      4.5,
      5.5,
      6.5,
      7.5,
      8.5,
      9.5,
      10.5,
      11.5,
      12.5,
      13.5,
      14.5,
      15.5,
      16.5,
      17.5,
      18.5,
      19.5,
      20.5,
      21.5,
      22.5,
      23.5,
      24.5,
      25.5,
      26.5,
      27.5,
      28.5,
      29.5,
      30.5,
      31.5
    ],
    "bin_end": [
      0.5,
      1.5,
      2.5,
      3.5,
      4.5,
      5.5,
      6.5,
      7.5,
      8.5,
      9.5,
      10.5,
      11.5,
      12.5,
      13.5,
      14.5,
      15.5,
      16.5,
      17.5,
      18.5,
      19.5,
      20.5,
      21.5,
      22.5,
      23.5,
      24.5,
      25.5,
      26.5,
      27.5,
      28.5,
      29.5,
      30.5,
      31.5,
      32.5
    ],
    "winners_density": [
      0.145,
      0.29,
      0.273,
      0.16,
      0.081,
      0.028,
      0.013,
      0.003,
      0.005,
      0.002,
      0.0,
      0.0,
      0.0,
      0.0,
      0.0,
      0.0,
      0.0,
      0.0,
      0.0,
      0.0,
      0.0,
      0.0,
      0.0,
      0.0,
      0.0,
      0.0,
      0.0,
      0.0,
      0.0,
      0.0,
      0.0,
      0.0,
      0.0
    ],
    "non_winners_density": [
      0.0032222222222222222,
      0.008222222222222223,
      0.013444444444444445,
      0.026555555555555554,
      0.04555555555555556,
      0.06111111111111111,
      0.07822222222222222,
      0.10266666666666667,
      0.10644444444444444,
      0.106,
      0.10266666666666667,
      0.081,
      0.07466666666666667,
      0.06122222222222222,
      0.041555555555555554,
      0.02788888888888889,
      0.023555555555555555,
      0.013888888888888888,
      0.011111111111111112,
      0.005333333333333333,
      0.004,
      0.0013333333333333333,
      0.0003333333333333333,
      0.0,
      0.0,
      0.0,
      0.0,
      0.0,
      0.0,
      0.0,
      0.0,
      0.0,
      0.0
    ],
    "winners_count": [
      145,
      290,
      273,
      160,
      81,
      28,
      13,
      3,
      5,
      2,
      0,
      0,
      0,
      0,
      0,
      0,
      0,
      0,
      0,
      0,
      0,
      0,
      0,
      0,
      0,
      0,
      0,
      0,
      0,
      0,
      0,
      0,
      0
    ],
    "non_winners_count": [
      29,
      74,
      121,
      239,
      410,
      550,
      704,
      924,
      958,
      954,
      924,
      729,
      672,
      551,
      374,
      251,
      212,
      125,
      100,
      48,
      36,
      12,
      3,
      0,
      0,
      0,
      0,
      0,
      0,
      0,
      0,
      0,
      0
    ],
    "winners_mean": 1.937,
    "non_winners_mean": 9.235444444444445
  },
  "Second Round": {
    "bin_center": [
      0.0,
      1.0,
      2.0,
      3.0,
      4.0,
      5.0,
      6.0,
      7.0,
      8.0,
      9.0,
      10.0,
      11.0,
      12.0,
      13.0,
      14.0,
      15.0,
      16.0
    ],
    "bin_start": [
      -0.5,
      0.5,
      1.5,
      2.5,
      3.5,
      4.5,
      5.5,
      6.5,
      7.5,
      8.5,
      9.5,
      10.5,
      11.5,
      12.5,
      13.5,
      14.5,
      15.5
    ],
    "bin_end": [
      0.5,
      1.5,
      2.5,
      3.5,
      4.5,
      5.5,
      6.5,
      7.5,
      8.5,
      9.5,
      10.5,
      11.5,
      12.5,
      13.5,
      14.5,
      15.5,
      16.5
    ],
    "winners_density": [
      0.199,
      0.314,
      0.237,
      0.155,
      0.062,
      0.02,
      0.01,
      0.003,
      0.0,
      0.0,
      0.0,
      0.0,
      0.0,
      0.0,
      0.0,
      0.0,
      0.0
    ],
    "non_winners_density": [
      0.005222222222222222,
      0.013888888888888888,
      0.02711111111111111,
      0.051444444444444445,
      0.08755555555555555,
      0.11788888888888889,
      0.14066666666666666,
      0.13344444444444445,
      0.11944444444444445,
      0.10411111111111111,
      0.07155555555555555,
      0.05644444444444444,
      0.036444444444444446,
      0.023777777777777776,
      0.008333333333333333,
      0.0022222222222222222,
      0.00044444444444444447
    ],
    "winners_count": [
      199,
      314,
      237,
      155,
      62,
      20,
      10,
      3,
      0,
      0,
      0,
      0,
      0,
      0,
      0,
      0,
      0
    ],
    "non_winners_count": [
      47,
      125,
      244,
      463,
      788,
      1061,
      1266,
      1201,
      1075,
      937,
      644,
      508,
      328,
      214,
      75,
      20,
      4
    ],
    "winners_mean": 1.682,
    "non_winners_mean": 7.072777777777778
  },
  "Sweet 16": {
    "bin_center": [
      0.0,
      1.0,
      2.0,
      3.0,
      4.0,
      5.0,
      6.0,
      7.0,
      8.0
    ],
    "bin_start": [
      -0.5,
      0.5,
      1.5,
      2.5,
      3.5,
      4.5,
      5.5,
      6.5,
      7.5
    ],
    "bin_end": [
      0.5,
      1.5,
      2.5,
      3.5,
      4.5,
      5.5,
      6.5,
      7.5,
      8.5
    ],
    "winners_density": [
      0.279,
      0.384,
      0.205,
      0.101,
      0.024,
      0.006,
      0.001,
      0.0,
      0.0
    ],
    "non_winners_density": [
      0.010888888888888889,
      0.029666666666666668,
      0.07944444444444444,
      0.14077777777777778,
      0.20422222222222222,
      0.21288888888888888,
      0.173,
      0.10566666666666667,
      0.043444444444444445
    ],
    "winners_count": [
      279,
      384,
      205,
      101,
      24,
      6,
      1,
      0,
      0
    ],
    "non_winners_count": [
      98,
      267,
      715,
      1267,
      1838,
      1916,
      1557,
      951,
      391
    ],
    "winners_mean": 1.229,
    "non_winners_mean": 4.617444444444445
  },
  "Elite 8": {
    "bin_center": [
      0.0,
      1.0,
      2.0,
      3.0,
      4.0
    ],
    "bin_start": [
      -0.5,
      0.5,
      1.5,
      2.5,
      3.5
    ],
    "bin_end": [
      0.5,
      1.5,
      2.5,
      3.5,
      4.5
    ],
    "winners_density": [
      0.475,
      0.391,
      0.112,
      0.02,
      0.002
    ],
    "non_winners_density": [
      0.04111111111111111,
      0.13833333333333334,
      0.26966666666666667,
      0.33244444444444443,
      0.21844444444444444
    ],
    "winners_count": [
      475,
      391,
      112,
      20,
      2
    ],
    "non_winners_count": [
      370,
      1245,
      2427,
      2992,
      1966
    ],
    "winners_mean": 0.683,
    "non_winners_mean": 2.5487777777777776
  },
  "Total Upsets": {
    "bin_center": [
      0.0,
      1.0,
      2.0,
      3.0,
      4.0,
      5.0,
      6.0,
      7.0,
      8.0,
      9.0,
      10.0,
      11.0,
      12.0,
      13.0,
      14.0,
      15.0,
      16.0,
      17.0,
      18.0,
      19.0,
      20.0,
      21.0,
      22.0,
      23.0,
      24.0,
      25.0,
      26.0,
      27.0,
      28.0,
      29.0,
      30.0,
      31.0,
      32.0,
      33.0,
      34.0,
      35.0,
      36.0,
      37.0,
      38.0,
      39.0,
      40.0,
      41.0,
      42.0,
      43.0,
      44.0,
      45.0,
      46.0,
      47.0,
      48.0,
      49.0,
      50.0,
      51.0
    ],