{
  "First Round": {
    "bin_center": [
      0.0,
      1.0,
      2.0,
      3.0,
      4.0,
      5.0,
      6.0,
      7.0,
      8.0,
      9.0,
      10.0,
      11.0,
      12.0,
      13.0,
      14.0,
      15.0,
      16.0,
      17.0,
      18.0,
      19.0,
      20.0,
      21.0,
      22.0,
      23.0,
      24.0,
      25.0,
      26.0,
      27.0,
      28.0,
      29.0,
      30.0,
      31.0,
      32.0
    ],
    "bin_start": [
      -0.5,
      0.5,
      1.5,
      2.5,
      3.5,
      4.5,
      5.5,
      6.5,
      7.5,
      8.5,
      9.5,
      10.5,
      11.5,
      12.5,
      13.5,
      14.5,
      15.5,
      16.5,
      17.5,
      18.5,
      19.5,
      20.5,
      21.5,
      22.5,
      23.5,
      24.5,
      25.5,
      26.5,
      27.5,
      28.5,
      29.5,
      30.5,
      31.5
    ],
    "bin_end": [
      0.5,
      1.5,
      2.5,
      3.5,
      4.5,
      5.5,
      6.5,
      7.5,
      8.5,
      9.5,
      10.5,
      11.5,
      12.5,
      13.5,
      14.5,
      15.5,
      16.5,
      17.5,
      18.5,
      19.5,
      20.5,
      21.5,
      22.5,
      23.5,
      24.5,
      25.5,
      26.5,
      27.5,
      28.5,
      29.5,
      30.5,
      31.5,
      32.5
    ],
    "winners_density": [
      0.19,
      0.21,
      0.25,
      0.19,
      0.1,
      0.04,
      0.01,
      0.01,
      0.0,
      0.0,
      0.0,
      0.0,
      0.0,
      0.0,
      0.0,
      0.0,
      0.0,
      0.0,
      0.0,
      0.0,
      0.0,
      0.0,
      0.0,
      0.0,
      0.0,
      0.0,
      0.0,
      0.0,
      0.0,
      0.0,
      0.0,
      0.0,
      0.0
    ],
    "non_winners_density": [
      0.0077777777777777776,
      0.013333333333333334,
      0.01888888888888889,
      0.016666666666666666,
      0.042222222222222223,
      0.06888888888888889,
      0.08333333333333333,
      0.10222222222222223,
      0.10333333333333333,
      0.09666666666666666,
      0.09444444444444444,
      0.09,
      0.06444444444444444,
      0.05444444444444444,
      0.04888888888888889,
      0.03222222222222222,
      0.023333333333333334,
      0.017777777777777778,
      0.011111111111111112,
      0.0077777777777777776,
      0.0,
      0.0,
      0.0022222222222222222,
      0.0,
      0.0,
      0.0,
      0.0,
      0.0,
      0.0,
      0.0,
      0.0,
      0.0,
      0.0
    ],
    "winners_count": [
      19,
      21,
      25,
      19,
      10,
      4,
      1,
      1,
      0,
      0,
      0,
      0,
      0,
      0,
      0,
      0,
      0,
      0,
      0,
      0,
      0,
      0,
      0,
      0,
      0,
      0,
      0,
      0,
      0,
      0,
      0,
      0,
      0
    ],
    "non_winners_count": [
      7,
      12,
      17,
      15,
      38,
      62,
      75,
      92,
      93,
      87,
      85,
      81,
      58,
      49,
      44,
      29,
      21,
      16,
      10,
      7,
      0,
      0,
      2,
      0,
      0,
      0,
      0,
      0,
      0,
      0,
      0,
      0,
      0
    ],
    "winners_mean": 2.01,
    "non_winners_mean": 9.182222222222222
  },
  "Second Round": {
    "bin_center": [
      0.0,
      1.0,
      2.0,
      3.0,
      4.0,
      5.0,
      6.0,
      7.0,
      8.0,
      9.0,
      10.0,
      11.0,
      12.0,
      13.0,
      14.0,
      15.0,
      16.0
    ],
    "bin_start": [
      -0.5,
      0.5,
      1.5,
      2.5,
      3.5,
      4.5,
      5.5,
      6.5,
      7.5,
      8.5,
      9.5,
      10.5,
      11.5,
      12.5,
      13.5,
      14.5,
      15.5
    ],
    "bin_end": [
      0.5,
      1.5,
      2.5,
      3.5,
      4.5,
      5.5,
      6.5,
      7.5,
      8.5,
      9.5,
      10.5,
      11.5,
      12.5,
      13.5,
      14.5,
      15.5,
      16.5
    ],
    "winners_density": [
      0.15,
      0.28,
      0.33,
      0.16,
      0.04,
      0.04,
      0.0,
      0.0,
      0.0,
      0.0,
      0.0,
      0.0,
      0.0,
      0.0,
      0.0,
      0.0,
      0.0
    ],
    "non_winners_density": [
      0.008888888888888889,
      0.012222222222222223,
      0.027777777777777776,
      0.04666666666666667,
      0.10333333333333333,
      0.1111111111111111,
      0.12777777777777777,
      0.14555555555555555,
      0.12444444444444444,
      0.10555555555555556,
      0.06444444444444444,
      0.06,
      0.028888888888888888,
      0.024444444444444446,
      0.006666666666666667,
      0.0022222222222222222,
      0.0
    ],
    "winners_count": [
      15,
      28,
      33,
      16,
      4,
      4,
      0,
      0,
      0,
      0,
      0,
      0,
      0,
      0,
      0,
      0,
      0
    ],
    "non_winners_count": [
      8,
      11,
      25,
      42,
      93,
      100,
      115,
      131,
      112,
      95,
      58,
      54,
      26,
      22,
      6,
      2,
      0
    ],
    "winners_mean": 1.78,
    "non_winners_mean": 7.003333333333333
  },
  "Sweet 16": {
    "bin_center": [
      0.0,
      1.0,
      2.0,
      3.0,
      4.0,
      5.0,
      6.0,
      7.0,
      8.0
    ],
    "bin_start": [
      -0.5,
      0.5,
      1.5,
      2.5,
      3.5,
      4.5,
      5.5,
      6.5,
      7.5
    ],
    "bin_end": [
      0.5,
      1.5,
      2.5,
      3.5,
      4.5,
      5.5,
      6.5,
      7.5,
      8.5
    ],
    "winners_density": [
      0.24,
      0.4,
      0.22,
      0.12,
      0.01,
      0.01,
      0.0,
      0.0,
      0.0
    ],
    "non_winners_density": [
      0.006666666666666667,
      0.03666666666666667,
      0.09333333333333334,
      0.1411111111111111,
      0.21555555555555556,
      0.20777777777777778,
      0.16777777777777778,
      0.08444444444444445,
      0.04666666666666667
    ],
    "winners_count": [
      24,
      40,
      22,
      12,
      1,
      1,
      0,
      0,
      0
    ],
    "non_winners_count": [
      6,
      33,
      84,
      127,
      194,
      187,
      151,
      76,
      42
    ],
    "winners_mean": 1.29,
    "non_winners_mean": 4.518888888888889
  },
  "Elite 8": {
    "bin_center": [
      0.0,
      1.0,
      2.0,
      3.0,
      4.0
    ],
    "bin_start": [
      -0.5,
      0.5,
      1.5,
      2.5,
      3.5
    ],
    "bin_end": [
      0.5,
      1.5,
      2.5,
      3.5,
      4.5
    ],
    "winners_density": [
      0.47,
      0.35,
      0.13,
      0.05,
      0.0
    ],
    "non_winners_density": [
      0.04111111111111111,
      0.15222222222222223,
      0.27666666666666667,
      0.30777777777777776,
      0.2222222222222222
    ],
    "winners_count": [
      47,
      35,
      13,
      5,
      0
    ],
    "non_winners_count": [
      37,
      137,
      249,
      277,
      200
    ],
    "winners_mean": 0.76,
    "non_winners_mean": 2.517777777777778
  },
  "Total Upsets": {
    "bin_center": [
      0.0,
      1.0,
      2.0,
      3.0,
      4.0,
      5.0,
      6.0,
      7.0,
      8.0,
      9.0,
      10.0,
      11.0,
      12.0,
      13.0,
      14.0,
      15.0,
      16.0,
      17.0,
      18.0,
      19.0,
      20.0,
      21.0,
      22.0,
      23.0,
      24.0,
      25.0,
      26.0,
      27.0,
      28.0,
      29.0,
      30.0,
      31.0,
      32.0,
      33.0,
      34.0,
      35.0,
      36.0,
      37.0,
      38.0,
      39.0,
      40.0,
      41.0,
      42.0,
      43.0,
      44.0,
      45.0,
      46.0,
      47.0,
      48.0,
      49.0
    ],