{
  "First Round": {
    "bin_center": [
      0.0,
      1.0,
      2.0,
      3.0,
      4.0,
      5.0,
      6.0,
      7.0,
      8.0,
      9.0,
      10.0,
      11.0,
      12.0,
      13.0,
      14.0,
      15.0,
      16.0,
      17.0,
      18.0,
      19.0,
      20.0,
      21.0,
      22.0,
      23.0,
      24.0,
      25.0,
      26.0,
      27.0,
      28.0,
      29.0,
      30.0,
      31.0,
      32.0
    ],
    "bin_start": [
      -0.5,
      0.5,
      1.5,
      2.5,
      3.5,
      4.5,
      5.5,
      6.5,
      7.5,
      8.5,
      9.5,
      10.5,
      11.5,
      12.5,
      13.5,
      14.5,
      15.5,
      16.5,
      17.5,
      18.5,
      19.5,
      20.5,
      21.5,
      22.5,
      23.5,
      24.5,
      25.5,
      26.5,
      27.5,
      28.5,
      29.5,
      30.5,
      31.5
    ],
    "bin_end": [
      0.5,
      1.5,
      2.5,
      3.5,
      4.5,
      5.5,
      6.5,
      7.5,
      8.5,
      9.5,
      10.5,
      11.5,
      12.5,
      13.5,
      14.5,
      15.5,
      16.5,
      17.5,
      18.5,
      19.5,
      20.5,
      21.5,
      22.5,
      23.5,
      24.5,
      25.5,
      26.5,
      27.5,
      28.5,
      29.5,
      30.5,
      31.5,
      32.5
    ],
    "winners_density": [
      0.17,
      0.28,
      0.21,
      0.15,
      0.14,
      0.02,
      0.01,
      0.01,
      0.01,
      0.0,
      0.0,
      0.0,
      0.0,
      0.0,
      0.0,
      0.0,
      0.0,
      0.0,
      0.0,
      0.0,
      0.0,
      0.0,
      0.0,
      0.0,
      0.0,
      0.0,
      0.0,
      0.0,
      0.0,
      0.0,
      0.0,
      0.0,
      0.0
    ],
    "non_winners_density": [
      0.0022222222222222222,
      0.0077777777777777776,
      0.01888888888888889,
      0.021111111111111112,
      0.05,
      0.06555555555555556,
      0.07888888888888888,
      0.10555555555555556,
      0.12111111111111111,
      0.10777777777777778,
      0.10222222222222223,
      0.07555555555555556,
      0.06111111111111111,
      0.057777777777777775,
      0.04888888888888889,
      0.02,
      0.023333333333333334,
      0.013333333333333334,
      0.0022222222222222222,
      0.006666666666666667,
      0.005555555555555556,
      0.0022222222222222222,
      0.0011111111111111111,
      0.0011111111111111111,
      0.0,
      0.0,
      0.0,
      0.0,
      0.0,
      0.0,
      0.0,
      0.0,
      0.0
    ],
    "winners_count": [
      17,
      28,
      21,
      15,
      14,
      2,
      1,
      1,
      1,
      0,
      0,
      0,
      0,
      0,
      0,
      0,
      0,
      0,
      0,
      0,
      0,
      0,
      0,
      0,
      0,
      0,
      0,
      0,
      0,
      0,
      0,
      0,
      0
    ],
    "non_winners_count": [
      2,
      7,
      17,
      19,
      45,
      59,
      71,
      95,
      109,
      97,
      92,
      68,
      55,
      52,
      44,
      18,
      21,
      12,
      2,
      6,
      5,
      2,
      1,
      1,
      0,
      0,
      0,
      0,
      0,
      0,
      0,
      0,
      0
    ],
    "winners_mean": 2.02,
    "non_winners_mean": 9.084444444444445
  },
  "Second Round": {
    "bin_center": [
      0.0,
      1.0,
      2.0,
      3.0,
      4.0,
      5.0,
      6.0,
      7.0,
      8.0,
      9.0,
      10.0,
      11.0,
      12.0,
      13.0,
      14.0,
      15.0,
      16.0
    ],
    "bin_start": [
      -0.5,
      0.5,
      1.5,
      2.5,
      3.5,
      4.5,
      5.5,
      6.5,
      7.5,
      8.5,
      9.5,
      10.5,
      11.5,
      12.5,
      13.5,
      14.5,
      15.5
    ],
    "bin_end": [
      0.5,
      1.5,
      2.5,
      3.5,
      4.5,
      5.5,
      6.5,
      7.5,
      8.5,
      9.5,
      10.5,
      11.5,
      12.5,
      13.5,
      14.5,
      15.5,
      16.5
    ],
    "winners_density": [
      0.24,
      0.34,
      0.26,
      0.09,
      0.05,
      0.01,
      0.01,
      0.0,
      0.0,
      0.0,
      0.0,
      0.0,
      0.0,
      0.0,
      0.0,
      0.0,
      0.0
    ],
    "non_winners_density": [
      0.0,
      0.017777777777777778,
      0.025555555555555557,
      0.05555555555555555,
      0.09111111111111111,
      0.13444444444444445,
      0.14333333333333334,
      0.12777777777777777,
      0.12555555555555556,
      0.09888888888888889,
      0.06666666666666667,
      0.044444444444444446,
      0.04555555555555556,
      0.01,
      0.005555555555555556,
      0.0077777777777777776,
      0.0
    ],
    "winners_count": [
      24,
      34,
      26,
      9,
      5,
      1,
      1,
      0,
      0,
      0,
      0,
      0,
      0,
      0,
      0,
      0,
      0
    ],
    "non_winners_count": [
      0,
      16,
      23,
      50,
      82,
      121,
      129,
      115,
      113,
      89,
      60,
      40,
      41,
      9,
      5,
      7,
      0
    ],
    "winners_mean": 1.44,
    "non_winners_mean": 6.947777777777778
  },
  "Sweet 16": {
    "bin_center": [
      0.0,
      1.0,
      2.0,
      3.0,
      4.0,
      5.0,
      6.0,
      7.0,
      8.0
    ],
    "bin_start": [
      -0.5,
      0.5,
      1.5,
      2.5,
      3.5,
      4.5,
      5.5,
      6.5,
      7.5
    ],
    "bin_end": [
      0.5,
      1.5,
      2.5,
      3.5,
      4.5,
      5.5,
      6.5,
      7.5,
      8.5
    ],
    "winners_density": [
      0.29,
      0.36,
      0.22,
      0.07,
      0.06,
      0.0,
      0.0,
      0.0,
      0.0
    ],
    "non_winners_density": [
      0.0033333333333333335,
      0.034444444444444444,
      0.06333333333333334,
      0.14,
      0.20444444444444446,
      0.23555555555555555,
      0.16111111111111112,
      0.11666666666666667,
      0.04111111111111111
    ],
    "winners_count": [
      29,
      36,
      22,
      7,
      6,
      0,
      0,
      0,
      0
    ],
    "non_winners_count": [
      3,
      31,
      57,
      126,
      184,
      212,
      145,
      105,
      37
    ],
    "winners_mean": 1.25,
    "non_winners_mean": 4.688888888888889
  },
  "Elite 8": {
    "bin_center": [
      0.0,
      1.0,
      2.0,
      3.0,
      4.0
    ],
    "bin_start": [
      -0.5,
      0.5,
      1.5,
      2.5,
      3.5
    ],
    "bin_end": [
      0.5,
      1.5,
      2.5,
      3.5,
      4.5
    ],
    "winners_density": [
      0.5,
      0.36,
      0.12,
      0.02,
      0.0
    ],
    "non_winners_density": [
      0.028888888888888888,
      0.12777777777777777,
      0.2633333333333333,
      0.36444444444444446,
      0.21555555555555556
    ],
    "winners_count": [
      50,
      36,
      12,
      2,
      0
    ],
    "non_winners_count": [
      26,
      115,
      237,
      328,
      194
    ],
    "winners_mean": 0.66,
    "non_winners_mean": 2.61
  },
  "Total Upsets": {
    "bin_center": [
      0.0,
      1.0,
      2.0,
      3.0,
      4.0,
      5.0,
      6.0,
      7.0,
      8.0,
      9.0,
      10.0,
      11.0,
      12.0,
      13.0,
      14.0,
      15.0,
      16.0,
      17.0,
      18.0,
      19.0,
      20.0,
      21.0,
      22.0,
      23.0,
      24.0,
      25.0,
      26.0,
      27.0,
      28.0,
      29.0,
      30.0,
      31.0,
      32.0,
      33.0,
      34.0,
      35.0,
      36.0,
      37.0,
      38.0,
      39.0,
      40.0,
      41.0,
      42.0,
      43.0,
      44.0,
      45.0,
      46.0,
      47.0,
      48.0,
      49.0,
      50.0,
      51.0,
      52.0
    ],