{
  "First Round": {
    "bin_center": [
      0.0,
      1.0,
      2.0,
      3.0,
      4.0,
      5.0,
      6.0,
      7.0,
      8.0,
      9.0,
      10.0,
      11.0,
      12.0,
      13.0,
      14.0,
      15.0,
      16.0,
      17.0,
      18.0,
      19.0,
      20.0,
      21.0,
      22.0,
      23.0,
      24.0,
      25.0,
      26.0,
      27.0,
      28.0,
      29.0,
      30.0,
      31.0,
      32.0
    ],
    "bin_start": [
      -0.5,
      0.5,
      1.5,
      2.5,
      3.5,
      4.5,
      5.5,
      6.5,
      7.5,
      8.5,
      9.5,
      10.5,
      11.5,
      12.5,
      13.5,
      14.5,
      15.5,
      16.5,
      17.5,
      18.5,
      19.5,
      20.5,
      21.5,
      22.5,
      23.5,
      24.5,
      25.5,
      26.5,
      27.5,
      28.5,
      29.5,
      30.5,
      31.5
    ],
    "bin_end": [
      0.5,
      1.5,
      2.5,
      3.5,
      4.5,
      5.5,
      6.5,
      7.5,
      8.5,
      9.5,
      10.5,
      11.5,
      12.5,
      13.5,
      14.5,
      15.5,
      16.5,
      17.5,
      18.5,
      19.5,
      20.5,
      21.5,
      22.5,
      23.5,
      24.5,
      25.5,
      26.5,
      27.5,
      28.5,
      29.5,
      30.5,
      31.5,
      32.5
    ],
    "winners_density": [
      0.16,
      0.31,
      0.29,
      0.1,
      0.12,
      0.01,
      0.0,
      0.0,
      0.0,
      0.0,
      0.01,
      0.0,
      0.0,
      0.0,
      0.0,
      0.0,
      0.0,
      0.0,
      0.0,
      0.0,
      0.0,
      0.0,
      0.0,
      0.0,
      0.0,
      0.0,
      0.0,
      0.0,
      0.0,
      0.0,
      0.0,
      0.0,
      0.0
    ],
    "non_winners_density": [
      0.0044444444444444444,
      0.0077777777777777776,
      0.014444444444444444,
      0.022222222222222223,
      0.03888888888888889,
      0.06111111111111111,
      0.09,
      0.10111111111111111,
      0.11,
      0.09777777777777778,
      0.09555555555555556,
      0.08777777777777777,
      0.08,
      0.06333333333333334,
      0.042222222222222223,
      0.027777777777777776,
      0.024444444444444446,
      0.0077777777777777776,
      0.013333333333333334,
      0.005555555555555556,
      0.0022222222222222222,
      0.0022222222222222222,
      0.0,
      0.0,
      0.0,
      0.0,
      0.0,
      0.0,
      0.0,
      0.0,
      0.0,
      0.0,
      0.0
    ],
    "winners_count": [
      16,
      31,
      29,
      10,
      12,
      1,
      0,
      0,
      0,
      0,
      1,
      0,
      0,
      0,
      0,
      0,
      0,
      0,
      0,
      0,
      0,
      0,
      0,
      0,
      0,
      0,
      0,
      0,
      0,
      0,
      0,
      0,
      0
    ],
    "non_winners_count": [
      4,
      7,
      13,
      20,
      35,
      55,
      81,
      91,
      99,
      88,
      86,
      79,
      72,
      57,
      38,
      25,
      22,
      7,
      12,
      5,
      2,
      2,
      0,
      0,
      0,
      0,
      0,
      0,
      0,
      0,
      0,
      0,
      0
    ],
    "winners_mean": 1.82,
    "non_winners_mean": 9.244444444444444
  },
  "Second Round": {
    "bin_center": [
      0.0,
      1.0,
      2.0,
      3.0,
      4.0,
      5.0,
      6.0,
      7.0,
      8.0,
      9.0,
      10.0,
      11.0,
      12.0,
      13.0,
      14.0,
      15.0,
      16.0
    ],
    "bin_start": [
      -0.5,
      0.5,
      1.5,
      2.5,
      3.5,
      4.5,
      5.5,
      6.5,
      7.5,
      8.5,
      9.5,
      10.5,
      11.5,
      12.5,
      13.5,
      14.5,
      15.5
    ],
    "bin_end": [
      0.5,
      1.5,
      2.5,
      3.5,
      4.5,
      5.5,
      6.5,
      7.5,
      8.5,
      9.5,
      10.5,
      11.5,
      12.5,
      13.5,
      14.5,
      15.5,
      16.5
    ],
    "winners_density": [
      0.26,
      0.33,
      0.19,
      0.15,
      0.04,
      0.01,
      0.0,
      0.01,
      0.0,
      0.0,
      0.01,
      0.0,
      0.0,
      0.0,
      0.0,
      0.0,
      0.0
    ],
    "non_winners_density": [
      0.0077777777777777776,
      0.011111111111111112,
      0.022222222222222223,
      0.04,
      0.07888888888888888,
      0.11888888888888889,
      0.14666666666666667,
      0.13666666666666666,
      0.12444444444444444,
      0.11777777777777777,
      0.07555555555555556,
      0.06,
      0.03222222222222222,
      0.022222222222222223,
      0.0033333333333333335,
      0.0022222222222222222,
      0.0
    ],
    "winners_count": [
      26,
      33,
      19,
      15,
      4,
      1,
      0,
      1,
      0,
      0,
      1,
      0,
      0,
      0,
      0,
      0,
      0
    ],
    "non_winners_count": [
      7,
      10,
      20,
      36,
      71,
      107,
      132,
      123,
      112,
      106,
      68,
      54,
      29,
      20,
      3,
      2,
      0
    ],
    "winners_mean": 1.54,
    "non_winners_mean": 7.148888888888889
  },
  "Sweet 16": {
    "bin_center": [
      0.0,
      1.0,
      2.0,
      3.0,
      4.0,
      5.0,
      6.0,
      7.0,
      8.0
    ],
    "bin_start": [
      -0.5,
      0.5,
      1.5,
      2.5,
      3.5,
      4.5,
      5.5,
      6.5,
      7.5
    ],
    "bin_end": [
      0.5,
      1.5,
      2.5,
      3.5,
      4.5,
      5.5,
      6.5,
      7.5,
      8.5
    ],
    "winners_density": [
      0.34,
      0.39,
      0.18,
      0.06,
      0.01,
      0.02,
      0.0,
      0.0,
      0.0
    ],
    "non_winners_density": [
      0.005555555555555556,
      0.03111111111111111,
      0.07555555555555556,
      0.14333333333333334,
      0.18333333333333332,
      0.2288888888888889,
      0.18888888888888888,
      0.1111111111111111,
      0.03222222222222222
    ],
    "winners_count": [
      34,
      39,
      18,
      6,
      1,
      2,
      0,
      0,
      0
    ],
    "non_winners_count": [
      5,
      28,
      68,
      129,
      165,
      206,
      170,
      100,
      29
    ],
    "winners_mean": 1.07,
    "non_winners_mean": 4.658888888888889
  },
  "Elite 8": {
    "bin_center": [
      0.0,
      1.0,
      2.0,
      3.0,
      4.0
    ],
    "bin_start": [
      -0.5,
      0.5,
      1.5,
      2.5,
      3.5
    ],
    "bin_end": [
      0.5,
      1.5,
      2.5,
      3.5,
      4.5
    ],
    "winners_density": [
      0.54,
      0.34,
      0.1,
      0.01,
      0.01
    ],
    "non_winners_density": [
      0.03777777777777778,
      0.13555555555555557,
      0.2777777777777778,
      0.3411111111111111,
      0.20777777777777778
    ],
    "winners_count": [
      54,
      34,
      10,
      1,
      1
    ],
    "non_winners_count": [
      34,
      122,
      250,
      307,
      187
    ],
    "winners_mean": 0.61,
    "non_winners_mean": 2.5455555555555556
  },
  "Total Upsets": {
    "bin_center": [
      0.0,
      1.0,
      2.0,
      3.0,
      4.0,
      5.0,
      6.0,
      7.0,
      8.0,
      9.0,
      10.0,
      11.0,
      12.0,
      13.0,
      14.0,
      15.0,
      16.0,
      17.0,
      18.0,
      19.0,
      20.0,
      21.0,
      22.0,
      23.0,
      24.0,
      25.0,
      26.0,
      27.0,
      28.0,
      29.0,
      30.0,
      31.0,
      32.0,
      33.0,
      34.0,
      35.0,
      36.0,
      37.0,
      38.0,
      39.0,
      40.0,
      41.0,
      42.0,
      43.0,
      44.0,
      45.0,
      46.0,
      47.0,
      48.0,
      49.0
    ],