round,mean_madness,std_madness
First Round,12.38354063379429,1.756655983344682
Second Round,7.50623073324851,0.9739634598841961
Sweet 16,3.6786771095402115,0.3711767483882684
Elite 8,1.9054562913171729,0.3612458759922633
Final Four,1.1243249728589408,0.2688250378082505
Championship,0.6137434503205365,0.11997690501350122
