round,mean_madness,std_madness
First Round,12.236784173430221,1.3660468985056833
Second Round,7.526602395799611,0.877718813422886
Sweet 16,4.273975704333094,0.6559719935869864
Elite 8,1.9305341602568304,0.38526840088165304
Final Four,1.0478576620262214,0.25182559392457826
Championship,0.6209381429181279,0.136785754938495
