round,mean_madness,std_madness
First Round,12.169105651571483,1.2961959238043843
Second Round,7.545835593593032,0.7710800400989222
Sweet 16,4.343314049695393,0.6940662716660061
Elite 8,1.934223314433666,0.40507594778096684
Final Four,1.0849764504615143,0.35311921105615457
Championship,0.61626732498044,0.144353395031197
