round,mean_madness,std_madness
First Round,12.191133932089677,1.428851425333234
Second Round,7.508742058180945,0.9364424976985285
Sweet 16,4.2924093396742755,0.661072724677642
Elite 8,1.9434484747759408,0.39618743622922725
Final Four,1.0470085106090123,0.2648201125481568
Championship,0.6164746205171157,0.14075622627292497
