round,mean_madness,std_madness,losers_mean_madness,losers_std_madness
First Round,12.229897171135526,1.4623225112683687,18.403903359214166,5.4398810501156145
Second Round,7.476095827677397,0.9189789791919193,9.69133169691326,2.3489986016468105
Sweet 16,4.293700476048958,0.7581291250530858,5.014439638813537,1.3813233033521064
Elite 8,1.9936477170574418,0.4416320807382624,2.4947874391426446,0.8378980611982015
Final Four,1.0364572789299238,0.25703260029252595,1.3132709560605869,0.6094332415666912
Championship,0.638786216470083,0.1403288243373753,0.6558660655612579,0.3826936017085145
