round,mean_madness,std_madness
First Round,12.082065394592217,1.3465850608579168
Second Round,7.428519749462023,0.8594994626089235
Sweet 16,4.292601946868262,0.6010759094273255
Elite 8,1.9001928803825052,0.3327714948491587
Final Four,1.066198271965946,0.24343872607839906
Championship,0.6292813880743866,0.1358318787844153
