round,mean_madness,std_madness,losers_mean_madness,losers_std_madness
First Round,12.303304110300953,1.443467947305756,18.43313776369246,5.323787669907704
Second Round,7.550945772138723,0.9605147295014494,9.70425363668596,2.3083055206883265
Sweet 16,4.3006964854373955,0.6421032274844961,5.06158799514398,1.3322850936988342
Elite 8,1.937933719030648,0.37994710840073725,2.550265659889892,0.8653402987623744
Final Four,1.0488169505559157,0.2580264141831009,1.2808800722379334,0.5904103431215925
Championship,0.6121478656709411,0.1344609114176578,0.6537287571700997,0.3660093420890745
