round,max_advantage_upsets,max_advantage,max_density_upsets,mode_upsets,mean_upsets,std_upsets,num_pools
First Round,1.0,0.28177777777777774,1.0,1.0,1.937,1.470724651319886,1000
Second Round,1.0,0.3001111111111111,1.0,1.0,1.682,1.3516197690178995,1000
Sweet 16,1.0,0.35433333333333333,1.0,1.0,1.229,1.082847634711366,1000
Elite 8,0.0,0.4338888888888889,0.0,0.0,0.683,0.7645331909080206,1000
Final Four,,,,0.0,0.107,0.32504869890011356,1000
Championship,,,,0.0,0.015,0.121613279660528,1000
Total Upsets,4.0,0.13455555555555557,4.0,4.0,5.653,3.5909039251976655,1000
