round,max_advantage_upsets,max_advantage,max_density_upsets,mode_upsets,mean_upsets,std_upsets,num_pools
First Round,1.0,0.3022222222222222,1.0,1.0,1.82,1.4925146565444507,100
Second Round,1.0,0.3188888888888889,1.0,1.0,1.54,1.5647363995254921,100
Sweet 16,1.0,0.3588888888888889,1.0,1.0,1.07,1.0793979803575695,100
Elite 8,0.0,0.5022222222222222,0.0,0.0,0.61,0.7860661549767933,100
Final Four,,,,0.0,0.13,0.3666666666666667,100
Championship,,,,0.0,0.02,0.14070529413628965,100
Total Upsets,2.0,0.1577777777777778,2.0,2.0,5.19,3.908183721372372,100
