round,max_advantage_upsets,max_advantage,max_density_upsets,mode_upsets,mean_upsets,std_upsets,losers_mean_upsets,losers_std_upsets,num_pools
First Round,1.0,0.29444444444444445,1.0,1.0,1.8,1.2884098726725126,9.244444444444444,3.778039206640606,20
Second Round,1.0,0.29444444444444445,1.0,1.0,1.45,1.2439855304624727,6.877777777777778,2.827750491027483,20
Sweet 16,0.0,0.3333333333333333,0.0,0.0,1.0,0.8944271909999159,4.527777777777778,1.7588839755669425,20
Elite 8,0.0,0.48333333333333334,0.0,0.0,0.75,0.8874119674649424,2.4944444444444445,1.0723661388735048,20
Final Four,,,,0.0,0.1,0.30779350562554625,1.1444444444444444,0.7080663985046586,20
Championship,,,,0.0,0.0,0.0,0.4888888888888889,0.49987652796453297,20
Total Upsets,5.0,0.2,5.0,5.0,5.1,3.5199431813596083,24.77777777777778,8.634269933465749,20
