round,max_advantage_upsets,max_advantage,max_density_upsets,mode_upsets,mean_upsets,std_upsets,num_pools
First Round,1.0,0.27222222222222225,1.0,1.0,2.02,1.618517840494815,100
Second Round,1.0,0.32222222222222224,1.0,1.0,1.44,1.2354756169184402,100
Sweet 16,1.0,0.32555555555555554,1.0,1.0,1.25,1.1258330249197703,100
Elite 8,0.0,0.4711111111111111,0.0,0.0,0.66,0.7644605941446557,100
Final Four,,,,0.0,0.13,0.36666666666666664,100
Championship,,,,0.0,0.02,0.14070529413628968,100
Total Upsets,4.0,0.1377777777777778,4.0,4.0,5.52,3.7215050718761624,100
