round,max_advantage_upsets,max_advantage,max_density_upsets,mode_upsets,mean_upsets,std_upsets,losers_mean_upsets,losers_std_upsets,num_pools
First Round,2.0,0.2311111111111111,2.0,2.0,2.01,1.526400995806803,9.182222222222222,3.8752943337041517,100
Second Round,2.0,0.3022222222222222,2.0,2.0,1.78,1.2294714311442945,7.003333333333333,2.8242973560791285,100
Sweet 16,1.0,0.36333333333333334,1.0,1.0,1.29,1.0516178012947477,4.518888888888889,1.7514054321185375,100
Elite 8,0.0,0.4288888888888889,0.0,0.0,0.76,0.8616263691415207,2.517777777777778,1.1159030003422516,100
Final Four,,,,0.0,0.14,0.40251733132897766,1.0988888888888888,0.7573336919665296,100
Championship,,,,0.0,0.05,0.2190429135575903,0.4588888888888889,0.49830701032918445,100
Total Upsets,4.0,0.14444444444444443,4.0,4.0,6.03,3.7428732278825576,24.78,8.940944518835183,100
