round,max_advantage_upsets,max_advantage,max_density_upsets,mode_upsets,mean_upsets,std_upsets,num_pools
First Round,1.0,0.302,1.0,1.0,1.923,1.5050152823144354,1000
Second Round,1.0,0.3101111111111111,1.0,1.0,1.588,1.294703054758117,1000
Sweet 16,1.0,0.3257777777777778,1.0,1.0,1.233,1.115666168708185,1000
Elite 8,0.0,0.4384444444444444,0.0,0.0,0.697,0.7727813403544368,1000
Final Four,,,,0.0,0.113,0.32609406210070335,1000
Championship,,,,0.0,0.014,0.11754921445002436,1000
Total Upsets,3.0,0.12744444444444444,3.0,3.0,5.568,3.6719716774506854,1000
