{
  "First Round": {
    "bin_center": [
      0.0,
      1.0,
      2.0,
      3.0,
      4.0,
      5.0,
      6.0,
      7.0,
      8.0,
      9.0,
      10.0,
      11.0,
      12.0,
      13.0,
      14.0,
      15.0,
      16.0,
      17.0,
      18.0,
      19.0,
      20.0,
      21.0,
      22.0,
      23.0,
      24.0,
      25.0,
      26.0,
      27.0,
      28.0,
      29.0,
      30.0,
      31.0,
      32.0
    ],
    "bin_start": [
      -0.5,
      0.5,
      1.5,
      2.5,
      3.5,
      4.5,
      5.5,
      6.5,
      7.5,
      8.5,
      9.5,
      10.5,
      11.5,
      12.5,
      13.5,
      14.5,
      15.5,
      16.5,
      17.5,
      18.5,
      19.5,
      20.5,
      21.5,
      22.5,
      23.5,
      24.5,
      25.5,
      26.5,
      27.5,
      28.5,
      29.5,
      30.5,
      31.5
    ],
    "bin_end": [
      0.5,
      1.5,
      2.5,
      3.5,
      4.5,
      5.5,
      6.5,
      7.5,
      8.5,
      9.5,
      10.5,
      11.5,
      12.5,
      13.5,
      14.5,
      15.5,
      16.5,
      17.5,
      18.5,
      19.5,
      20.5,
      21.5,
      22.5,
      23.5,
      24.5,
      25.5,
      26.5,
      27.5,
      28.5,
      29.5,
      30.5,
      31.5,
      32.5
    ],
    "winners_density": [
      0.14,
      0.32,
      0.26,
      0.16,
      0.09,
      0.0,
      0.01,
      0.01,
      0.0,
      0.0,
      0.01,
      0.0,
      0.0,
      0.0,
      0.0,
      0.0,
      0.0,
      0.0,
      0.0,
      0.0,
      0.0,
      0.0,
      0.0,
      0.0,
      0.0,
      0.0,
      0.0,
      0.0,
      0.0,
      0.0,
      0.0,
      0.0,
      0.0
    ],
    "non_winners_density": [
      0.0,
      0.0077777777777777776,
      0.012222222222222223,
      0.022222222222222223,
      0.044444444444444446,
      0.06444444444444444,
      0.07111111111111111,
      0.1111111111111111,
      0.12777777777777777,
      0.12222222222222222,
      0.08555555555555555,
      0.09666666666666666,
      0.06,
      0.04666666666666667,
      0.04666666666666667,
      0.03222222222222222,
      0.01888888888888889,
      0.014444444444444444,
      0.0033333333333333335,
      0.0044444444444444444,
      0.0033333333333333335,
      0.0,
      0.0022222222222222222,
      0.0011111111111111111,
      0.0011111111111111111,
      0.0,
      0.0,
      0.0,
      0.0,
      0.0,
      0.0,
      0.0,
      0.0
    ],
    "winners_count": [
      14,
      32,
      26,
      16,
      9,
      0,
      1,
      1,
      0,
      0,
      1,
      0,
      0,
      0,
      0,
      0,
      0,
      0,
      0,
      0,
      0,
      0,
      0,
      0,
      0,
      0,
      0,
      0,
      0,
      0,
      0,
      0,
      0
    ],
    "non_winners_count": [
      0,
      7,
      11,
      20,
      40,
      58,
      64,
      100,
      115,
      110,
      77,
      87,
      54,
      42,
      42,
      29,
      17,
      13,
      3,
      4,
      3,
      0,
      2,
      1,
      1,
      0,
      0,
      0,
      0,
      0,
      0,
      0,
      0
    ],
    "winners_mean": 1.91,
    "non_winners_mean": 9.167777777777777
  },
  "Second Round": {
    "bin_center": [
      0.0,
      1.0,
      2.0,
      3.0,
      4.0,
      5.0,
      6.0,
      7.0,
      8.0,
      9.0,
      10.0,
      11.0,
      12.0,
      13.0,
      14.0,
      15.0,
      16.0
    ],
    "bin_start": [
      -0.5,
      0.5,
      1.5,
      2.5,
      3.5,
      4.5,
      5.5,
      6.5,
      7.5,
      8.5,
      9.5,
      10.5,
      11.5,
      12.5,
      13.5,
      14.5,
      15.5
    ],
    "bin_end": [
      0.5,
      1.5,
      2.5,
      3.5,
      4.5,
      5.5,
      6.5,
      7.5,
      8.5,
      9.5,
      10.5,
      11.5,
      12.5,
      13.5,
      14.5,
      15.5,
      16.5
    ],
    "winners_density": [
      0.19,
      0.33,
      0.25,
      0.16,
      0.04,
      0.02,
      0.01,
      0.0,
      0.0,
      0.0,
      0.0,
      0.0,
      0.0,
      0.0,
      0.0,
      0.0,
      0.0
    ],
    "non_winners_density": [
      0.0033333333333333335,
      0.012222222222222223,
      0.04,
      0.07333333333333333,
      0.12111111111111111,
      0.12333333333333334,
      0.15,
      0.12777777777777777,
      0.09666666666666666,
      0.07333333333333333,
      0.06444444444444444,
      0.052222222222222225,
      0.03111111111111111,
      0.02,
      0.01,
      0.0011111111111111111,
      0.0
    ],
    "winners_count": [
      19,
      33,
      25,
      16,
      4,
      2,
      1,
      0,
      0,
      0,
      0,
      0,
      0,
      0,
      0,
      0,
      0
    ],
    "non_winners_count": [
      3,
      11,
      36,
      66,
      109,
      111,
      135,
      115,
      87,
      66,
      58,
      47,
      28,
      18,
      9,
      1,
      0
    ],
    "winners_mean": 1.63,
    "non_winners_mean": 6.65
  },
  "Sweet 16": {
    "bin_center": [
      0.0,
      1.0,
      2.0,
      3.0,
      4.0,
      5.0,
      6.0,
      7.0,
      8.0
    ],
    "bin_start": [
      -0.5,
      0.5,
      1.5,
      2.5,
      3.5,
      4.5,
      5.5,
      6.5,
      7.5
    ],
    "bin_end": [
      0.5,
      1.5,
      2.5,
      3.5,
      4.5,
      5.5,
      6.5,
      7.5,
      8.5
    ],
    "winners_density": [
      0.26,
      0.46,
      0.18,
      0.07,
      0.02,
      0.01,
      0.0,
      0.0,
      0.0
    ],
    "non_winners_density": [
      0.016666666666666666,
      0.052222222222222225,
      0.11333333333333333,
      0.17444444444444446,
      0.21555555555555556,
      0.18777777777777777,
      0.12666666666666668,
      0.09222222222222222,
      0.021111111111111112
    ],
    "winners_count": [
      26,
      46,
      18,
      7,
      2,
      1,
      0,
      0,
      0
    ],
    "non_winners_count": [
      15,
      47,
      102,
      157,
      194,
      169,
      114,
      83,
      19
    ],
    "winners_mean": 1.16,
    "non_winners_mean": 4.177777777777778
  },
  "Elite 8": {
    "bin_center": [
      0.0,
      1.0,
      2.0,
      3.0,
      4.0
    ],
    "bin_start": [
      -0.5,
      0.5,
      1.5,
      2.5,
      3.5
    ],
    "bin_end": [
      0.5,
      1.5,
      2.5,
      3.5,
      4.5
    ],
    "winners_density": [
      0.42,
      0.35,
      0.21,
      0.02,
      0.0
    ],
    "non_winners_density": [
      0.03888888888888889,
      0.18444444444444444,
      0.27666666666666667,
      0.30333333333333334,
      0.19666666666666666
    ],
    "winners_count": [
      42,
      35,
      21,
      2,
      0
    ],
    "non_winners_count": [
      35,
      166,
      249,
      273,
      177
    ],
    "winners_mean": 0.83,
    "non_winners_mean": 2.4344444444444444
  },
  "Total Upsets": {
    "bin_center": [
      1.0,
      2.0,
      3.0,
      4.0,
      5.0,
      6.0,
      7.0,
      8.0,
      9.0,
      10.0,
      11.0,
      12.0,
      13.0,
      14.0,
      15.0,
      16.0,
      17.0,
      18.0,
      19.0,
      20.0,
      21.0,
      22.0,
      23.0,
      24.0,
      25.0,
      26.0,
      27.0,
      28.0,
      29.0,
      30.0,
      31.0,
      32.0,
      33.0,
      34.0,
      35.0,
      36.0,
      37.0,
      38.0,
      39.0,
      40.0,
      41.0,
      42.0,
      43.0,
      44.0,
      45.0,
      46.0,
      47.0,
      48.0,
      49.0,
      50.0,
      51.0,
      52.0,
      53.0
    ],