{
  "First Round": {
    "bin_center": [
      0.0,
      1.0,
      2.0,
      3.0,
      4.0,
      5.0,
      6.0,
      7.0,
      8.0,
      9.0,
      10.0,
      11.0,
      12.0,
      13.0,
      14.0,
      15.0,
      16.0,
      17.0,
      18.0,
      19.0,
      20.0,
      21.0,
      22.0,
      23.0,
      24.0,
      25.0,
      26.0,
      27.0,
      28.0,
      29.0,
      30.0,
      31.0,
      32.0
    ],
    "bin_start": [
      -0.5,
      0.5,
      1.5,
      2.5,
      3.5,
      4.5,
      5.5,
      6.5,
      7.5,
      8.5,
      9.5,
      10.5,
      11.5,
      12.5,
      13.5,
      14.5,
      15.5,
      16.5,
      17.5,
      18.5,
      19.5,
      20.5,
      21.5,
      22.5,
      23.5,
      24.5,
      25.5,
      26.5,
      27.5,
      28.5,
      29.5,
      30.5,
      31.5
    ],
    "bin_end": [
      0.5,
      1.5,
      2.5,
      3.5,
      4.5,
      5.5,
      6.5,
      7.5,
      8.5,
      9.5,
      10.5,
      11.5,
      12.5,
      13.5,
      14.5,
      15.5,
      16.5,
      17.5,
      18.5,
      19.5,
      20.5,
      21.5,
      22.5,
      23.5,
      24.5,
      25.5,
      26.5,
      27.5,
      28.5,
      29.5,
      30.5,
      31.5,
      32.5
    ],
    "winners_density": [
      0.0,
      0.4,
      0.15,
      0.2,
      0.2,
      0.0,
      0.0,
      0.05,
      0.0,
      0.0,
      0.0,
      0.0,
      0.0,
      0.0,
      0.0,
      0.0,
      0.0,
      0.0,
      0.0,
      0.0,
      0.0,
      0.0,
      0.0,
      0.0,
      0.0,
      0.0,
      0.0,
      0.0,
      0.0,
      0.0,
      0.0,
      0.0,
      0.0
    ],
    "non_winners_density": [
      0.005555555555555556,
      0.016666666666666666,
      0.0,
      0.03333333333333333,
      0.027777777777777776,
      0.03888888888888889,
      0.12222222222222222,
      0.11666666666666667,
      0.12222222222222222,
      0.12222222222222222,
      0.11666666666666667,
      0.06111111111111111,
      0.06111111111111111,
      0.05,
      0.016666666666666666,
      0.044444444444444446,
      0.011111111111111112,
      0.011111111111111112,
      0.005555555555555556,
      0.011111111111111112,
      0.0,
      0.005555555555555556,
      0.0,
      0.0,
      0.0,
      0.0,
      0.0,
      0.0,
      0.0,
      0.0,
      0.0,
      0.0,
      0.0
    ],
    "winners_count": [
      0,
      8,
      3,
      4,
      4,
      0,
      0,
      1,
      0,
      0,
      0,
      0,
      0,
      0,
      0,
      0,
      0,
      0,
      0,
      0,
      0,
      0,
      0,
      0,
      0,
      0,
      0,
      0,
      0,
      0,
      0,
      0,
      0
    ],
    "non_winners_count": [
      1,
      3,
      0,
      6,
      5,
      7,
      22,
      21,
      22,
      22,
      21,
      11,
      11,
      9,
      3,
      8,
      2,
      2,
      1,
      2,
      0,
      1,
      0,
      0,
      0,
      0,
      0,
      0,
      0,
      0,
      0,
      0,
      0
    ],
    "winners_mean": 2.45,
    "non_winners_mean": 8.966666666666667
  },
  "Second Round": {
    "bin_center": [
      0.0,
      1.0,
      2.0,
      3.0,
      4.0,
      5.0,
      6.0,
      7.0,
      8.0,
      9.0,
      10.0,
      11.0,
      12.0,
      13.0,
      14.0,
      15.0,
      16.0
    ],
    "bin_start": [
      -0.5,
      0.5,
      1.5,
      2.5,
      3.5,
      4.5,
      5.5,
      6.5,
      7.5,
      8.5,
      9.5,
      10.5,
      11.5,
      12.5,
      13.5,
      14.5,
      15.5
    ],
    "bin_end": [
      0.5,
      1.5,
      2.5,
      3.5,
      4.5,
      5.5,
      6.5,
      7.5,
      8.5,
      9.5,
      10.5,
      11.5,
      12.5,
      13.5,
      14.5,
      15.5,
      16.5
    ],
    "winners_density": [
      0.1,
      0.3,
      0.2,
      0.25,
      0.05,
      0.1,
      0.0,
      0.0,
      0.0,
      0.0,
      0.0,
      0.0,
      0.0,
      0.0,
      0.0,
      0.0,
      0.0
    ],
    "non_winners_density": [
      0.0,
      0.011111111111111112,
      0.05555555555555555,
      0.05555555555555555,
      0.1,
      0.12222222222222222,
      0.14444444444444443,
      0.13333333333333333,
      0.07777777777777778,
      0.12777777777777777,
      0.05,
      0.06666666666666667,
      0.044444444444444446,
      0.005555555555555556,
      0.005555555555555556,
      0.0,
      0.0
    ],
    "winners_count": [
      2,
      6,
      4,
      5,
      1,
      2,
      0,
      0,
      0,
      0,
      0,
      0,
      0,
      0,
      0,
      0,
      0
    ],
    "non_winners_count": [
      0,
      2,
      10,
      10,
      18,
      22,
      26,
      24,
      14,
      23,
      9,
      12,
      8,
      1,
      1,
      0,
      0
    ],
    "winners_mean": 2.15,
    "non_winners_mean": 6.788888888888889
  },
  "Sweet 16": {
    "bin_center": [
      0.0,
      1.0,
      2.0,
      3.0,
      4.0,
      5.0,
      6.0,
      7.0,
      8.0
    ],
    "bin_start": [
      -0.5,
      0.5,
      1.5,
      2.5,
      3.5,
      4.5,
      5.5,
      6.5,
      7.5
    ],
    "bin_end": [
      0.5,
      1.5,
      2.5,
      3.5,
      4.5,
      5.5,
      6.5,
      7.5,
      8.5
    ],
    "winners_density": [
      0.1,
      0.55,
      0.3,
      0.05,
      0.0,
      0.0,
      0.0,
      0.0,
      0.0
    ],
    "non_winners_density": [
      0.011111111111111112,
      0.011111111111111112,
      0.08888888888888889,
      0.14444444444444443,
      0.25,
      0.17777777777777778,
      0.18333333333333332,
      0.10555555555555556,
      0.027777777777777776
    ],
    "winners_count": [
      2,
      11,
      6,
      1,
      0,
      0,
      0,
      0,
      0
    ],
    "non_winners_count": [
      2,
      2,
      16,
      26,
      45,
      32,
      33,
      19,
      5
    ],
    "winners_mean": 1.3,
    "non_winners_mean": 4.572222222222222
  },
  "Elite 8": {
    "bin_center": [
      0.0,
      1.0,
      2.0,
      3.0,
      4.0
    ],
    "bin_start": [
      -0.5,
      0.5,
      1.5,
      2.5,
      3.5
    ],
    "bin_end": [
      0.5,
      1.5,
      2.5,
      3.5,
      4.5
    ],
    "winners_density": [
      0.35,
      0.5,
      0.15,
      0.0,
      0.0
    ],
    "non_winners_density": [
      0.027777777777777776,
      0.15,
      0.28888888888888886,
      0.3277777777777778,
      0.20555555555555555
    ],
    "winners_count": [
      7,
      10,
      3,
      0,
      0
    ],
    "non_winners_count": [
      5,
      27,
      52,
      59,
      37
    ],
    "winners_mean": 0.8,
    "non_winners_mean": 2.533333333333333
  },
  "Total Upsets": {
    "bin_center": [
      2.0,
      3.0,
      4.0,
      5.0,
      6.0,
      7.0,
      8.0,
      9.0,
      10.0,
      11.0,
      12.0,
      13.0,
      14.0,
      15.0,
      16.0,
      17.0,
      18.0,
      19.0,
      20.0,
      21.0,
      22.0,
      23.0,
      24.0,
      25.0,
      26.0,
      27.0,
      28.0,
      29.0,
      30.0,
      31.0,
      32.0,
      33.0,
      34.0,
      35.0,
      36.0,
      37.0,
      38.0,
      39.0,
      40.0,
      41.0,
      42.0,
      43.0,
      44.0,
      45.0,
      46.0,
      47.0
    ],
    "bin_start": [
      1.5,
      2.5,
      3.5,
      4.5,
      5.5,
      6.5,
      7.5,
      8.5,
      9.5,
      10.5,
      11.5,
      12.5,
      13.5,
      14.5,
      15.5,
      16.5,
      17.5,
      18.5,
      19.5,
      20.5,
      21.5,
      22.5,
      23.5,
      24.5,
      25.5,
      26.5,
      27.5,
      28.5,
      29.5,
      30.5,
      31.5,
      32.5,
      33.5,
      34.5,
      35.5,
      36.5,
      37.5,
      38.5,
      39.5,
      40.5,
      41.5,
      42.5,
      43.5,
      44.5,
      45.5,
      46.5
    ],