round,mean_madness,std_madness
First Round,12.100568339920589,1.680046884138358
Second Round,7.12857828159751,0.5884960432941219
Sweet 16,3.5727718718881754,0.31690876903536064
Elite 8,2.0785787570627257,0.4501837104242986
Final Four,1.121248127435732,0.19516438597267993
Championship,0.6296562519781265,0.08967844881518286
