round,max_advantage_upsets,max_advantage,max_density_upsets,mode_upsets,mean_upsets,std_upsets,num_pools
First Round,1.0,0.34444444444444444,1.0,1.0,1.9,1.4106735979665885,20
Second Round,1.0,0.2833333333333333,1.0,1.0,1.45,1.116915395184434,20
Sweet 16,0.0,0.3888888888888889,0.0,0.0,0.95,1.023474474522936,20
Elite 8,0.0,0.6111111111111112,0.0,0.0,0.5,0.7416198487095663,20
Final Four,,,,0.0,0.15,0.36634754853252327,20
Championship,,,,0.0,0.0,0.0,20
Total Upsets,3.0,0.2,3.0,3.0,4.95,3.1855140872392953,20
