{
  "First Round": {
    "bin_center": [
      0.0,
      1.0,
      2.0,
      3.0,
      4.0,
      5.0,
      6.0,
      7.0,
      8.0,
      9.0,
      10.0,
      11.0,
      12.0,
      13.0,
      14.0,
      15.0,
      16.0,
      17.0,
      18.0,
      19.0,
      20.0,
      21.0,
      22.0,
      23.0,
      24.0,
      25.0,
      26.0,
      27.0,
      28.0,
      29.0,
      30.0,
      31.0,
      32.0
    ],
    "bin_start": [
      -0.5,
      0.5,
      1.5,
      2.5,
      3.5,
      4.5,
      5.5,
      6.5,
      7.5,
      8.5,
      9.5,
      10.5,
      11.5,
      12.5,
      13.5,
      14.5,
      15.5,
      16.5,
      17.5,
      18.5,
      19.5,
      20.5,
      21.5,
      22.5,
      23.5,
      24.5,
      25.5,
      26.5,
      27.5,
      28.5,
      29.5,
      30.5,
      31.5
    ],
    "bin_end": [
      0.5,
      1.5,
      2.5,
      3.5,
      4.5,
      5.5,
      6.5,
      7.5,
      8.5,
      9.5,
      10.5,
      11.5,
      12.5,
      13.5,
      14.5,
      15.5,
      16.5,
      17.5,
      18.5,
      19.5,
      20.5,
      21.5,
      22.5,
      23.5,
      24.5,
      25.5,
      26.5,
      27.5,
      28.5,
      29.5,
      30.5,
      31.5,
      32.5
    ],
    "winners_density": [
      0.05,
      0.0,
      0.25,
      0.2,
      0.05,
      0.0,
      0.05,
      0.15,
      0.1,
      0.05,
      0.05,
      0.05,
      0.0,
      0.0,
      0.0,
      0.0,
      0.0,
      0.0,
      0.0,
      0.0,
      0.0,
      0.0,
      0.0,
      0.0,
      0.0,
      0.0,
      0.0,
      0.0,
      0.0,
      0.0,
      0.0,
      0.0,
      0.0
    ],
    "non_winners_density": [
      0.0020408163265306124,
      0.011224489795918367,
      0.0336734693877551,
      0.04183673469387755,
      0.044897959183673466,
      0.07142857142857142,
      0.09183673469387756,
      0.11938775510204082,
      0.10612244897959183,
      0.10714285714285714,
      0.0836734693877551,
      0.08877551020408163,
      0.05612244897959184,
      0.05408163265306123,
      0.027551020408163266,
      0.02346938775510204,
      0.017346938775510204,
      0.009183673469387756,
      0.007142857142857143,
      0.0020408163265306124,
      0.0,
      0.0010204081632653062,
      0.0,
      0.0,
      0.0,
      0.0,
      0.0,
      0.0,
      0.0,
      0.0,
      0.0,
      0.0,
      0.0
    ],
    "winners_count": [
      1,
      0,
      5,
      4,
      1,
      0,
      1,
      3,
      2,
      1,
      1,
      1,
      0,
      0,
      0,
      0,
      0,
      0,
      0,
      0,
      0,
      0,
      0,
      0,
      0,
      0,
      0,
      0,
      0,
      0,
      0,
      0,
      0
    ],
    "non_winners_count": [
      2,
      11,
      33,
      41,
      44,
      70,
      90,
      117,
      104,
      105,
      82,
      87,
      55,
      53,
      27,
      23,
      17,
      9,
      7,
      2,
      0,
      1,
      0,
      0,
      0,
      0,
      0,
      0,
      0,
      0,
      0,
      0,
      0
    ],
    "winners_mean": 4.95,
    "non_winners_mean": 8.490816326530613
  },
  "Second Round": {
    "bin_center": [
      0.0,
      1.0,
      2.0,
      3.0,
      4.0,
      5.0,
      6.0,
      7.0,
      8.0,
      9.0,
      10.0,
      11.0,
      12.0,
      13.0,
      14.0,
      15.0,
      16.0
    ],
    "bin_start": [
      -0.5,
      0.5,
      1.5,
      2.5,
      3.5,
      4.5,
      5.5,
      6.5,
      7.5,
      8.5,
      9.5,
      10.5,
      11.5,
      12.5,
      13.5,
      14.5,
      15.5
    ],
    "bin_end": [
      0.5,
      1.5,
      2.5,
      3.5,
      4.5,
      5.5,
      6.5,
      7.5,
      8.5,
      9.5,
      10.5,
      11.5,
      12.5,
      13.5,
      14.5,
      15.5,
      16.5
    ],
    "winners_density": [
      0.2,
      0.05,
      0.2,
      0.2,
      0.15,
      0.05,
      0.0,
      0.1,
      0.05,
      0.0,
      0.0,
      0.0,
      0.0,
      0.0,
      0.0,
      0.0,
      0.0
    ],
    "non_winners_density": [
      0.009183673469387756,
      0.018367346938775512,
      0.04897959183673469,
      0.07142857142857142,
      0.09693877551020408,
      0.11530612244897959,
      0.15306122448979592,
      0.14795918367346939,
      0.10918367346938776,
      0.08673469387755102,
      0.05,
      0.05408163265306123,
      0.02142857142857143,
      0.012244897959183673,
      0.004081632653061225,
      0.0010204081632653062,
      0.0
    ],
    "winners_count": [
      4,
      1,
      4,
      4,
      3,
      1,
      0,
      2,
      1,
      0,
      0,
      0,
      0,
      0,
      0,
      0,
      0
    ],
    "non_winners_count": [
      9,
      18,
      48,
      70,
      95,
      113,
      150,
      145,
      107,
      85,
      49,
      53,
      21,
      12,
      4,
      1,
      0
    ],
    "winners_mean": 3.0,
    "non_winners_mean": 6.486734693877551
  },
  "Sweet 16": {
    "bin_center": [
      0.0,
      1.0,
      2.0,
      3.0,
      4.0,
      5.0,
      6.0,
      7.0,
      8.0
    ],
    "bin_start": [
      -0.5,
      0.5,
      1.5,
      2.5,
      3.5,
      4.5,
      5.5,
      6.5,
      7.5
    ],
    "bin_end": [
      0.5,
      1.5,
      2.5,
      3.5,
      4.5,
      5.5,
      6.5,
      7.5,
      8.5
    ],
    "winners_density": [
      0.2,
      0.1,
      0.15,
      0.15,
      0.25,
      0.15,
      0.0,
      0.0,
      0.0
    ],
    "non_winners_density": [
      0.02857142857142857,
      0.05714285714285714,
      0.11938775510204082,
      0.18061224489795918,
      0.20510204081632652,
      0.1826530612244898,
      0.14795918367346939,
      0.05714285714285714,
      0.02142857142857143
    ],
    "winners_count": [
      4,
      2,
      3,
      3,
      5,
      3,
      0,
      0,
      0
    ],
    "non_winners_count": [
      28,
      56,
      117,
      177,
      201,
      179,
      145,
      56,
      21
    ],
    "winners_mean": 2.6,
    "non_winners_mean": 4.030612244897959
  },
  "Elite 8": {
    "bin_center": [
      0.0,
      1.0,
      2.0,
      3.0,
      4.0
    ],
    "bin_start": [
      -0.5,
      0.5,
      1.5,
      2.5,
      3.5
    ],
    "bin_end": [
      0.5,
      1.5,
      2.5,
      3.5,
      4.5
    ],
    "winners_density": [
      0.25,
      0.2,
      0.25,
      0.3,
      0.0
    ],
    "non_winners_density": [
      0.05408163265306123,
      0.20918367346938777,
      0.3081632653061224,
      0.27448979591836736,
      0.1540816326530612
    ],
    "winners_count": [
      5,
      4,
      5,
      6,
      0
    ],
    "non_winners_count": [
      53,
      205,
      302,
      269,
      151
    ],
    "winners_mean": 1.6,
    "non_winners_mean": 2.2653061224489797
  },
  "Total Upsets": {
    "bin_center": [
      0.0,
      1.0,
      2.0,
      3.0,
      4.0,
      5.0,
      6.0,
      7.0,
      8.0,
      9.0,
      10.0,
      11.0,
      12.0,
      13.0,
      14.0,
      15.0,
      16.0,
      17.0,
      18.0,
      19.0,
      20.0,
      21.0,
      22.0,
      23.0,
      24.0,
      25.0,
      26.0,
      27.0,
      28.0,
      29.0,
      30.0,
      31.0,
      32.0,
      33.0,
      34.0,
      35.0,
      36.0,
      37.0,
      38.0,
      39.0,
      40.0,
      41.0,
      42.0,
      43.0,
      44.0,
      45.0,
      46.0
    ],