{
  "First Round": {
    "bin_center": [
      0.0,
      1.0,
      2.0,
      3.0,
      4.0,
      5.0,
      6.0,
      7.0,
      8.0,
      9.0,
      10.0,
      11.0,
      12.0,
      13.0,
      14.0,
      15.0,
      16.0,
      17.0,
      18.0,
      19.0,
      20.0,
      21.0,
      22.0,
      23.0,
      24.0,
      25.0,
      26.0,
      27.0,
      28.0,
      29.0,
      30.0,
      31.0,
      32.0
    ],
    "bin_start": [
      -0.5,
      0.5,
      1.5,
      2.5,
      3.5,
      4.5,
      5.5,
      6.5,
      7.5,
      8.5,
      9.5,
      10.5,
      11.5,
      12.5,
      13.5,
      14.5,
      15.5,
      16.5,
      17.5,
      18.5,
      19.5,
      20.5,
      21.5,
      22.5,
      23.5,
      24.5,
      25.5,
      26.5,
      27.5,
      28.5,
      29.5,
      30.5,
      31.5
    ],
    "bin_end": [
      0.5,
      1.5,
      2.5,
      3.5,
      4.5,
      5.5,
      6.5,
      7.5,
      8.5,
      9.5,
      10.5,
      11.5,
      12.5,
      13.5,
      14.5,
      15.5,
      16.5,
      17.5,
      18.5,
      19.5,
      20.5,
      21.5,
      22.5,
      23.5,
      24.5,
      25.5,
      26.5,
      27.5,
      28.5,
      29.5,
      30.5,
      31.5,
      32.5
    ],
    "winners_density": [
      0.0,
      0.05,
      0.0,
      0.05,
      0.1,
      0.2,
      0.05,
      0.25,
      0.1,
      0.0,
      0.1,
      0.0,
      0.1,
      0.0,
      0.0,
      0.0,
      0.0,
      0.0,
      0.0,
      0.0,
      0.0,
      0.0,
      0.0,
      0.0,
      0.0,
      0.0,
      0.0,
      0.0,
      0.0,
      0.0,
      0.0,
      0.0,
      0.0
    ],
    "non_winners_density": [
      0.00816326530612245,
      0.013265306122448979,
      0.02142857142857143,
      0.02857142857142857,
      0.04591836734693878,
      0.07142857142857142,
      0.09591836734693877,
      0.12551020408163266,
      0.11326530612244898,
      0.10306122448979592,
      0.1,
      0.07448979591836735,
      0.0653061224489796,
      0.04693877551020408,
      0.03469387755102041,
      0.02346938775510204,
      0.014285714285714285,
      0.00510204081632653,
      0.004081632653061225,
      0.004081632653061225,
      0.0010204081632653062,
      0.0,
      0.0,
      0.0,
      0.0,
      0.0,
      0.0,
      0.0,
      0.0,
      0.0,
      0.0,
      0.0,
      0.0
    ],
    "winners_count": [
      0,
      1,
      0,
      1,
      2,
      4,
      1,
      5,
      2,
      0,
      2,
      0,
      2,
      0,
      0,
      0,
      0,
      0,
      0,
      0,
      0,
      0,
      0,
      0,
      0,
      0,
      0,
      0,
      0,
      0,
      0,
      0,
      0
    ],
    "non_winners_count": [
      8,
      13,
      21,
      28,
      45,
      70,
      94,
      123,
      111,
      101,
      98,
      73,
      64,
      46,
      34,
      23,
      14,
      5,
      4,
      4,
      1,
      0,
      0,
      0,
      0,
      0,
      0,
      0,
      0,
      0,
      0,
      0,
      0
    ],
    "winners_mean": 6.65,
    "non_winners_mean": 8.508163265306122
  },
  "Second Round": {
    "bin_center": [
      0.0,
      1.0,
      2.0,
      3.0,
      4.0,
      5.0,
      6.0,
      7.0,
      8.0,
      9.0,
      10.0,
      11.0,
      12.0,
      13.0,
      14.0,
      15.0,
      16.0
    ],
    "bin_start": [
      -0.5,
      0.5,
      1.5,
      2.5,
      3.5,
      4.5,
      5.5,
      6.5,
      7.5,
      8.5,
      9.5,
      10.5,
      11.5,
      12.5,
      13.5,
      14.5,
      15.5
    ],
    "bin_end": [
      0.5,
      1.5,
      2.5,
      3.5,
      4.5,
      5.5,
      6.5,
      7.5,
      8.5,
      9.5,
      10.5,
      11.5,
      12.5,
      13.5,
      14.5,
      15.5,
      16.5
    ],
    "winners_density": [
      0.0,
      0.15,
      0.0,
      0.1,
      0.0,
      0.25,
      0.2,
      0.1,
      0.15,
      0.0,
      0.0,
      0.05,
      0.0,
      0.0,
      0.0,
      0.0,
      0.0
    ],
    "non_winners_density": [
      0.01020408163265306,
      0.026530612244897958,
      0.036734693877551024,
      0.0663265306122449,
      0.10102040816326531,
      0.13877551020408163,
      0.1469387755102041,
      0.1489795918367347,
      0.11122448979591837,
      0.07653061224489796,
      0.058163265306122446,
      0.03469387755102041,
      0.02857142857142857,
      0.011224489795918367,
      0.0020408163265306124,
      0.0,
      0.0020408163265306124
    ],
    "winners_count": [
      0,
      3,
      0,
      2,
      0,
      5,
      4,
      2,
      3,
      0,
      0,
      1,
      0,
      0,
      0,
      0,
      0
    ],
    "non_winners_count": [
      10,
      26,
      36,
      65,
      99,
      136,
      144,
      146,
      109,
      75,
      57,
      34,
      28,
      11,
      2,
      0,
      2
    ],
    "winners_mean": 5.35,
    "non_winners_mean": 6.413265306122449
  },
  "Sweet 16": {
    "bin_center": [
      0.0,
      1.0,
      2.0,
      3.0,
      4.0,
      5.0,
      6.0,
      7.0,
      8.0
    ],
    "bin_start": [
      -0.5,
      0.5,
      1.5,
      2.5,
      3.5,
      4.5,
      5.5,
      6.5,
      7.5
    ],
    "bin_end": [
      0.5,
      1.5,
      2.5,
      3.5,
      4.5,
      5.5,
      6.5,
      7.5,
      8.5
    ],
    "winners_density": [
      0.1,
      0.1,
      0.15,
      0.2,
      0.3,
      0.1,
      0.0,
      0.0,
      0.05
    ],
    "non_winners_density": [
      0.02346938775510204,
      0.04795918367346939,
      0.12346938775510204,
      0.20612244897959184,
      0.21122448979591837,
      0.18061224489795918,
      0.11020408163265306,
      0.07346938775510205,
      0.02346938775510204
    ],
    "winners_count": [
      2,
      2,
      3,
      4,
      6,
      2,
      0,
      0,
      1
    ],
    "non_winners_count": [
      23,
      47,
      121,
      202,
      207,
      177,
      108,
      72,
      23
    ],
    "winners_mean": 3.1,
    "non_winners_mean": 4.024489795918368
  },
  "Elite 8": {
    "bin_center": [
      0.0,
      1.0,
      2.0,
      3.0,
      4.0
    ],
    "bin_start": [
      -0.5,
      0.5,
      1.5,
      2.5,
      3.5
    ],
    "bin_end": [
      0.5,
      1.5,
      2.5,
      3.5,
      4.5
    ],
    "winners_density": [
      0.3,
      0.1,
      0.25,
      0.3,
      0.05
    ],
    "non_winners_density": [
      0.04897959183673469,
      0.1836734693877551,
      0.29081632653061223,
      0.3193877551020408,
      0.15714285714285714
    ],
    "winners_count": [
      6,
      2,
      5,
      6,
      1
    ],
    "non_winners_count": [
      48,
      180,
      285,
      313,
      154
    ],
    "winners_mean": 1.7,
    "non_winners_mean": 2.3520408163265305
  },
  "Total Upsets": {
    "bin_center": [
      0.0,
      1.0,
      2.0,
      3.0,
      4.0,
      5.0,
      6.0,
      7.0,
      8.0,
      9.0,
      10.0,
      11.0,
      12.0,
      13.0,
      14.0,
      15.0,
      16.0,
      17.0,
      18.0,
      19.0,
      20.0,
      21.0,
      22.0,
      23.0,
      24.0,
      25.0,
      26.0,
      27.0,
      28.0,
      29.0,
      30.0,
      31.0,
      32.0,
      33.0,
      34.0,
      35.0,
      36.0,
      37.0,
      38.0,
      39.0,
      40.0,
      41.0,
      42.0,
      43.0,
      44.0,
      45.0,
      46.0,
      47.0,
      48.0,
      49.0,
      50.0
    ],