round,max_advantage_upsets,max_advantage,max_density_upsets,mode_upsets,mean_upsets,std_upsets,num_pools
First Round,2.0,0.21632653061224488,2.0,2.0,4.95,3.1220986531498327,20
Second Round,0.0,0.19081632653061226,0.0,0.0,3.0,2.32379000772445,20
Sweet 16,0.0,0.17142857142857143,4.0,4.0,2.6,1.7435595774162693,20
Elite 8,0.0,0.19591836734693877,3.0,3.0,1.6,1.1575836902790226,20
Final Four,,,,0.0,0.6,0.6805570473787205,20
Championship,,,,0.0,0.15,0.36634754853252327,20
Total Upsets,9.0,0.08979591836734695,9.0,9.0,12.9,7.930321557162736,20
