{
  "First Round": {
    "bin_center": [
      0.0,
      1.0,
      2.0,
      3.0,
      4.0,
      5.0,
      6.0,
      7.0,
      8.0,
      9.0,
      10.0,
      11.0,
      12.0,
      13.0,
      14.0,
      15.0,
      16.0,
      17.0,
      18.0,
      19.0,
      20.0,
      21.0,
      22.0,
      23.0,
      24.0,
      25.0,
      26.0,
      27.0,
      28.0,
      29.0,
      30.0,
      31.0,
      32.0
    ],
    "bin_start": [
      -0.5,
      0.5,
      1.5,
      2.5,
      3.5,
      4.5,
      5.5,
      6.5,
      7.5,
      8.5,
      9.5,
      10.5,
      11.5,
      12.5,
      13.5,
      14.5,
      15.5,
      16.5,
      17.5,
      18.5,
      19.5,
      20.5,
      21.5,
      22.5,
      23.5,
      24.5,
      25.5,
      26.5,
      27.5,
      28.5,
      29.5,
      30.5,
      31.5
    ],
    "bin_end": [
      0.5,
      1.5,
      2.5,
      3.5,
      4.5,
      5.5,
      6.5,
      7.5,
      8.5,
      9.5,
      10.5,
      11.5,
      12.5,
      13.5,
      14.5,
      15.5,
      16.5,
      17.5,
      18.5,
      19.5,
      20.5,
      21.5,
      22.5,
      23.5,
      24.5,
      25.5,
      26.5,
      27.5,
      28.5,
      29.5,
      30.5,
      31.5,
      32.5
    ],
    "winners_density": [
      0.025,
      0.015,
      0.02,
      0.055,
      0.075,
      0.11,
      0.13,
      0.115,
      0.13,
      0.1,
      0.1,
      0.035,
      0.05,
      0.02,
      0.015,
      0.005,
      0.0,
      0.0,
      0.0,
      0.0,
      0.0,
      0.0,
      0.0,
      0.0,
      0.0,
      0.0,
      0.0,
      0.0,
      0.0,
      0.0,
      0.0,
      0.0,
      0.0
    ],
    "non_winners_density": [
      0.0,
      0.0,
      0.0025,
      0.00625,
      0.01125,
      0.0225,
      0.04125,
      0.0525,
      0.09625,
      0.1225,
      0.10625,
      0.12625,
      0.1225,
      0.09625,
      0.07125,
      0.0575,
      0.025,
      0.02625,
      0.00625,
      0.0025,
      0.00375,
      0.00125,
      0.0,
      0.0,
      0.0,
      0.0,
      0.0,
      0.0,
      0.0,
      0.0,
      0.0,
      0.0,
      0.0
    ],
    "winners_count": [
      5,
      3,
      4,
      11,
      15,
      22,
      26,
      23,
      26,
      20,
      20,
      7,
      10,
      4,
      3,
      1,
      0,
      0,
      0,
      0,
      0,
      0,
      0,
      0,
      0,
      0,
      0,
      0,
      0,
      0,
      0,
      0,
      0
    ],
    "non_winners_count": [
      0,
      0,
      2,
      5,
      9,
      18,
      33,
      42,
      77,
      98,
      85,
      101,
      98,
      77,
      57,
      46,
      20,
      21,
      5,
      2,
      3,
      1,
      0,
      0,
      0,
      0,
      0,
      0,
      0,
      0,
      0,
      0,
      0
    ],
    "winners_mean": 7.125,
    "non_winners_mean": 10.80875
  },
  "Second Round": {
    "bin_center": [
      0.0,
      1.0,
      2.0,
      3.0,
      4.0,
      5.0,
      6.0,
      7.0,
      8.0,
      9.0,
      10.0,
      11.0,
      12.0,
      13.0,
      14.0,
      15.0,
      16.0
    ],
    "bin_start": [
      -0.5,
      0.5,
      1.5,
      2.5,
      3.5,
      4.5,
      5.5,
      6.5,
      7.5,
      8.5,
      9.5,
      10.5,
      11.5,
      12.5,
      13.5,
      14.5,
      15.5
    ],
    "bin_end": [
      0.5,
      1.5,
      2.5,
      3.5,
      4.5,
      5.5,
      6.5,
      7.5,
      8.5,
      9.5,
      10.5,
      11.5,
      12.5,
      13.5,
      14.5,
      15.5,
      16.5
    ],
    "winners_density": [
      0.04,
      0.025,
      0.095,
      0.125,
      0.175,
      0.245,
      0.155,
      0.075,
      0.03,
      0.02,
      0.01,
      0.0,
      0.005,
      0.0,
      0.0,
      0.0,
      0.0
    ],
    "non_winners_density": [
      0.0,
      0.0025,
      0.01375,
      0.0425,
      0.05375,
      0.12375,
      0.15,
      0.18125,
      0.12625,
      0.115,
      0.0975,
      0.045,
      0.03375,
      0.0125,
      0.0025,
      0.0,
      0.0
    ],
    "winners_count": [
      8,
      5,
      19,
      25,
      35,
      49,
      31,
      15,
      6,
      4,
      2,
      0,
      1,
      0,
      0,
      0,
      0
    ],
    "non_winners_count": [
      0,
      2,
      11,
      34,
      43,
      99,
      120,
      145,
      101,
      92,
      78,
      36,
      27,
      10,
      2,
      0,
      0
    ],
    "winners_mean": 4.55,
    "non_winners_mean": 7.2775
  },
  "Sweet 16": {
    "bin_center": [
      0.0,
      1.0,
      2.0,
      3.0,
      4.0,
      5.0,
      6.0,
      7.0,
      8.0
    ],
    "bin_start": [
      -0.5,
      0.5,
      1.5,
      2.5,
      3.5,
      4.5,
      5.5,
      6.5,
      7.5
    ],
    "bin_end": [
      0.5,
      1.5,
      2.5,
      3.5,
      4.5,
      5.5,
      6.5,
      7.5,
      8.5
    ],
    "winners_density": [
      0.07,
      0.135,
      0.2,
      0.25,
      0.185,
      0.115,
      0.04,
      0.005,
      0.0
    ],
    "non_winners_density": [
      0.00125,
      0.02625,
      0.09125,
      0.1875,
      0.22625,
      0.21625,
      0.145,
      0.09625,
      0.01
    ],
    "winners_count": [
      14,
      27,
      40,
      50,
      37,
      23,
      8,
      1,
      0
    ],
    "non_winners_count": [
      1,
      21,
      73,
      150,
      181,
      173,
      116,
      77,
      8
    ],
    "winners_mean": 2.875,
    "non_winners_mean": 4.38125
  },
  "Elite 8": {
    "bin_center": [
      0.0,
      1.0,
      2.0,
      3.0,
      4.0
    ],
    "bin_start": [
      -0.5,
      0.5,
      1.5,
      2.5,
      3.5
    ],
    "bin_end": [
      0.5,
      1.5,
      2.5,
      3.5,
      4.5
    ],
    "winners_density": [
      0.185,
      0.35,
      0.29,
      0.15,
      0.025
    ],
    "non_winners_density": [
      0.04,
      0.16625,
      0.32375,
      0.3275,
      0.1425
    ],
    "winners_count": [
      37,
      70,
      58,
      30,
      5
    ],
    "non_winners_count": [
      32,
      133,
      259,
      262,
      114
    ],
    "winners_mean": 1.48,
    "non_winners_mean": 2.36625
  },
  "Total Upsets": {
    "bin_center": [
      0.0,
      1.0,
      2.0,
      3.0,
      4.0,
      5.0,
      6.0,
      7.0,
      8.0,
      9.0,
      10.0,
      11.0,
      12.0,
      13.0,
      14.0,
      15.0,
      16.0,
      17.0,
      18.0,
      19.0,
      20.0,
      21.0,
      22.0,
      23.0,
      24.0,
      25.0,
      26.0,
      27.0,
      28.0,
      29.0,
      30.0,
      31.0,
      32.0,
      33.0,
      34.0,
      35.0,
      36.0,
      37.0,
      38.0,
      39.0,
      40.0,
      41.0,
      42.0,
      43.0,
      44.0,
      45.0,
      46.0,
      47.0,
      48.0
    ],
    "bin_start": [
      -0.5,
      0.5,
      1.5,
      2.5,
      3.5,
      4.5,
      5.5,
      6.5,
      7.5,
      8.5,
      9.5,
      10.5,
      11.5,
      12.5,
      13.5,
      14.5,
      15.5,
      16.5,
      17.5,
      18.5,
      19.5,
      20.5,
      21.5,
      22.5,
      23.5,
      24.5,
      25.5,
      26.5,
      27.5,
      28.5,
      29.5,
      30.5,
      31.5,
      32.5,
      33.5,
      34.5,
      35.5,
      36.5,
      37.5,
      38.5,
      39.5,
      40.5,
      41.5,
      42.5,
      43.5,
      44.5,
      45.5,
      46.5,
      47.5
    ],