{
  "First Round": {
    "bin_center": [
      0.0,
      1.0,
      2.0,
      3.0,
      4.0,
      5.0,
      6.0,
      7.0,
      8.0,
      9.0,
      10.0,
      11.0,
      12.0,
      13.0,
      14.0,
      15.0,
      16.0,
      17.0,
      18.0,
      19.0,
      20.0,
      21.0,
      22.0,
      23.0,
      24.0,
      25.0,
      26.0,
      27.0,
      28.0,
      29.0,
      30.0,
      31.0,
      32.0
    ],
    "bin_start": [
      -0.5,
      0.5,
      1.5,
      2.5,
      3.5,
      4.5,
      5.5,
      6.5,
      7.5,
      8.5,
      9.5,
      10.5,
      11.5,
      12.5,
      13.5,
      14.5,
      15.5,
      16.5,
      17.5,
      18.5,
      19.5,
      20.5,
      21.5,
      22.5,
      23.5,
      24.5,
      25.5,
      26.5,
      27.5,
      28.5,
      29.5,
      30.5,
      31.5
    ],
    "bin_end": [
      0.5,
      1.5,
      2.5,
      3.5,
      4.5,
      5.5,
      6.5,
      7.5,
      8.5,
      9.5,
      10.5,
      11.5,
      12.5,
      13.5,
      14.5,
      15.5,
      16.5,
      17.5,
      18.5,
      19.5,
      20.5,
      21.5,
      22.5,
      23.5,
      24.5,
      25.5,
      26.5,
      27.5,
      28.5,
      29.5,
      30.5,
      31.5,
      32.5
    ],
    "winners_density": [
      0.005,
      0.01,
      0.035,
      0.065,
      0.05,
      0.1,
      0.165,
      0.165,
      0.125,
      0.115,
      0.05,
      0.04,
      0.025,
      0.005,
      0.015,
      0.025,
      0.005,
      0.0,
      0.0,
      0.0,
      0.0,
      0.0,
      0.0,
      0.0,
      0.0,
      0.0,
      0.0,
      0.0,
      0.0,
      0.0,
      0.0,
      0.0,
      0.0
    ],
    "non_winners_density": [
      0.0,
      0.0,
      0.00375,
      0.00625,
      0.01125,
      0.02375,
      0.03875,
      0.0575,
      0.09125,
      0.0875,
      0.1175,
      0.1475,
      0.135,
      0.08875,
      0.07625,
      0.05,
      0.02625,
      0.0175,
      0.01375,
      0.00625,
      0.00125,
      0.0,
      0.0,
      0.0,
      0.0,
      0.0,
      0.0,
      0.0,
      0.0,
      0.0,
      0.0,
      0.0,
      0.0
    ],
    "winners_count": [
      1,
      2,
      7,
      13,
      10,
      20,
      33,
      33,
      25,
      23,
      10,
      8,
      5,
      1,
      3,
      5,
      1,
      0,
      0,
      0,
      0,
      0,
      0,
      0,
      0,
      0,
      0,
      0,
      0,
      0,
      0,
      0,
      0
    ],
    "non_winners_count": [
      0,
      0,
      3,
      5,
      9,
      19,
      31,
      46,
      73,
      70,
      94,
      118,
      108,
      71,
      61,
      40,
      21,
      14,
      11,
      5,
      1,
      0,
      0,
      0,
      0,
      0,
      0,
      0,
      0,
      0,
      0,
      0,
      0
    ],
    "winners_mean": 7.125,
    "non_winners_mean": 10.84
  },
  "Second Round": {
    "bin_center": [
      0.0,
      1.0,
      2.0,
      3.0,
      4.0,
      5.0,
      6.0,
      7.0,
      8.0,
      9.0,
      10.0,
      11.0,
      12.0,
      13.0,
      14.0,
      15.0,
      16.0
    ],
    "bin_start": [
      -0.5,
      0.5,
      1.5,
      2.5,
      3.5,
      4.5,
      5.5,
      6.5,
      7.5,
      8.5,
      9.5,
      10.5,
      11.5,
      12.5,
      13.5,
      14.5,
      15.5
    ],
    "bin_end": [
      0.5,
      1.5,
      2.5,
      3.5,
      4.5,
      5.5,
      6.5,
      7.5,
      8.5,
      9.5,
      10.5,
      11.5,
      12.5,
      13.5,
      14.5,
      15.5,
      16.5
    ],
    "winners_density": [
      0.01,
      0.03,
      0.11,
      0.17,
      0.155,
      0.185,
      0.12,
      0.09,
      0.08,
      0.04,
      0.005,
      0.005,
      0.0,
      0.0,
      0.0,
      0.0,
      0.0
    ],
    "non_winners_density": [
      0.00125,
      0.00375,
      0.0275,
      0.03375,
      0.07,
      0.09625,
      0.16125,
      0.1625,
      0.165,
      0.1025,
      0.0825,
      0.05125,
      0.0275,
      0.01125,
      0.0025,
      0.00125,
      0.0
    ],
    "winners_count": [
      2,
      6,
      22,
      34,
      31,
      37,
      24,
      18,
      16,
      8,
      1,
      1,
      0,
      0,
      0,
      0,
      0
    ],
    "non_winners_count": [
      1,
      3,
      22,
      27,
      56,
      77,
      129,
      130,
      132,
      82,
      66,
      41,
      22,
      9,
      2,
      1,
      0
    ],
    "winners_mean": 4.76,
    "non_winners_mean": 7.1875
  },
  "Sweet 16": {
    "bin_center": [
      0.0,
      1.0,
      2.0,
      3.0,
      4.0,
      5.0,
      6.0,
      7.0,
      8.0
    ],
    "bin_start": [
      -0.5,
      0.5,
      1.5,
      2.5,
      3.5,
      4.5,
      5.5,
      6.5,
      7.5
    ],
    "bin_end": [
      0.5,
      1.5,
      2.5,
      3.5,
      4.5,
      5.5,
      6.5,
      7.5,
      8.5
    ],
    "winners_density": [
      0.04,
      0.13,
      0.24,
      0.31,
      0.135,
      0.085,
      0.05,
      0.01,
      0.0
    ],
    "non_winners_density": [
      0.0075,
      0.03,
      0.11,
      0.165,
      0.2,
      0.24375,
      0.1575,
      0.07125,
      0.015
    ],
    "winners_count": [
      8,
      26,
      48,
      62,
      27,
      17,
      10,
      2,
      0
    ],
    "non_winners_count": [
      6,
      24,
      88,
      132,
      160,
      195,
      126,
      57,
      12
    ],
    "winners_mean": 2.875,
    "non_winners_mean": 4.3275
  },
  "Elite 8": {
    "bin_center": [
      0.0,
      1.0,
      2.0,
      3.0,
      4.0
    ],
    "bin_start": [
      -0.5,
      0.5,
      1.5,
      2.5,
      3.5
    ],
    "bin_end": [
      0.5,
      1.5,
      2.5,
      3.5,
      4.5
    ],
    "winners_density": [
      0.175,
      0.275,
      0.365,
      0.14,
      0.045
    ],
    "non_winners_density": [
      0.05375,
      0.175,
      0.3225,
      0.31375,
      0.135
    ],
    "winners_count": [
      35,
      55,
      73,
      28,
      9
    ],
    "non_winners_count": [
      43,
      140,
      258,
      251,
      108
    ],
    "winners_mean": 1.605,
    "non_winners_mean": 2.30125
  },
  "Total Upsets": {
    "bin_center": [
      0.0,
      1.0,
      2.0,
      3.0,
      4.0,
      5.0,
      6.0,
      7.0,
      8.0,
      9.0,
      10.0,
      11.0,
      12.0,
      13.0,
      14.0,
      15.0,
      16.0,
      17.0,
      18.0,
      19.0,
      20.0,
      21.0,
      22.0,
      23.0,
      24.0,
      25.0,
      26.0,
      27.0,
      28.0,
      29.0,
      30.0,
      31.0,
      32.0,
      33.0,
      34.0,
      35.0,
      36.0,
      37.0,
      38.0,
      39.0,
      40.0,
      41.0,
      42.0,
      43.0,
      44.0,
      45.0
    ],
    "bin_start": [
      -0.5,
      0.5,
      1.5,
      2.5,
      3.5,
      4.5,
      5.5,
      6.5,
      7.5,
      8.5,
      9.5,
      10.5,
      11.5,
      12.5,
      13.5,
      14.5,
      15.5,
      16.5,
      17.5,
      18.5,
      19.5,
      20.5,
      21.5,
      22.5,
      23.5,
      24.5,
      25.5,
      26.5,
      27.5,
      28.5,
      29.5,
      30.5,
      31.5,
      32.5,
      33.5,
      34.5,
      35.5,
      36.5,
      37.5,
      38.5,
      39.5,
      40.5,
      41.5,
      42.5,
      43.5,
      44.5
    ],
    "bin_end": [
      0.5,
      1.5,
      2.5,
      3.5,
      4.5,
      5.5,
      6.5,
      7.5,
      8.5,
      9.5,
      10.5,
      11.5,
      12.5,
      13.5,
      14.5,
      15.5,
      16.5,
      17.5,
      18.5,
      19.5,
      20.5,
      21.5,
      22.5,
      23.5,
      24.5,
      25.5,
      26.5,
      27.5,
      28.5,
      29.5,
      30.5,
      31.5,
      32.5,
      33.5,
      34.5,
      35.5,
      36.5,
      37.5,
      38.5,
      39.5,
      40.5,
      41.5,
      42.5,
      43.5,
      44.5,
      45.5
    ],