{
  "First Round": {
    "bin_center": [
      0.0,
      1.0,
      2.0,
      3.0,
      4.0,
      5.0,
      6.0,
      7.0,
      8.0,
      9.0,
      10.0,
      11.0,
      12.0,
      13.0,
      14.0,
      15.0,
      16.0,
      17.0,
      18.0,
      19.0,
      20.0,
      21.0,
      22.0,
      23.0,
      24.0,
      25.0,
      26.0,
      27.0,
      28.0,
      29.0,
      30.0,
      31.0,
      32.0
    ],
    "bin_start": [
      -0.5,
      0.5,
      1.5,
      2.5,
      3.5,
      4.5,
      5.5,
      6.5,
      7.5,
      8.5,
      9.5,
      10.5,
      11.5,
      12.5,
      13.5,
      14.5,
      15.5,
      16.5,
      17.5,
      18.5,
      19.5,
      20.5,
      21.5,
      22.5,
      23.5,
      24.5,
      25.5,
      26.5,
      27.5,
      28.5,
      29.5,
      30.5,
      31.5
    ],
    "bin_end": [
      0.5,
      1.5,
      2.5,
      3.5,
      4.5,
      5.5,
      6.5,
      7.5,
      8.5,
      9.5,
      10.5,
      11.5,
      12.5,
      13.5,
      14.5,
      15.5,
      16.5,
      17.5,
      18.5,
      19.5,
      20.5,
      21.5,
      22.5,
      23.5,
      24.5,
      25.5,
      26.5,
      27.5,
      28.5,
      29.5,
      30.5,
      31.5,
      32.5
    ],
    "winners_density": [
      0.0105,
      0.017,
      0.0385,
      0.0575,
      0.0755,
      0.114,
      0.126,
      0.1355,
      0.113,
      0.108,
      0.0745,
      0.0595,
      0.037,
      0.0155,
      0.011,
      0.0035,
      0.0025,
      0.0005,
      0.0,
      0.0005,
      0.0,
      0.0,
      0.0,
      0.0,
      0.0,
      0.0,
      0.0,
      0.0,
      0.0,
      0.0,
      0.0,
      0.0,
      0.0
    ],
    "non_winners_density": [
      0.000125,
      0.000625,
      0.000875,
      0.00525,
      0.01025,
      0.023125,
      0.042875,
      0.062625,
      0.083,
      0.10425,
      0.11975,
      0.123125,
      0.116,
      0.106,
      0.0795,
      0.05275,
      0.033625,
      0.01975,
      0.009125,
      0.005,
      0.001625,
      0.000375,
      0.000375,
      0.0,
      0.0,
      0.0,
      0.0,
      0.0,
      0.0,
      0.0,
      0.0,
      0.0,
      0.0
    ],
    "winners_count": [
      21,
      34,
      77,
      115,
      151,
      228,
      252,
      271,
      226,
      216,
      149,
      119,
      74,
      31,
      22,
      7,
      5,
      1,
      0,
      1,
      0,
      0,
      0,
      0,
      0,
      0,
      0,
      0,
      0,
      0,
      0,
      0,
      0
    ],
    "non_winners_count": [
      1,
      5,
      7,
      42,
      82,
      185,
      343,
      501,
      664,
      834,
      958,
      985,
      928,
      848,
      636,
      422,
      269,
      158,
      73,
      40,
      13,
      3,
      3,
      0,
      0,
      0,
      0,
      0,
      0,
      0,
      0,
      0,
      0
    ],
    "winners_mean": 7.0285,
    "non_winners_mean": 10.880375
  },
  "Second Round": {
    "bin_center": [
      0.0,
      1.0,
      2.0,
      3.0,
      4.0,
      5.0,
      6.0,
      7.0,
      8.0,
      9.0,
      10.0,
      11.0,
      12.0,
      13.0,
      14.0,
      15.0,
      16.0
    ],
    "bin_start": [
      -0.5,
      0.5,
      1.5,
      2.5,
      3.5,
      4.5,
      5.5,
      6.5,
      7.5,
      8.5,
      9.5,
      10.5,
      11.5,
      12.5,
      13.5,
      14.5,
      15.5
    ],
    "bin_end": [
      0.5,
      1.5,
      2.5,
      3.5,
      4.5,
      5.5,
      6.5,
      7.5,
      8.5,
      9.5,
      10.5,
      11.5,
      12.5,
      13.5,
      14.5,
      15.5,
      16.5
    ],
    "winners_density": [
      0.0205,
      0.0585,
      0.09,
      0.1505,
      0.165,
      0.171,
      0.147,
      0.0925,
      0.0665,
      0.025,
      0.012,
      0.0015,
      0.0,
      0.0,
      0.0,
      0.0,
      0.0
    ],
    "non_winners_density": [
      0.000375,
      0.00375,
      0.01475,
      0.038375,
      0.06675,
      0.114375,
      0.146375,
      0.159375,
      0.15575,
      0.12475,
      0.085875,
      0.050125,
      0.0245,
      0.01125,
      0.003,
      0.0005,
      0.000125
    ],
    "winners_count": [
      41,
      117,
      180,
      301,
      330,
      342,
      294,
      185,
      133,
      50,
      24,
      3,
      0,
      0,
      0,
      0,
      0
    ],
    "non_winners_count": [
      3,
      30,
      118,
      307,
      534,
      915,
      1171,
      1275,
      1246,
      998,
      687,
      401,
      196,
      90,
      24,
      4,
      1
    ],
    "winners_mean": 4.628,
    "non_winners_mean": 7.25175
  },
  "Sweet 16": {
    "bin_center": [
      0.0,
      1.0,
      2.0,
      3.0,
      4.0,
      5.0,
      6.0,
      7.0,
      8.0
    ],
    "bin_start": [
      -0.5,
      0.5,
      1.5,
      2.5,
      3.5,
      4.5,
      5.5,
      6.5,
      7.5
    ],
    "bin_end": [
      0.5,
      1.5,
      2.5,
      3.5,
      4.5,
      5.5,
      6.5,
      7.5,
      8.5
    ],
    "winners_density": [
      0.0525,
      0.142,
      0.226,
      0.254,
      0.1735,
      0.106,
      0.038,
      0.0075,
      0.0005
    ],
    "non_winners_density": [
      0.004,
      0.029625,
      0.092875,
      0.172,
      0.2295,
      0.22475,
      0.153375,
      0.07675,
      0.017125
    ],
    "winners_count": [
      105,
      284,
      452,
      508,
      347,
      212,
      76,
      15,
      1
    ],
    "non_winners_count": [
      32,
      237,
      743,
      1376,
      1836,
      1798,
      1227,
      614,
      137
    ],
    "winners_mean": 2.8645,
    "non_winners_mean": 4.367625
  },
  "Elite 8": {
    "bin_center": [
      0.0,
      1.0,
      2.0,
      3.0,
      4.0
    ],
    "bin_start": [
      -0.5,
      0.5,
      1.5,
      2.5,
      3.5
    ],
    "bin_end": [
      0.5,
      1.5,
      2.5,
      3.5,
      4.5
    ],
    "winners_density": [
      0.171,
      0.3415,
      0.3075,
      0.146,
      0.034
    ],
    "non_winners_density": [
      0.044875,
      0.17825,
      0.306375,
      0.32,
      0.1505
    ],
    "winners_count": [
      342,
      683,
      615,
      292,
      68
    ],
    "non_winners_count": [
      359,
      1426,
      2451,
      2560,
      1204
    ],
    "winners_mean": 1.5305,
    "non_winners_mean": 2.353
  },
  "Total Upsets": {
    "bin_center": [
      0.0,
      1.0,
      2.0,
      3.0,
      4.0,
      5.0,
      6.0,
      7.0,
      8.0,
      9.0,
      10.0,
      11.0,
      12.0,
      13.0,
      14.0,
      15.0,
      16.0,
      17.0,
      18.0,
      19.0,
      20.0,
      21.0,
      22.0,
      23.0,
      24.0,
      25.0,
      26.0,
      27.0,
      28.0,
      29.0,
      30.0,
      31.0,
      32.0,
      33.0,
      34.0,
      35.0,
      36.0,
      37.0,
      38.0,
      39.0,
      40.0,
      41.0,
      42.0,
      43.0,
      44.0,
      45.0,
      46.0,
      47.0,
      48.0,
      49.0,
      50.0,
      51.0
    ],
    "bin_start": [
      -0.5,
      0.5,
      1.5,
      2.5,
      3.5,
      4.5,
      5.5,
      6.5,
      7.5,
      8.5,
      9.5,
      10.5,
      11.5,
      12.5,
      13.5,
      14.5,
      15.5,
      16.5,
      17.5,
      18.5,
      19.5,
      20.5,
      21.5,
      22.5,
      23.5,
      24.5,
      25.5,
      26.5,
      27.5,
      28.5,
      29.5,
      30.5,
      31.5,
      32.5,
      33.5,
      34.5,
      35.5,
      36.5,
      37.5,
      38.5,
      39.5,
      40.5,
      41.5,
      42.5,
      43.5,
      44.5,
      45.5,
      46.5,
      47.5,
      48.5,
      49.5,
      50.5
    ],