round,mean_madness,std_madness
First Round,16.637716805588934,1.9506329708309063
Second Round,8.040209558315176,1.6090988069212246
Sweet 16,4.278894486011158,1.01626968797256
Elite 8,1.994539043693261,0.7061026624623818
Final Four,0.9627199785643222,0.4236482213449423
Championship,0.6506644818304694,0.2782087096332624
