round,mean_madness,std_madness
First Round,16.94895191925761,1.9103732643595985
Second Round,8.176556912961939,1.794483484916672
Sweet 16,4.289336618062202,0.975189155104358
Elite 8,2.111001041071489,0.7608316239276206
Final Four,0.9269268343400724,0.46386163849631284
Championship,0.5851302619140484,0.25195478042909036
