round,mean_madness,std_madness
First Round,15.911116971981045,2.4640161356887123
Second Round,8.103478777986068,1.545281709309127
Sweet 16,4.307793774807865,1.0166586609632828
Elite 8,2.009653334644221,0.6312577162955093
Final Four,1.221939345768114,0.3273193980306623
Championship,0.5713116384370059,0.25991514138760113
