round,max_advantage_upsets,max_advantage,max_density_upsets,mode_upsets,mean_upsets,std_upsets,num_pools
First Round,6.0,0.12625,6.0,6.0,7.125,2.95624339322729,200
Second Round,3.0,0.13625,5.0,5.0,4.76,2.1546229368499725,200
Sweet 16,3.0,0.145,3.0,3.0,2.875,1.479653675695769,200
Elite 8,0.0,0.12125,2.0,2.0,1.605,1.0672277170313746,200
Final Four,,,,0.0,0.56,0.6469099336936772,200
Championship,,,,0.0,0.15,0.3579674615346874,200
Total Upsets,16.0,0.0775,17.0,17.0,17.075,6.362340371278481,200
