round,max_advantage_upsets,max_advantage,max_density_upsets,mode_upsets,mean_upsets,std_upsets,num_pools
First Round,4.0,0.13749999999999998,4.0,4.0,6.3,3.6207733980463344,20
Second Round,2.0,0.13749999999999998,2.0,2.0,4.55,2.7472713735632306,20
Sweet 16,2.0,0.4,2.0,2.0,2.7,1.4866068747318506,20
Elite 8,0.0,0.27499999999999997,0.0,0.0,1.25,1.1346805717910218,20
Final Four,,,,0.0,0.4,0.5982430416161189,20
Championship,,,,0.0,0.1,0.30779350562554625,20
Total Upsets,13.0,0.1875,13.0,13.0,15.3,8.27707677867011,20
