{
  "First Round": {
    "bin_center": [
      0.0,
      1.0,
      2.0,
      3.0,
      4.0,
      5.0,
      6.0,
      7.0,
      8.0,
      9.0,
      10.0,
      11.0,
      12.0,
      13.0,
      14.0,
      15.0,
      16.0,
      17.0,
      18.0,
      19.0,
      20.0,
      21.0,
      22.0,
      23.0,
      24.0,
      25.0,
      26.0,
      27.0,
      28.0,
      29.0,
      30.0,
      31.0,
      32.0
    ],
    "bin_start": [
      -0.5,
      0.5,
      1.5,
      2.5,
      3.5,
      4.5,
      5.5,
      6.5,
      7.5,
      8.5,
      9.5,
      10.5,
      11.5,
      12.5,
      13.5,
      14.5,
      15.5,
      16.5,
      17.5,
      18.5,
      19.5,
      20.5,
      21.5,
      22.5,
      23.5,
      24.5,
      25.5,
      26.5,
      27.5,
      28.5,
      29.5,
      30.5,
      31.5
    ],
    "bin_end": [
      0.5,
      1.5,
      2.5,
      3.5,
      4.5,
      5.5,
      6.5,
      7.5,
      8.5,
      9.5,
      10.5,
      11.5,
      12.5,
      13.5,
      14.5,
      15.5,
      16.5,
      17.5,
      18.5,
      19.5,
      20.5,
      21.5,
      22.5,
      23.5,
      24.5,
      25.5,
      26.5,
      27.5,
      28.5,
      29.5,
      30.5,
      31.5,
      32.5
    ],
    "winners_density": [
      0.07575757575757576,
      0.2878787878787879,
      0.19696969696969696,
      0.19696969696969696,
      0.09090909090909091,
      0.030303030303030304,
      0.045454545454545456,
      0.015151515151515152,
      0.0,
      0.030303030303030304,
      0.0,
      0.015151515151515152,
      0.0,
      0.015151515151515152,
      0.0,
      0.0,
      0.0,
      0.0,
      0.0,
      0.0,
      0.0,
      0.0,
      0.0,
      0.0,
      0.0,
      0.0,
      0.0,
      0.0,
      0.0,
      0.0,
      0.0,
      0.0,
      0.0
    ],
    "non_winners_density": [
      0.006493506493506494,
      0.010822510822510822,
      0.027056277056277056,
      0.03463203463203463,
      0.03787878787878788,
      0.07900432900432901,
      0.08874458874458875,
      0.11038961038961038,
      0.10822510822510822,
      0.11038961038961038,
      0.09199134199134198,
      0.07467532467532467,
      0.07900432900432901,
      0.045454545454545456,
      0.03787878787878788,
      0.020562770562770564,
      0.015151515151515152,
      0.011904761904761904,
      0.004329004329004329,
      0.003246753246753247,
      0.0,
      0.0021645021645021645,
      0.0,
      0.0,
      0.0,
      0.0,
      0.0,
      0.0,
      0.0,
      0.0,
      0.0,
      0.0,
      0.0
    ],
    "winners_count": [
      5,
      19,
      13,
      13,
      6,
      2,
      3,
      1,
      0,
      2,
      0,
      1,
      0,
      1,
      0,
      0,
      0,
      0,
      0,
      0,
      0,
      0,
      0,
      0,
      0,
      0,
      0,
      0,
      0,
      0,
      0,
      0,
      0
    ],
    "non_winners_count": [
      6,
      10,
      25,
      32,
      35,
      73,
      82,
      102,
      100,
      102,
      85,
      69,
      73,
      42,
      35,
      19,
      14,
      11,
      4,
      3,
      0,
      2,
      0,
      0,
      0,
      0,
      0,
      0,
      0,
      0,
      0,
      0,
      0
    ],
    "winners_mean": 2.803030303030303,
    "non_winners_mean": 8.628787878787879
  },
  "Second Round": {
    "bin_center": [
      0.0,
      1.0,
      2.0,
      3.0,
      4.0,
      5.0,
      6.0,
      7.0,
      8.0,
      9.0,
      10.0,
      11.0,
      12.0,
      13.0,
      14.0,
      15.0,
      16.0
    ],
    "bin_start": [
      -0.5,
      0.5,
      1.5,
      2.5,
      3.5,
      4.5,
      5.5,
      6.5,
      7.5,
      8.5,
      9.5,
      10.5,
      11.5,
      12.5,
      13.5,
      14.5,
      15.5
    ],
    "bin_end": [
      0.5,
      1.5,
      2.5,
      3.5,
      4.5,
      5.5,
      6.5,
      7.5,
      8.5,
      9.5,
      10.5,
      11.5,
      12.5,
      13.5,
      14.5,
      15.5,
      16.5
    ],
    "winners_density": [
      0.12121212121212122,
      0.2727272727272727,
      0.30303030303030304,
      0.12121212121212122,
      0.06060606060606061,
      0.045454545454545456,
      0.015151515151515152,
      0.045454545454545456,
      0.015151515151515152,
      0.0,
      0.0,
      0.0,
      0.0,
      0.0,
      0.0,
      0.0,
      0.0
    ],
    "non_winners_density": [
      0.011904761904761904,
      0.024891774891774892,
      0.03354978354978355,
      0.06060606060606061,
      0.11255411255411256,
      0.1331168831168831,
      0.1396103896103896,
      0.12229437229437229,
      0.11688311688311688,
      0.07792207792207792,
      0.07142857142857142,
      0.04329004329004329,
      0.02922077922077922,
      0.017316017316017316,
      0.005411255411255411,
      0.0,
      0.0
    ],
    "winners_count": [
      8,
      18,
      20,
      8,
      4,
      3,
      1,
      3,
      1,
      0,
      0,
      0,
      0,
      0,
      0,
      0,
      0
    ],
    "non_winners_count": [
      11,
      23,
      31,
      56,
      104,
      123,
      129,
      113,
      108,
      72,
      66,
      40,
      27,
      16,
      5,
      0,
      0
    ],
    "winners_mean": 2.242424242424242,
    "non_winners_mean": 6.561688311688312
  },
  "Sweet 16": {
    "bin_center": [
      0.0,
      1.0,
      2.0,
      3.0,
      4.0,
      5.0,
      6.0,
      7.0,
      8.0
    ],
    "bin_start": [
      -0.5,
      0.5,
      1.5,
      2.5,
      3.5,
      4.5,
      5.5,
      6.5,
      7.5
    ],
    "bin_end": [
      0.5,
      1.5,
      2.5,
      3.5,
      4.5,
      5.5,
      6.5,
      7.5,
      8.5
    ],
    "winners_density": [
      0.10606060606060606,
      0.3333333333333333,
      0.2878787878787879,
      0.13636363636363635,
      0.07575757575757576,
      0.045454545454545456,
      0.0,
      0.015151515151515152,
      0.0
    ],
    "non_winners_density": [
      0.021645021645021644,
      0.03571428571428571,
      0.09090909090909091,
      0.14935064935064934,
      0.22943722943722944,
      0.20346320346320346,
      0.1406926406926407,
      0.09848484848484848,
      0.030303030303030304
    ],
    "winners_count": [
      7,
      22,
      19,
      9,
      5,
      3,
      0,
      1,
      0
    ],
    "non_winners_count": [
      20,
      33,
      84,
      138,
      212,
      188,
      130,
      91,
      28
    ],
    "winners_mean": 1.9545454545454546,
    "non_winners_mean": 4.376623376623376
  },
  "Elite 8": {
    "bin_center": [
      0.0,
      1.0,
      2.0,
      3.0,
      4.0
    ],
    "bin_start": [
      -0.5,
      0.5,
      1.5,
      2.5,
      3.5
    ],
    "bin_end": [
      0.5,
      1.5,
      2.5,
      3.5,
      4.5
    ],
    "winners_density": [
      0.3787878787878788,
      0.4090909090909091,
      0.13636363636363635,
      0.06060606060606061,
      0.015151515151515152
    ],
    "non_winners_density": [
      0.04220779220779221,
      0.16125541125541126,
      0.29978354978354976,
      0.31277056277056275,
      0.18398268398268397
    ],
    "winners_count": [
      25,
      27,
      9,
      4,
      1
    ],
    "non_winners_count": [
      39,
      149,
      277,
      289,
      170
    ],
    "winners_mean": 0.9242424242424242,
    "non_winners_mean": 2.435064935064935
  },