{
  "First Round": {
    "bin_center": [
      0.0,
      1.0,
      2.0,
      3.0,
      4.0,
      5.0,
      6.0,
      7.0,
      8.0,
      9.0,
      10.0,
      11.0,
      12.0,
      13.0,
      14.0,
      15.0,
      16.0,
      17.0,
      18.0,
      19.0,
      20.0,
      21.0,
      22.0,
      23.0,
      24.0,
      25.0,
      26.0,
      27.0,
      28.0,
      29.0,
      30.0,
      31.0,
      32.0
    ],
    "bin_start": [
      -0.5,
      0.5,
      1.5,
      2.5,
      3.5,
      4.5,
      5.5,
      6.5,
      7.5,
      8.5,
      9.5,
      10.5,
      11.5,
      12.5,
      13.5,
      14.5,
      15.5,
      16.5,
      17.5,
      18.5,
      19.5,
      20.5,
      21.5,
      22.5,
      23.5,
      24.5,
      25.5,
      26.5,
      27.5,
      28.5,
      29.5,
      30.5,
      31.5
    ],
    "bin_end": [
      0.5,
      1.5,
      2.5,
      3.5,
      4.5,
      5.5,
      6.5,
      7.5,
      8.5,
      9.5,
      10.5,
      11.5,
      12.5,
      13.5,
      14.5,
      15.5,
      16.5,
      17.5,
      18.5,
      19.5,
      20.5,
      21.5,
      22.5,
      23.5,
      24.5,
      25.5,
      26.5,
      27.5,
      28.5,
      29.5,
      30.5,
      31.5,
      32.5
    ],
    "winners_density": [
      0.18181818181818182,
      0.30303030303030304,
      0.19696969696969696,
      0.18181818181818182,
      0.045454545454545456,
      0.045454545454545456,
      0.015151515151515152,
      0.015151515151515152,
      0.015151515151515152,
      0.0,
      0.0,
      0.0,
      0.0,
      0.0,
      0.0,
      0.0,
      0.0,
      0.0,
      0.0,
      0.0,
      0.0,
      0.0,
      0.0,
      0.0,
      0.0,
      0.0,
      0.0,
      0.0,
      0.0,
      0.0,
      0.0,
      0.0,
      0.0
    ],
    "non_winners_density": [
      0.006493506493506494,
      0.008658008658008658,
      0.008658008658008658,
      0.03571428571428571,
      0.045454545454545456,
      0.06168831168831169,
      0.09199134199134198,
      0.09848484848484848,
      0.10173160173160173,
      0.10714285714285714,
      0.08982683982683982,
      0.10064935064935066,
      0.08225108225108226,
      0.06060606060606061,
      0.027056277056277056,
      0.02922077922077922,
      0.016233766233766232,
      0.008658008658008658,
      0.011904761904761904,
      0.003246753246753247,
      0.003246753246753247,
      0.0,
      0.0,
      0.0010822510822510823,
      0.0,
      0.0,
      0.0,
      0.0,
      0.0,
      0.0,
      0.0,
      0.0,
      0.0
    ],
    "winners_count": [
      12,
      20,
      13,
      12,
      3,
      3,
      1,
      1,
      1,
      0,
      0,
      0,
      0,
      0,
      0,
      0,
      0,
      0,
      0,
      0,
      0,
      0,
      0,
      0,
      0,
      0,
      0,
      0,
      0,
      0,
      0,
      0,
      0
    ],
    "non_winners_count": [
      6,
      8,
      8,
      33,
      42,
      57,
      85,
      91,
      94,
      99,
      83,
      93,
      76,
      56,
      25,
      27,
      15,
      8,
      11,
      3,
      3,
      0,
      0,
      1,
      0,
      0,
      0,
      0,
      0,
      0,
      0,
      0,
      0
    ],
    "winners_mean": 1.9696969696969697,
    "non_winners_mean": 9.012987012987013
  },
  "Second Round": {
    "bin_center": [
      0.0,
      1.0,
      2.0,
      3.0,
      4.0,
      5.0,
      6.0,
      7.0,
      8.0,
      9.0,
      10.0,
      11.0,
      12.0,
      13.0,
      14.0,
      15.0,
      16.0
    ],
    "bin_start": [
      -0.5,
      0.5,
      1.5,
      2.5,
      3.5,
      4.5,
      5.5,
      6.5,
      7.5,
      8.5,
      9.5,
      10.5,
      11.5,
      12.5,
      13.5,
      14.5,
      15.5
    ],
    "bin_end": [
      0.5,
      1.5,
      2.5,
      3.5,
      4.5,
      5.5,
      6.5,
      7.5,
      8.5,
      9.5,
      10.5,
      11.5,
      12.5,
      13.5,
      14.5,
      15.5,
      16.5
    ],
    "winners_density": [
      0.19696969696969696,
      0.25757575757575757,
      0.2878787878787879,
      0.09090909090909091,
      0.10606060606060606,
      0.045454545454545456,
      0.015151515151515152,
      0.0,
      0.0,
      0.0,
      0.0,
      0.0,
      0.0,
      0.0,
      0.0,
      0.0,
      0.0
    ],
    "non_winners_density": [
      0.005411255411255411,
      0.021645021645021644,
      0.027056277056277056,
      0.050865800865800864,
      0.08874458874458875,
      0.1341991341991342,
      0.11796536796536797,
      0.1396103896103896,
      0.1341991341991342,
      0.09956709956709957,
      0.05519480519480519,
      0.06060606060606061,
      0.03571428571428571,
      0.017316017316017316,
      0.010822510822510822,
      0.0010822510822510823,
      0.0
    ],
    "winners_count": [
      13,
      17,
      19,
      6,
      7,
      3,
      1,
      0,
      0,
      0,
      0,
      0,
      0,
      0,
      0,
      0,
      0
    ],
    "non_winners_count": [
      5,
      20,
      25,
      47,
      82,
      124,
      109,
      129,
      124,
      92,
      51,
      56,
      33,
      16,
      10,
      1,
      0
    ],
    "winners_mean": 1.8484848484848484,
    "non_winners_mean": 6.949134199134199
  },
  "Sweet 16": {
    "bin_center": [
      0.0,
      1.0,
      2.0,
      3.0,
      4.0,
      5.0,
      6.0,
      7.0,
      8.0
    ],
    "bin_start": [
      -0.5,
      0.5,
      1.5,
      2.5,
      3.5,
      4.5,
      5.5,
      6.5,
      7.5
    ],
    "bin_end": [
      0.5,
      1.5,
      2.5,
      3.5,
      4.5,
      5.5,
      6.5,
      7.5,
      8.5
    ],
    "winners_density": [
      0.2727272727272727,
      0.3333333333333333,
      0.25757575757575757,
      0.10606060606060606,
      0.015151515151515152,
      0.0,
      0.015151515151515152,
      0.0,
      0.0
    ],
    "non_winners_density": [
      0.008658008658008658,
      0.0367965367965368,
      0.0854978354978355,
      0.12878787878787878,
      0.19913419913419914,
      0.23160173160173161,
      0.170995670995671,
      0.10064935064935066,
      0.03787878787878788
    ],
    "winners_count": [
      18,
      22,
      17,
      7,
      1,
      0,
      1,
      0,
      0
    ],
    "non_winners_count": [
      8,
      34,
      79,
      119,
      184,
      214,
      158,
      93,
      35
    ],
    "winners_mean": 1.3181818181818181,
    "non_winners_mean": 4.582251082251083
  },
  "Elite 8": {
    "bin_center": [
      0.0,
      1.0,
      2.0,
      3.0,
      4.0
    ],
    "bin_start": [
      -0.5,
      0.5,
      1.5,
      2.5,
      3.5
    ],
    "bin_end": [
      0.5,
      1.5,
      2.5,
      3.5,
      4.5
    ],
    "winners_density": [
      0.4090909090909091,
      0.3484848484848485,
      0.19696969696969696,
      0.030303030303030304,
      0.015151515151515152
    ],
    "non_winners_density": [
      0.04004329004329004,
      0.14393939393939395,
      0.24891774891774893,
      0.34415584415584416,
      0.22294372294372294
    ],
    "winners_count": [
      27,
      23,
      13,
      2,
      1
    ],
    "non_winners_count": [
      37,
      133,
      230,
      318,
      206
    ],
    "winners_mean": 0.8939393939393939,
    "non_winners_mean": 2.566017316017316
  },