{
  "First Round": {
    "bin_center": [
      0.0,
      1.0,
      2.0,
      3.0,
      4.0,
      5.0,
      6.0,
      7.0,
      8.0,
      9.0,
      10.0,
      11.0,
      12.0,
      13.0,
      14.0,
      15.0,
      16.0,
      17.0,
      18.0,
      19.0,
      20.0,
      21.0,
      22.0,
      23.0,
      24.0,
      25.0,
      26.0,
      27.0,
      28.0,
      29.0,
      30.0,
      31.0,
      32.0
    ],
    "bin_start": [
      -0.5,
      0.5,
      1.5,
      2.5,
      3.5,
      4.5,
      5.5,
      6.5,
      7.5,
      8.5,
      9.5,
      10.5,
      11.5,
      12.5,
      13.5,
      14.5,
      15.5,
      16.5,
      17.5,
      18.5,
      19.5,
      20.5,
      21.5,
      22.5,
      23.5,
      24.5,
      25.5,
      26.5,
      27.5,
      28.5,
      29.5,
      30.5,
      31.5
    ],
    "bin_end": [
      0.5,
      1.5,
      2.5,
      3.5,
      4.5,
      5.5,
      6.5,
      7.5,
      8.5,
      9.5,
      10.5,
      11.5,
      12.5,
      13.5,
      14.5,
      15.5,
      16.5,
      17.5,
      18.5,
      19.5,
      20.5,
      21.5,
      22.5,
      23.5,
      24.5,
      25.5,
      26.5,
      27.5,
      28.5,
      29.5,
      30.5,
      31.5,
      32.5
    ],
    "winners_density": [
      0.07575757575757576,
      0.2727272727272727,
      0.19696969696969696,
      0.15151515151515152,
      0.12121212121212122,
      0.045454545454545456,
      0.045454545454545456,
      0.045454545454545456,
      0.045454545454545456,
      0.0,
      0.0,
      0.0,
      0.0,
      0.0,
      0.0,
      0.0,
      0.0,
      0.0,
      0.0,
      0.0,
      0.0,
      0.0,
      0.0,
      0.0,
      0.0,
      0.0,
      0.0,
      0.0,
      0.0,
      0.0,
      0.0,
      0.0,
      0.0
    ],
    "non_winners_density": [
      0.007575757575757576,
      0.016233766233766232,
      0.023809523809523808,
      0.04004329004329004,
      0.050865800865800864,
      0.06818181818181818,
      0.08008658008658008,
      0.07792207792207792,
      0.12878787878787878,
      0.10606060606060606,
      0.09848484848484848,
      0.09090909090909091,
      0.05735930735930736,
      0.050865800865800864,
      0.04329004329004329,
      0.021645021645021644,
      0.0183982683982684,
      0.010822510822510822,
      0.003246753246753247,
      0.004329004329004329,
      0.0010822510822510823,
      0.0,
      0.0,
      0.0,
      0.0,
      0.0,
      0.0,
      0.0,
      0.0,
      0.0,
      0.0,
      0.0,
      0.0
    ],
    "winners_count": [
      5,
      18,
      13,
      10,
      8,
      3,
      3,
      3,
      3,
      0,
      0,
      0,
      0,
      0,
      0,
      0,
      0,
      0,
      0,
      0,
      0,
      0,
      0,
      0,
      0,
      0,
      0,
      0,
      0,
      0,
      0,
      0,
      0
    ],
    "non_winners_count": [
      7,
      15,
      22,
      37,
      47,
      63,
      74,
      72,
      119,
      98,
      91,
      84,
      53,
      47,
      40,
      20,
      17,
      10,
      3,
      4,
      1,
      0,
      0,
      0,
      0,
      0,
      0,
      0,
      0,
      0,
      0,
      0,
      0
    ],
    "winners_mean": 2.787878787878788,
    "non_winners_mean": 8.645021645021645
  },
  "Second Round": {
    "bin_center": [
      0.0,
      1.0,
      2.0,
      3.0,
      4.0,
      5.0,
      6.0,
      7.0,
      8.0,
      9.0,
      10.0,
      11.0,
      12.0,
      13.0,
      14.0,
      15.0,
      16.0
    ],
    "bin_start": [
      -0.5,
      0.5,
      1.5,
      2.5,
      3.5,
      4.5,
      5.5,
      6.5,
      7.5,
      8.5,
      9.5,
      10.5,
      11.5,
      12.5,
      13.5,
      14.5,
      15.5
    ],
    "bin_end": [
      0.5,
      1.5,
      2.5,
      3.5,
      4.5,
      5.5,
      6.5,
      7.5,
      8.5,
      9.5,
      10.5,
      11.5,
      12.5,
      13.5,
      14.5,
      15.5,
      16.5
    ],
    "winners_density": [
      0.12121212121212122,
      0.3181818181818182,
      0.19696969696969696,
      0.15151515151515152,
      0.10606060606060606,
      0.045454545454545456,
      0.015151515151515152,
      0.030303030303030304,
      0.015151515151515152,
      0.0,
      0.0,
      0.0,
      0.0,
      0.0,
      0.0,
      0.0,
      0.0
    ],
    "non_winners_density": [
      0.00974025974025974,
      0.01406926406926407,
      0.04004329004329004,
      0.05411255411255411,
      0.10064935064935066,
      0.11580086580086581,
      0.15367965367965367,
      0.14935064935064934,
      0.11147186147186147,
      0.08982683982683982,
      0.0670995670995671,
      0.045454545454545456,
      0.030303030303030304,
      0.00974025974025974,
      0.006493506493506494,
      0.0021645021645021645,
      0.0
    ],
    "winners_count": [
      8,
      21,
      13,
      10,
      7,
      3,
      1,
      2,
      1,
      0,
      0,
      0,
      0,
      0,
      0,
      0,
      0
    ],
    "non_winners_count": [
      9,
      13,
      37,
      50,
      93,
      107,
      142,
      138,
      103,
      83,
      62,
      42,
      28,
      9,
      6,
      2,
      0
    ],
    "winners_mean": 2.242424242424242,
    "non_winners_mean": 6.690476190476191
  },
  "Sweet 16": {
    "bin_center": [
      0.0,
      1.0,
      2.0,
      3.0,
      4.0,
      5.0,
      6.0,
      7.0,
      8.0
    ],
    "bin_start": [
      -0.5,
      0.5,
      1.5,
      2.5,
      3.5,
      4.5,
      5.5,
      6.5,
      7.5
    ],
    "bin_end": [
      0.5,
      1.5,
      2.5,
      3.5,
      4.5,
      5.5,
      6.5,
      7.5,
      8.5
    ],
    "winners_density": [
      0.2878787878787879,
      0.30303030303030304,
      0.22727272727272727,
      0.06060606060606061,
      0.06060606060606061,
      0.045454545454545456,
      0.015151515151515152,
      0.0,
      0.0
    ],
    "non_winners_density": [
      0.020562770562770564,
      0.0367965367965368,
      0.07900432900432901,
      0.16774891774891776,
      0.2077922077922078,
      0.19696969696969696,
      0.17424242424242425,
      0.08766233766233766,
      0.02922077922077922
    ],
    "winners_count": [
      19,
      20,
      15,
      4,
      4,
      3,
      1,
      0,
      0
    ],
    "non_winners_count": [
      19,
      34,
      73,
      155,
      192,
      182,
      161,
      81,
      27
    ],
    "winners_mean": 1.5,
    "non_winners_mean": 4.406926406926407
  },
  "Elite 8": {
    "bin_center": [
      0.0,
      1.0,
      2.0,
      3.0,
      4.0
    ],
    "bin_start": [
      -0.5,
      0.5,
      1.5,
      2.5,
      3.5
    ],
    "bin_end": [
      0.5,
      1.5,
      2.5,
      3.5,
      4.5
    ],
    "winners_density": [
      0.48484848484848486,
      0.30303030303030304,
      0.13636363636363635,
      0.045454545454545456,
      0.030303030303030304
    ],
    "non_winners_density": [
      0.06818181818181818,
      0.14935064935064934,
      0.27813852813852813,
      0.30303030303030304,
      0.2012987012987013
    ],
    "winners_count": [
      32,
      20,
      9,
      3,
      2
    ],
    "non_winners_count": [
      63,
      138,
      257,
      280,
      186
    ],
    "winners_mean": 0.8333333333333334,
    "non_winners_mean": 2.41991341991342
  },
  "Total Upsets": {
    "bin_center": [
      0.0,
      1.0,
      2.0,
      3.0,
      4.0,
      5.0,
      6.0,
      7.0,
      8.0,
      9.0,
      10.0,
      11.0,
      12.0,
      13.0,
      14.0,
      15.0,
      16.0,
      17.0,
      18.0,
      19.0,
      20.0,
      21.0,
      22.0,
      23.0,
      24.0,
      25.0,
      26.0,
      27.0,
      28.0,
      29.0,
      30.0,
      31.0,
      32.0,
      33.0,
      34.0,
      35.0,
      36.0,
      37.0,
      38.0,
      39.0,
      40.0,
      41.0,
      42.0,
      43.0,
      44.0,
      45.0,
      46.0,
      47.0
    ],