{
  "First Round": {
    "bin_center": [
      0.0,
      1.0,
      2.0,
      3.0,
      4.0,
      5.0,
      6.0,
      7.0,
      8.0,
      9.0,
      10.0,
      11.0,
      12.0,
      13.0,
      14.0,
      15.0,
      16.0,
      17.0,
      18.0,
      19.0,
      20.0,
      21.0,
      22.0,
      23.0,
      24.0,
      25.0,
      26.0,
      27.0,
      28.0,
      29.0,
      30.0,
      31.0,
      32.0
    ],
    "bin_start": [
      -0.5,
      0.5,
      1.5,
      2.5,
      3.5,
      4.5,
      5.5,
      6.5,
      7.5,
      8.5,
      9.5,
      10.5,
      11.5,
      12.5,
      13.5,
      14.5,
      15.5,
      16.5,
      17.5,
      18.5,
      19.5,
      20.5,
      21.5,
      22.5,
      23.5,
      24.5,
      25.5,
      26.5,
      27.5,
      28.5,
      29.5,
      30.5,
      31.5
    ],
    "bin_end": [
      0.5,
      1.5,
      2.5,
      3.5,
      4.5,
      5.5,
      6.5,
      7.5,
      8.5,
      9.5,
      10.5,
      11.5,
      12.5,
      13.5,
      14.5,
      15.5,
      16.5,
      17.5,
      18.5,
      19.5,
      20.5,
      21.5,
      22.5,
      23.5,
      24.5,
      25.5,
      26.5,
      27.5,
      28.5,
      29.5,
      30.5,
      31.5,
      32.5
    ],
    "winners_density": [
      0.12762762762762764,
      0.22072072072072071,
      0.2222222222222222,
      0.15615615615615616,
      0.08858858858858859,
      0.05855855855855856,
      0.04504504504504504,
      0.025525525525525526,
      0.015015015015015015,
      0.016516516516516516,
      0.015015015015015015,
      0.0045045045045045045,
      0.0015015015015015015,
      0.0015015015015015015,
      0.0015015015015015015,
      0.0,
      0.0,
      0.0,
      0.0,
      0.0,
      0.0,
      0.0,
      0.0,
      0.0,
      0.0,
      0.0,
      0.0,
      0.0,
      0.0,
      0.0,
      0.0,
      0.0,
      0.0
    ],
    "non_winners_density": [
      0.006649506649506649,
      0.011583011583011582,
      0.018125268125268126,
      0.027777777777777776,
      0.04086229086229086,
      0.06241956241956242,
      0.09073359073359073,
      0.10156585156585157,
      0.1122908622908623,
      0.11293436293436293,
      0.09802659802659802,
      0.08108108108108109,
      0.06713856713856714,
      0.05416130416130416,
      0.03807378807378808,
      0.028635778635778635,
      0.019197769197769197,
      0.01287001287001287,
      0.008043758043758044,
      0.004182754182754183,
      0.0023595023595023596,
      0.0006435006435006435,
      0.000429000429000429,
      0.0002145002145002145,
      0.0,
      0.0,
      0.0,
      0.0,
      0.0,
      0.0,
      0.0,
      0.0,
      0.0
    ],
    "winners_count": [
      85,
      147,
      148,
      104,
      59,
      39,
      30,
      17,
      10,
      11,
      10,
      3,
      1,
      1,
      1,
      0,
      0,
      0,
      0,
      0,
      0,
      0,
      0,
      0,
      0,
      0,
      0,
      0,
      0,
      0,
      0,
      0,
      0
    ],
    "non_winners_count": [
      62,
      108,
      169,
      259,
      381,
      582,
      846,
      947,
      1047,
      1053,
      914,
      756,
      626,
      505,
      355,
      267,
      179,
      120,
      75,
      39,
      22,
      6,
      4,
      2,
      0,
      0,
      0,
      0,
      0,
      0,
      0,
      0,
      0
    ],
    "winners_mean": 2.7567567567567566,
    "non_winners_mean": 8.946589446589446
  },
  "Second Round": {
    "bin_center": [
      0.0,
      1.0,
      2.0,
      3.0,
      4.0,
      5.0,
      6.0,
      7.0,
      8.0,
      9.0,
      10.0,
      11.0,
      12.0,
      13.0,
      14.0,
      15.0,
      16.0
    ],
    "bin_start": [
      -0.5,
      0.5,
      1.5,
      2.5,
      3.5,
      4.5,
      5.5,
      6.5,
      7.5,
      8.5,
      9.5,
      10.5,
      11.5,
      12.5,
      13.5,
      14.5,
      15.5
    ],
    "bin_end": [
      0.5,
      1.5,
      2.5,
      3.5,
      4.5,
      5.5,
      6.5,
      7.5,
      8.5,
      9.5,
      10.5,
      11.5,
      12.5,
      13.5,
      14.5,
      15.5,
      16.5
    ],
    "winners_density": [
      0.17867867867867868,
      0.22972972972972974,
      0.23573573573573572,
      0.14264264264264265,
      0.08708708708708708,
      0.06006006006006006,
      0.036036036036036036,
      0.01951951951951952,
      0.0075075075075075074,
      0.003003003003003003,
      0.0,
      0.0,
      0.0,
      0.0,
      0.0,
      0.0,
      0.0
    ],
    "non_winners_density": [
      0.008258258258258258,
      0.01833976833976834,
      0.03303303303303303,
      0.05812955812955813,
      0.08912483912483912,
      0.1197983697983698,
      0.1402831402831403,
      0.13974688974688976,
      0.12612612612612611,
      0.09738309738309739,
      0.0651008151008151,
      0.047082797082797084,
      0.029386529386529386,
      0.01705276705276705,
      0.00933075933075933,
      0.001716001716001716,
      0.00010725010725010725
    ],
    "winners_count": [
      119,
      153,
      157,
      95,
      58,
      40,
      24,
      13,
      5,
      2,
      0,
      0,
      0,
      0,
      0,
      0,
      0
    ],
    "non_winners_count": [
      77,
      171,
      308,
      542,
      831,
      1117,
      1308,
      1303,
      1176,
      908,
      607,
      439,
      274,
      159,
      87,
      16,
      1
    ],
    "winners_mean": 2.2177177177177176,
    "non_winners_mean": 6.820999570999571
  },
  "Sweet 16": {
    "bin_center": [
      0.0,
      1.0,
      2.0,
      3.0,
      4.0,
      5.0,
      6.0,
      7.0,
      8.0
    ],
    "bin_start": [
      -0.5,
      0.5,
      1.5,
      2.5,
      3.5,
      4.5,
      5.5,
      6.5,
      7.5
    ],
    "bin_end": [
      0.5,
      1.5,
      2.5,
      3.5,
      4.5,
      5.5,
      6.5,
      7.5,
      8.5
    ],
    "winners_density": [
      0.23573573573573572,
      0.32882882882882886,
      0.21771771771771772,
      0.11561561561561562,
      0.06606606606606606,
      0.02702702702702703,
      0.006006006006006006,
      0.003003003003003003,
      0.0
    ],
    "non_winners_density": [
      0.012655512655512655,
      0.03592878592878593,
      0.08569283569283569,
      0.14435864435864437,
      0.21535821535821537,
      0.20924495924495926,
      0.16194766194766194,
      0.1006006006006006,
      0.03421278421278421
    ],
    "winners_count": [
      157,
      219,
      145,
      77,
      44,
      18,
      4,
      2,
      0
    ],
    "non_winners_count": [
      118,
      335,
      799,
      1346,
      2008,
      1951,
      1510,
      938,
      319
    ],
    "winners_mean": 1.5675675675675675,
    "non_winners_mean": 4.497640497640497
  },
  "Elite 8": {
    "bin_center": [
      0.0,
      1.0,
      2.0,
      3.0,
      4.0
    ],
    "bin_start": [
      -0.5,
      0.5,
      1.5,
      2.5,
      3.5
    ],
    "bin_end": [
      0.5,
      1.5,
      2.5,
      3.5,
      4.5
    ],
    "winners_density": [
      0.4144144144144144,
      0.36486486486486486,
      0.16216216216216217,
      0.04804804804804805,
      0.010510510510510511
    ],
    "non_winners_density": [
      0.047082797082797084,
      0.14553839553839554,
      0.28421278421278423,
      0.3181038181038181,
      0.20506220506220507
    ],
    "winners_count": [
      276,
      243,
      108,
      32,
      7
    ],
    "non_winners_count": [
      439,
      1357,
      2650,
      2966,
      1912
    ],
    "winners_mean": 0.8753753753753754,
    "non_winners_mean": 2.4885242385242385
  },