{
  "First Round": {
    "bin_center": [
      0.0,
      1.0,
      2.0,
      3.0,
      4.0,
      5.0,
      6.0,
      7.0,
      8.0,
      9.0,
      10.0,
      11.0,
      12.0,
      13.0,
      14.0,
      15.0,
      16.0,
      17.0,
      18.0,
      19.0,
      20.0,
      21.0,
      22.0,
      23.0,
      24.0,
      25.0,
      26.0,
      27.0,
      28.0,
      29.0,
      30.0,
      31.0,
      32.0
    ],
    "bin_start": [
      -0.5,
      0.5,
      1.5,
      2.5,
      3.5,
      4.5,
      5.5,
      6.5,
      7.5,
      8.5,
      9.5,
      10.5,
      11.5,
      12.5,
      13.5,
      14.5,
      15.5,
      16.5,
      17.5,
      18.5,
      19.5,
      20.5,
      21.5,
      22.5,
      23.5,
      24.5,
      25.5,
      26.5,
      27.5,
      28.5,
      29.5,
      30.5,
      31.5
    ],
    "bin_end": [
      0.5,
      1.5,
      2.5,
      3.5,
      4.5,
      5.5,
      6.5,
      7.5,
      8.5,
      9.5,
      10.5,
      11.5,
      12.5,
      13.5,
      14.5,
      15.5,
      16.5,
      17.5,
      18.5,
      19.5,
      20.5,
      21.5,
      22.5,
      23.5,
      24.5,
      25.5,
      26.5,
      27.5,
      28.5,
      29.5,
      30.5,
      31.5,
      32.5
    ],
    "winners_density": [
      0.11711711711711711,
      0.22672672672672672,
      0.22672672672672672,
      0.15315315315315314,
      0.10960960960960961,
      0.05105105105105105,
      0.03903903903903904,
      0.021021021021021023,
      0.018018018018018018,
      0.021021021021021023,
      0.003003003003003003,
      0.010510510510510511,
      0.0015015015015015015,
      0.0015015015015015015,
      0.0,
      0.0,
      0.0,
      0.0,
      0.0,
      0.0,
      0.0,
      0.0,
      0.0,
      0.0,
      0.0,
      0.0,
      0.0,
      0.0,
      0.0,
      0.0,
      0.0,
      0.0,
      0.0
    ],
    "non_winners_density": [
      0.0054697554697554695,
      0.012226512226512226,
      0.021235521235521235,
      0.030459030459030458,
      0.04483054483054483,
      0.0651008151008151,
      0.08419133419133419,
      0.1022093522093522,
      0.11036036036036036,
      0.10714285714285714,
      0.10102960102960103,
      0.0858000858000858,
      0.07142857142857142,
      0.050943800943800945,
      0.03807378807378808,
      0.025096525096525095,
      0.017374517374517374,
      0.011797511797511798,
      0.007078507078507079,
      0.003968253968253968,
      0.0031102531102531104,
      0.0006435006435006435,
      0.0,
      0.00032175032175032174,
      0.00010725010725010725,
      0.0,
      0.0,
      0.0,
      0.0,
      0.0,
      0.0,
      0.0,
      0.0
    ],
    "winners_count": [
      78,
      151,
      151,
      102,
      73,
      34,
      26,
      14,
      12,
      14,
      2,
      7,
      1,
      1,
      0,
      0,
      0,
      0,
      0,
      0,
      0,
      0,
      0,
      0,
      0,
      0,
      0,
      0,
      0,
      0,
      0,
      0,
      0
    ],
    "non_winners_count": [
      51,
      114,
      198,
      284,
      418,
      607,
      785,
      953,
      1029,
      999,
      942,
      800,
      666,
      475,
      355,
      234,
      162,
      110,
      66,
      37,
      29,
      6,
      0,
      3,
      1,
      0,
      0,
      0,
      0,
      0,
      0,
      0,
      0
    ],
    "winners_mean": 2.7312312312312312,
    "non_winners_mean": 8.86872586872587
  },
  "Second Round": {
    "bin_center": [
      0.0,
      1.0,
      2.0,
      3.0,
      4.0,
      5.0,
      6.0,
      7.0,
      8.0,
      9.0,
      10.0,
      11.0,
      12.0,
      13.0,
      14.0,
      15.0,
      16.0
    ],
    "bin_start": [
      -0.5,
      0.5,
      1.5,
      2.5,
      3.5,
      4.5,
      5.5,
      6.5,
      7.5,
      8.5,
      9.5,
      10.5,
      11.5,
      12.5,
      13.5,
      14.5,
      15.5
    ],
    "bin_end": [
      0.5,
      1.5,
      2.5,
      3.5,
      4.5,
      5.5,
      6.5,
      7.5,
      8.5,
      9.5,
      10.5,
      11.5,
      12.5,
      13.5,
      14.5,
      15.5,
      16.5
    ],
    "winners_density": [
      0.13663663663663664,
      0.25825825825825827,
      0.25075075075075076,
      0.14714714714714713,
      0.08258258258258258,
      0.04504504504504504,
      0.03303303303303303,
      0.018018018018018018,
      0.015015015015015015,
      0.006006006006006006,
      0.006006006006006006,
      0.0015015015015015015,
      0.0,
      0.0,
      0.0,
      0.0,
      0.0
    ],
    "non_winners_density": [
      0.007614757614757614,
      0.018876018876018877,
      0.03453453453453453,
      0.05416130416130416,
      0.08762333762333763,
      0.11765336765336765,
      0.14189189189189189,
      0.1462891462891463,
      0.12044187044187044,
      0.09759759759759759,
      0.07293007293007293,
      0.04568854568854569,
      0.02970827970827971,
      0.015444015444015444,
      0.006971256971256971,
      0.002574002574002574,
      0.0
    ],
    "winners_count": [
      91,
      172,
      167,
      98,
      55,
      30,
      22,
      12,
      10,
      4,
      4,
      1,
      0,
      0,
      0,
      0,
      0
    ],
    "non_winners_count": [
      71,
      176,
      322,
      505,
      817,
      1097,
      1323,
      1364,
      1123,
      910,
      680,
      426,
      277,
      144,
      65,
      24,
      0
    ],
    "winners_mean": 2.3318318318318316,
    "non_winners_mean": 6.831831831831832
  },
  "Sweet 16": {
    "bin_center": [
      0.0,
      1.0,
      2.0,
      3.0,
      4.0,
      5.0,
      6.0,
      7.0,
      8.0
    ],
    "bin_start": [
      -0.5,
      0.5,
      1.5,
      2.5,
      3.5,
      4.5,
      5.5,
      6.5,
      7.5
    ],
    "bin_end": [
      0.5,
      1.5,
      2.5,
      3.5,
      4.5,
      5.5,
      6.5,
      7.5,
      8.5
    ],
    "winners_density": [
      0.21921921921921922,
      0.3003003003003003,
      0.2147147147147147,
      0.13063063063063063,
      0.07207207207207207,
      0.04954954954954955,
      0.012012012012012012,
      0.0015015015015015015,
      0.0
    ],
    "non_winners_density": [
      0.014157014157014158,
      0.03507078507078507,
      0.08193908193908193,
      0.1478978978978979,
      0.21117546117546118,
      0.2147147147147147,
      0.16655941655941656,
      0.09673959673959674,
      0.031746031746031744
    ],
    "winners_count": [
      146,
      200,
      143,
      87,
      48,
      33,
      8,
      1,
      0
    ],
    "non_winners_count": [
      132,
      327,
      764,
      1379,
      1969,
      2002,
      1553,
      902,
      296
    ],
    "winners_mean": 1.7402402402402402,
    "non_winners_mean": 4.491419991419991
  },
  "Elite 8": {
    "bin_center": [
      0.0,
      1.0,
      2.0,
      3.0,
      4.0
    ],
    "bin_start": [
      -0.5,
      0.5,
      1.5,
      2.5,
      3.5
    ],
    "bin_end": [
      0.5,
      1.5,
      2.5,
      3.5,
      4.5
    ],
    "winners_density": [
      0.4039039039039039,
      0.34384384384384387,
      0.17267267267267267,
      0.06156156156156156,
      0.018018018018018018
    ],
    "non_winners_density": [
      0.04601029601029601,
      0.14596739596739597,
      0.29000429000429,
      0.320999570999571,
      0.197018447018447
    ],
    "winners_count": [
      269,
      229,
      115,
      41,
      12
    ],
    "non_winners_count": [
      429,
      1361,
      2704,
      2993,
      1837
    ],
    "winners_mean": 0.9459459459459459,
    "non_winners_mean": 2.477048477048477
  },