{
  "First Round": {
    "bin_center": [
      0.0,
      1.0,
      2.0,
      3.0,
      4.0,
      5.0,
      6.0,
      7.0,
      8.0,
      9.0,
      10.0,
      11.0,
      12.0,
      13.0,
      14.0,
      15.0,
      16.0,
      17.0,
      18.0,
      19.0,
      20.0,
      21.0,
      22.0,
      23.0,
      24.0,
      25.0,
      26.0,
      27.0,
      28.0,
      29.0,
      30.0,
      31.0,
      32.0
    ],
    "bin_start": [
      -0.5,
      0.5,
      1.5,
      2.5,
      3.5,
      4.5,
      5.5,
      6.5,
      7.5,
      8.5,
      9.5,
      10.5,
      11.5,
      12.5,
      13.5,
      14.5,
      15.5,
      16.5,
      17.5,
      18.5,
      19.5,
      20.5,
      21.5,
      22.5,
      23.5,
      24.5,
      25.5,
      26.5,
      27.5,
      28.5,
      29.5,
      30.5,
      31.5
    ],
    "bin_end": [
      0.5,
      1.5,
      2.5,
      3.5,
      4.5,
      5.5,
      6.5,
      7.5,
      8.5,
      9.5,
      10.5,
      11.5,
      12.5,
      13.5,
      14.5,
      15.5,
      16.5,
      17.5,
      18.5,
      19.5,
      20.5,
      21.5,
      22.5,
      23.5,
      24.5,
      25.5,
      26.5,
      27.5,
      28.5,
      29.5,
      30.5,
      31.5,
      32.5
    ],
    "winners_density": [
      0.09759759759759759,
      0.23873873873873874,
      0.24174174174174173,
      0.16366366366366367,
      0.09009009009009009,
      0.05105105105105105,
      0.04054054054054054,
      0.03003003003003003,
      0.015015015015015015,
      0.013513513513513514,
      0.0075075075075075074,
      0.0015015015015015015,
      0.0045045045045045045,
      0.003003003003003003,
      0.0,
      0.0,
      0.0015015015015015015,
      0.0,
      0.0,
      0.0,
      0.0,
      0.0,
      0.0,
      0.0,
      0.0,
      0.0,
      0.0,
      0.0,
      0.0,
      0.0,
      0.0,
      0.0,
      0.0
    ],
    "non_winners_density": [
      0.0074002574002574005,
      0.01169026169026169,
      0.020163020163020164,
      0.031746031746031744,
      0.04858429858429859,
      0.05930930930930931,
      0.08000858000858001,
      0.09867009867009867,
      0.11808236808236808,
      0.10928785928785929,
      0.10006435006435006,
      0.08065208065208065,
      0.07035607035607036,
      0.05351780351780352,
      0.03732303732303732,
      0.026598026598026597,
      0.01909051909051909,
      0.011368511368511369,
      0.008151008151008152,
      0.0043972543972543975,
      0.002574002574002574,
      0.0005362505362505362,
      0.000429000429000429,
      0.0,
      0.0,
      0.0,
      0.0,
      0.0,
      0.0,
      0.0,
      0.0,
      0.0,
      0.0
    ],
    "winners_count": [
      65,
      159,
      161,
      109,
      60,
      34,
      27,
      20,
      10,
      9,
      5,
      1,
      3,
      2,
      0,
      0,
      1,
      0,
      0,
      0,
      0,
      0,
      0,
      0,
      0,
      0,
      0,
      0,
      0,
      0,
      0,
      0,
      0
    ],
    "non_winners_count": [
      69,
      109,
      188,
      296,
      453,
      553,
      746,
      920,
      1101,
      1019,
      933,
      752,
      656,
      499,
      348,
      248,
      178,
      106,
      76,
      41,
      24,
      5,
      4,
      0,
      0,
      0,
      0,
      0,
      0,
      0,
      0,
      0,
      0
    ],
    "winners_mean": 2.7327327327327327,
    "non_winners_mean": 8.887601887601887
  },
  "Second Round": {
    "bin_center": [
      0.0,
      1.0,
      2.0,
      3.0,
      4.0,
      5.0,
      6.0,
      7.0,
      8.0,
      9.0,
      10.0,
      11.0,
      12.0,
      13.0,
      14.0,
      15.0,
      16.0
    ],
    "bin_start": [
      -0.5,
      0.5,
      1.5,
      2.5,
      3.5,
      4.5,
      5.5,
      6.5,
      7.5,
      8.5,
      9.5,
      10.5,
      11.5,
      12.5,
      13.5,
      14.5,
      15.5
    ],
    "bin_end": [
      0.5,
      1.5,
      2.5,
      3.5,
      4.5,
      5.5,
      6.5,
      7.5,
      8.5,
      9.5,
      10.5,
      11.5,
      12.5,
      13.5,
      14.5,
      15.5,
      16.5
    ],
    "winners_density": [
      0.14864864864864866,
      0.2807807807807808,
      0.22822822822822822,
      0.14264264264264265,
      0.08858858858858859,
      0.03903903903903904,
      0.04354354354354354,
      0.016516516516516516,
      0.0075075075075075074,
      0.0045045045045045045,
      0.0,
      0.0,
      0.0,
      0.0,
      0.0,
      0.0,
      0.0
    ],
    "non_winners_density": [
      0.007185757185757186,
      0.017696267696267698,
      0.03260403260403261,
      0.0533033033033033,
      0.09427284427284427,
      0.12258687258687259,
      0.14167739167739168,
      0.1361003861003861,
      0.1315958815958816,
      0.0916988416988417,
      0.06981981981981981,
      0.04601029601029601,
      0.029922779922779922,
      0.01598026598026598,
      0.0075075075075075074,
      0.0016087516087516086,
      0.000429000429000429
    ],
    "winners_count": [
      99,
      187,
      152,
      95,
      59,
      26,
      29,
      11,
      5,
      3,
      0,
      0,
      0,
      0,
      0,
      0,
      0
    ],
    "non_winners_count": [
      67,
      165,
      304,
      497,
      879,
      1143,
      1321,
      1269,
      1227,
      855,
      651,
      429,
      279,
      149,
      70,
      15,
      4
    ],
    "winners_mean": 2.1921921921921923,
    "non_winners_mean": 6.8208923208923204
  },
  "Sweet 16": {
    "bin_center": [
      0.0,
      1.0,
      2.0,
      3.0,
      4.0,
      5.0,
      6.0,
      7.0,
      8.0
    ],
    "bin_start": [
      -0.5,
      0.5,
      1.5,
      2.5,
      3.5,
      4.5,
      5.5,
      6.5,
      7.5
    ],
    "bin_end": [
      0.5,
      1.5,
      2.5,
      3.5,
      4.5,
      5.5,
      6.5,
      7.5,
      8.5
    ],
    "winners_density": [
      0.24024024024024024,
      0.3003003003003003,
      0.21621621621621623,
      0.12612612612612611,
      0.07657657657657657,
      0.024024024024024024,
      0.010510510510510511,
      0.006006006006006006,
      0.0
    ],
    "non_winners_density": [
      0.013406263406263406,
      0.03464178464178464,
      0.08054483054483054,
      0.15347490347490347,
      0.2083869583869584,
      0.21364221364221364,
      0.16505791505791506,
      0.09759759759759759,
      0.03324753324753325
    ],
    "winners_count": [
      160,
      200,
      144,
      84,
      51,
      16,
      7,
      4,
      0
    ],
    "non_winners_count": [
      125,
      323,
      751,
      1431,
      1943,
      1992,
      1539,
      910,
      310
    ],
    "winners_mean": 1.6426426426426426,
    "non_winners_mean": 4.497425997425998
  },
  "Elite 8": {
    "bin_center": [
      0.0,
      1.0,
      2.0,
      3.0,
      4.0
    ],
    "bin_start": [
      -0.5,
      0.5,
      1.5,
      2.5,
      3.5
    ],
    "bin_end": [
      0.5,
      1.5,
      2.5,
      3.5,
      4.5
    ],
    "winners_density": [
      0.3993993993993994,
      0.3738738738738739,
      0.16366366366366367,
      0.04804804804804805,
      0.015015015015015015
    ],
    "non_winners_density": [
      0.04354354354354354,
      0.15143715143715145,
      0.28474903474903474,
      0.3164950664950665,
      0.20377520377520378
    ],
    "winners_count": [
      266,
      249,
      109,
      32,
      10
    ],
    "non_winners_count": [
      406,
      1412,
      2655,
      2951,
      1900
    ],
    "winners_mean": 0.9054054054054054,
    "non_winners_mean": 2.4855212355212357
  },