round,mean_madness,std_madness
First Round,12.674946277038787,1.9583982726616003
Second Round,7.663465260988609,1.0921912013915913
Sweet 16,4.374147403170899,0.7228945007146146
Elite 8,1.9884235622231652,0.4841828028586793
Final Four,0.8805737707079795,0.30154491936340777
Championship,0.620653878783044,0.15158853389008625
