round,mean_madness,std_madness,losers_mean_madness,losers_std_madness
First Round,12.103863432441871,1.450395859907439,18.147850662814474,5.179348771438397
Second Round,7.50857349543475,1.0571483262660912,9.684867457689817,2.278193476917914
Sweet 16,4.441742076561234,0.8051638245870893,5.052957261439044,1.3128016132243443
Elite 8,1.9886258342507037,0.44959690807059793,2.521057100314588,0.8342728468230903
Final Four,1.0935785725975864,0.3496890613212613,1.3002874729868692,0.5890605605598885
Championship,0.6175342371687946,0.12786662631314247,0.6594804846838904,0.3738687565118316
