round,mean_madness,std_madness
First Round,12.680077938300728,1.8764093720693429
Second Round,7.719294137966239,1.1116175252788234
Sweet 16,4.304707118935921,0.7173104477641834
Elite 8,2.022692829674827,0.4894795531946164
Final Four,0.8461886868137416,0.3190946783562913
Championship,0.6290784766992036,0.16267963098293844
