round,mean_madness,std_madness
First Round,12.546767675012934,1.685275254457423
Second Round,7.590219327749629,1.1088262100375408
Sweet 16,4.299557463002357,0.7641901976157692
Elite 8,1.938653285214659,0.42414084407780417
Final Four,0.929389068216824,0.34057525086671775
Championship,0.632146739397888,0.18325478606067902
