round,mean_madness,std_madness
First Round,12.727046493712866,1.7861797455702397
Second Round,7.849643324470358,1.1296202017189452
Sweet 16,4.294088516515077,0.7834810166920213
Elite 8,2.0203277708922713,0.4220049030700159
Final Four,1.0618457349752235,0.3217490963788679
Championship,0.5965816505568333,0.1262872834162904
