round,max_advantage_upsets,max_advantage,max_density_upsets,mode_upsets,mean_upsets,std_upsets,losers_mean_upsets,losers_std_upsets,num_pools
First Round,1.0,0.20913770913770913,2.0,2.0,2.7567567567567566,2.4038865535740963,8.946589446589446,3.7045168428665707,666
Second Round,1.0,0.2113899613899614,2.0,2.0,2.2177177177177176,1.846769328679071,6.820999570999571,2.8265732111471893,666
Sweet 16,1.0,0.2929000429000429,1.0,1.0,1.5675675675675675,1.3707911064223592,4.497640497640497,1.753618190465342,666
Elite 8,0.0,0.36733161733161734,0.0,0.0,0.8753753753753754,0.9207779679708539,2.4885242385242385,1.1106602948681181,666
Final Four,,,,0.0,0.21921921921921922,0.4685507876340324,1.065958815958816,0.7502634549564094,666
Championship,,,,0.0,0.05555555555555555,0.2292335855815266,0.45613470613470614,0.49807211927000233,666
Total Upsets,4.0,0.11507936507936507,4.0,4.0,7.692192192192192,5.807200071615483,24.275847275847276,8.73937745112417,666
