round,max_advantage_upsets,max_advantage,max_density_upsets,mode_upsets,mean_upsets,std_upsets,num_pools
First Round,1.0,0.22704847704847705,2.0,2.0,2.7327327327327327,2.3212125424671792,666
Second Round,1.0,0.2630845130845131,1.0,1.0,2.1921921921921923,1.8131151330196005,666
Sweet 16,1.0,0.26565851565851567,1.0,1.0,1.6426426426426426,1.4493184423620622,666
Elite 8,0.0,0.35585585585585583,0.0,0.0,0.9054054054054054,0.9388515607186659,666
Final Four,,,,0.0,0.20270270270270271,0.44828014726148047,666
Championship,,,,0.0,0.046546546546546545,0.21082386568279973,666
Total Upsets,5.0,0.11475761475761476,5.0,5.0,7.722222222222222,5.7848838837279075,666
