round,max_advantage_upsets,max_advantage,max_density_upsets,mode_upsets,mean_upsets,std_upsets,num_pools
First Round,1.0,0.2564935064935065,1.0,1.0,2.787878787878788,2.12142856038632,66
Second Round,1.0,0.3041125541125541,1.0,1.0,2.242424242424242,1.8095755911313474,66
Sweet 16,0.0,0.26731601731601734,1.0,1.0,1.5,1.4693845341131466,66
Elite 8,0.0,0.4166666666666667,0.0,0.0,0.8333333333333334,1.0237088443399314,66
Final Four,,,,0.0,0.21212121212121213,0.5118639096524211,66
Championship,,,,0.0,0.10606060606060606,0.31027471097463977,66
Total Upsets,5.0,0.13203463203463203,5.0,5.0,7.681818181818182,5.895964441396749,66
