round,max_advantage_upsets,max_advantage,max_density_upsets,mode_upsets,mean_upsets,std_upsets,num_pools
First Round,1.0,0.27705627705627706,1.0,1.0,2.803030303030303,2.5359219049830055,66
Second Round,2.0,0.2694805194805195,2.0,2.0,2.242424242424242,1.8427631267285784,66
Sweet 16,1.0,0.2976190476190476,1.0,1.0,1.9545454545454546,1.4081130526864687,66
Elite 8,0.0,0.3365800865800866,1.0,1.0,0.9242424242424242,0.9424437297020597,66
Final Four,,,,0.0,0.21212121212121213,0.4808694534231003,66
Championship,,,,0.0,0.045454545454545456,0.20989507868443238,66
Total Upsets,5.0,0.12770562770562768,5.0,5.0,8.181818181818182,5.864399762380014,66
