round,max_advantage_upsets,max_advantage,max_density_upsets,mode_upsets,mean_upsets,std_upsets,num_pools
First Round,1.0,0.2145002145002145,1.0,1.0,2.7312312312312312,2.3271766879466864,666
Second Round,1.0,0.2393822393822394,1.0,1.0,2.3318318318318316,1.9741821453175588,666
Sweet 16,1.0,0.2652295152295152,1.0,1.0,1.7402402402402402,1.4846873876278885,666
Elite 8,0.0,0.3578936078936079,0.0,0.0,0.9459459459459459,0.990990990990991,666
Final Four,,,,0.0,0.22822822822822822,0.49858342083626883,666
Championship,,,,0.0,0.06906906906906907,0.25376213722689034,666
Total Upsets,3.0,0.11089661089661089,3.0,3.0,8.046546546546546,6.18648593256134,666
