{
  "First Round": {
    "bin_center": [
      0.0,
      1.0,
      2.0,
      3.0,
      4.0,
      5.0,
      6.0,
      7.0,
      8.0,
      9.0,
      10.0,
      11.0,
      12.0,
      13.0,
      14.0,
      15.0,
      16.0,
      17.0,
      18.0,
      19.0,
      20.0,
      21.0,
      22.0,
      23.0,
      24.0,
      25.0,
      26.0,
      27.0,
      28.0,
      29.0,
      30.0,
      31.0,
      32.0
    ],
    "bin_start": [
      -0.5,
      0.5,
      1.5,
      2.5,
      3.5,
      4.5,
      5.5,
      6.5,
      7.5,
      8.5,
      9.5,
      10.5,
      11.5,
      12.5,
      13.5,
      14.5,
      15.5,
      16.5,
      17.5,
      18.5,
      19.5,
      20.5,
      21.5,
      22.5,
      23.5,
      24.5,
      25.5,
      26.5,
      27.5,
      28.5,
      29.5,
      30.5,
      31.5
    ],
    "bin_end": [
      0.5,
      1.5,
      2.5,
      3.5,
      4.5,
      5.5,
      6.5,
      7.5,
      8.5,
      9.5,
      10.5,
      11.5,
      12.5,
      13.5,
      14.5,
      15.5,
      16.5,
      17.5,
      18.5,
      19.5,
      20.5,
      21.5,
      22.5,
      23.5,
      24.5,
      25.5,
      26.5,
      27.5,
      28.5,
      29.5,
      30.5,
      31.5,
      32.5
    ],
    "winners_density": [
      0.07957957957957958,
      0.23123123123123124,
      0.24924924924924924,
      0.20270270270270271,
      0.09009009009009009,
      0.046546546546546545,
      0.03003003003003003,
      0.021021021021021023,
      0.016516516516516516,
      0.012012012012012012,
      0.009009009009009009,
      0.009009009009009009,
      0.0,
      0.0015015015015015015,
      0.0,
      0.0015015015015015015,
      0.0,
      0.0,
      0.0,
      0.0,
      0.0,
      0.0,
      0.0,
      0.0,
      0.0,
      0.0,
      0.0,
      0.0,
      0.0,
      0.0,
      0.0,
      0.0,
      0.0
    ],
    "non_winners_density": [
      0.0033247533247533247,
      0.006542256542256542,
      0.009116259116259117,
      0.015336765336765337,
      0.02531102531102531,
      0.033783783783783786,
      0.04804804804804805,
      0.06563706563706563,
      0.08043758043758044,
      0.10156585156585157,
      0.10907335907335908,
      0.1108966108966109,
      0.10467610467610468,
      0.08633633633633633,
      0.06853281853281853,
      0.0546975546975547,
      0.03389103389103389,
      0.019948519948519948,
      0.00975975975975976,
      0.006542256542256542,
      0.003968253968253968,
      0.0013942513942513943,
      0.0007507507507507507,
      0.000429000429000429,
      0.0,
      0.0,
      0.0,
      0.0,
      0.0,
      0.0,
      0.0,
      0.0,
      0.0
    ],
    "winners_count": [
      53,
      154,
      166,
      135,
      60,
      31,
      20,
      14,
      11,
      8,
      6,
      6,
      0,
      1,
      0,
      1,
      0,
      0,
      0,
      0,
      0,
      0,
      0,
      0,
      0,
      0,
      0,
      0,
      0,
      0,
      0,
      0,
      0
    ],
    "non_winners_count": [
      31,
      61,
      85,
      143,
      236,
      315,
      448,
      612,
      750,
      947,
      1017,
      1034,
      976,
      805,
      639,
      510,
      316,
      186,
      91,
      61,
      37,
      13,
      7,
      4,
      0,
      0,
      0,
      0,
      0,
      0,
      0,
      0,
      0
    ],
    "winners_mean": 2.72972972972973,
    "non_winners_mean": 10.431681681681681
  },
  "Second Round": {
    "bin_center": [
      0.0,
      1.0,
      2.0,
      3.0,
      4.0,
      5.0,
      6.0,
      7.0,
      8.0,
      9.0,
      10.0,
      11.0,
      12.0,
      13.0,
      14.0,
      15.0,
      16.0
    ],
    "bin_start": [
      -0.5,
      0.5,
      1.5,
      2.5,
      3.5,
      4.5,
      5.5,
      6.5,
      7.5,
      8.5,
      9.5,
      10.5,
      11.5,
      12.5,
      13.5,
      14.5,
      15.5
    ],
    "bin_end": [
      0.5,
      1.5,
      2.5,
      3.5,
      4.5,
      5.5,
      6.5,
      7.5,
      8.5,
      9.5,
      10.5,
      11.5,
      12.5,
      13.5,
      14.5,
      15.5,
      16.5
    ],
    "winners_density": [
      0.17117117117117117,
      0.29429429429429427,
      0.24624624624624625,
      0.14564564564564564,
      0.06606606606606606,
      0.03453453453453453,
      0.02702702702702703,
      0.010510510510510511,
      0.0045045045045045045,
      0.0,
      0.0,
      0.0,
      0.0,
      0.0,
      0.0,
      0.0,
      0.0
    ],
    "non_winners_density": [
      0.0054697554697554695,
      0.01683826683826684,
      0.02649077649077649,
      0.05341055341055341,
      0.07571857571857572,
      0.1123981123981124,
      0.1377091377091377,
      0.14575289575289574,
      0.13063063063063063,
      0.10285285285285285,
      0.08033033033033032,
      0.05512655512655513,
      0.030137280137280138,
      0.019197769197769197,
      0.006220506220506221,
      0.0016087516087516086,
      0.00010725010725010725
    ],
    "winners_count": [
      114,
      196,
      164,
      97,
      44,
      23,
      18,
      7,
      3,
      0,
      0,
      0,
      0,
      0,
      0,
      0,
      0
    ],
    "non_winners_count": [
      51,
      157,
      247,
      498,
      706,
      1048,
      1284,
      1359,
      1218,
      959,
      749,
      514,
      281,
      179,
      58,
      15,
      1
    ],
    "winners_mean": 1.9324324324324325,
    "non_winners_mean": 7.046010296010296
  },
  "Sweet 16": {
    "bin_center": [
      0.0,
      1.0,
      2.0,
      3.0,
      4.0,
      5.0,
      6.0,
      7.0,
      8.0
    ],
    "bin_start": [
      -0.5,
      0.5,
      1.5,
      2.5,
      3.5,
      4.5,
      5.5,
      6.5,
      7.5
    ],
    "bin_end": [
      0.5,
      1.5,
      2.5,
      3.5,
      4.5,
      5.5,
      6.5,
      7.5,
      8.5
    ],
    "winners_density": [
      0.2822822822822823,
      0.34534534534534533,
      0.22672672672672672,
      0.08858858858858859,
      0.03753753753753754,
      0.018018018018018018,
      0.0015015015015015015,
      0.0,
      0.0
    ],
    "non_winners_density": [
      0.015122265122265123,
      0.05062205062205062,
      0.10285285285285285,
      0.1704204204204204,
      0.2084942084942085,
      0.20130845130845132,
      0.1448948948948949,
      0.07968682968682969,
      0.026598026598026597
    ],
    "winners_count": [
      188,
      230,
      151,
      59,
      25,
      12,
      1,
      0,
      0
    ],
    "non_winners_count": [
      141,
      472,
      959,
      1589,
      1944,
      1877,
      1351,
      743,
      248
    ],
    "winners_mean": 1.3138138138138138,
    "non_winners_mean": 4.248069498069498
  },
  "Elite 8": {
    "bin_center": [
      0.0,
      1.0,
      2.0,
      3.0,
      4.0
    ],
    "bin_start": [
      -0.5,
      0.5,
      1.5,
      2.5,
      3.5
    ],
    "bin_end": [
      0.5,
      1.5,
      2.5,
      3.5,
      4.5
    ],
    "winners_density": [
      0.4774774774774775,
      0.3633633633633634,
      0.12762762762762764,
      0.03003003003003003,
      0.0015015015015015015
    ],
    "non_winners_density": [
      0.067996567996568,
      0.20077220077220076,
      0.29214929214929214,
      0.2806735306735307,
      0.15840840840840842
    ],
    "winners_count": [
      318,
      242,
      85,
      20,
      1
    ],
    "non_winners_count": [
      634,
      1872,
      2724,
      2617,
      1477
    ],
    "winners_mean": 0.7147147147147147,
    "non_winners_mean": 2.2607250107250105
  },