{
  "First Round": {
    "bin_center": [
      0.0,
      1.0,
      2.0,
      3.0,
      4.0,
      5.0,
      6.0,
      7.0,
      8.0,
      9.0,
      10.0,
      11.0,
      12.0,
      13.0,
      14.0,
      15.0,
      16.0,
      17.0,
      18.0,
      19.0,
      20.0,
      21.0,
      22.0,
      23.0,
      24.0,
      25.0,
      26.0,
      27.0,
      28.0,
      29.0,
      30.0,
      31.0,
      32.0
    ],
    "bin_start": [
      -0.5,
      0.5,
      1.5,
      2.5,
      3.5,
      4.5,
      5.5,
      6.5,
      7.5,
      8.5,
      9.5,
      10.5,
      11.5,
      12.5,
      13.5,
      14.5,
      15.5,
      16.5,
      17.5,
      18.5,
      19.5,
      20.5,
      21.5,
      22.5,
      23.5,
      24.5,
      25.5,
      26.5,
      27.5,
      28.5,
      29.5,
      30.5,
      31.5
    ],
    "bin_end": [
      0.5,
      1.5,
      2.5,
      3.5,
      4.5,
      5.5,
      6.5,
      7.5,
      8.5,
      9.5,
      10.5,
      11.5,
      12.5,
      13.5,
      14.5,
      15.5,
      16.5,
      17.5,
      18.5,
      19.5,
      20.5,
      21.5,
      22.5,
      23.5,
      24.5,
      25.5,
      26.5,
      27.5,
      28.5,
      29.5,
      30.5,
      31.5,
      32.5
    ],
    "winners_density": [
      0.045454545454545456,
      0.22727272727272727,
      0.21212121212121213,
      0.24242424242424243,
      0.13636363636363635,
      0.0,
      0.045454545454545456,
      0.045454545454545456,
      0.030303030303030304,
      0.0,
      0.0,
      0.0,
      0.015151515151515152,
      0.0,
      0.0,
      0.0,
      0.0,
      0.0,
      0.0,
      0.0,
      0.0,
      0.0,
      0.0,
      0.0,
      0.0,
      0.0,
      0.0,
      0.0,
      0.0,
      0.0,
      0.0,
      0.0,
      0.0
    ],
    "non_winners_density": [
      0.003246753246753247,
      0.003246753246753247,
      0.005411255411255411,
      0.006493506493506494,
      0.02922077922077922,
      0.0367965367965368,
      0.05194805194805195,
      0.08116883116883117,
      0.08225108225108226,
      0.09415584415584416,
      0.11580086580086581,
      0.10606060606060606,
      0.09307359307359307,
      0.09307359307359307,
      0.07467532467532467,
      0.048701298701298704,
      0.032467532467532464,
      0.021645021645021644,
      0.010822510822510822,
      0.007575757575757576,
      0.0010822510822510823,
      0.0010822510822510823,
      0.0,
      0.0,
      0.0,
      0.0,
      0.0,
      0.0,
      0.0,
      0.0,
      0.0,
      0.0,
      0.0
    ],
    "winners_count": [
      3,
      15,
      14,
      16,
      9,
      0,
      3,
      3,
      2,
      0,
      0,
      0,
      1,
      0,
      0,
      0,
      0,
      0,
      0,
      0,
      0,
      0,
      0,
      0,
      0,
      0,
      0,
      0,
      0,
      0,
      0,
      0,
      0
    ],
    "non_winners_count": [
      3,
      3,
      5,
      6,
      27,
      34,
      48,
      75,
      76,
      87,
      107,
      98,
      86,
      86,
      69,
      45,
      30,
      20,
      10,
      7,
      1,
      1,
      0,
      0,
      0,
      0,
      0,
      0,
      0,
      0,
      0,
      0,
      0
    ],
    "winners_mean": 2.9393939393939394,
    "non_winners_mean": 10.417748917748918
  },
  "Second Round": {
    "bin_center": [
      0.0,
      1.0,
      2.0,
      3.0,
      4.0,
      5.0,
      6.0,
      7.0,
      8.0,
      9.0,
      10.0,
      11.0,
      12.0,
      13.0,
      14.0,
      15.0,
      16.0
    ],
    "bin_start": [
      -0.5,
      0.5,
      1.5,
      2.5,
      3.5,
      4.5,
      5.5,
      6.5,
      7.5,
      8.5,
      9.5,
      10.5,
      11.5,
      12.5,
      13.5,
      14.5,
      15.5
    ],
    "bin_end": [
      0.5,
      1.5,
      2.5,
      3.5,
      4.5,
      5.5,
      6.5,
      7.5,
      8.5,
      9.5,
      10.5,
      11.5,
      12.5,
      13.5,
      14.5,
      15.5,
      16.5
    ],
    "winners_density": [
      0.21212121212121213,
      0.24242424242424243,
      0.2727272727272727,
      0.13636363636363635,
      0.09090909090909091,
      0.0,
      0.0,
      0.030303030303030304,
      0.0,
      0.0,
      0.0,
      0.015151515151515152,
      0.0,
      0.0,
      0.0,
      0.0,
      0.0
    ],
    "non_winners_density": [
      0.004329004329004329,
      0.00974025974025974,
      0.03354978354978355,
      0.0367965367965368,
      0.08658008658008658,
      0.10497835497835498,
      0.1396103896103896,
      0.14285714285714285,
      0.1406926406926407,
      0.10173160173160173,
      0.08658008658008658,
      0.05303030303030303,
      0.0367965367965368,
      0.0183982683982684,
      0.003246753246753247,
      0.0010822510822510823,
      0.0
    ],
    "winners_count": [
      14,
      16,
      18,
      9,
      6,
      0,
      0,
      2,
      0,
      0,
      0,
      1,
      0,
      0,
      0,
      0,
      0
    ],
    "non_winners_count": [
      4,
      9,
      31,
      34,
      80,
      97,
      129,
      132,
      130,
      94,
      80,
      49,
      34,
      17,
      3,
      1,
      0
    ],
    "winners_mean": 1.9393939393939394,
    "non_winners_mean": 7.128787878787879
  },
  "Sweet 16": {
    "bin_center": [
      0.0,
      1.0,
      2.0,
      3.0,
      4.0,
      5.0,
      6.0,
      7.0,
      8.0
    ],
    "bin_start": [
      -0.5,
      0.5,
      1.5,
      2.5,
      3.5,
      4.5,
      5.5,
      6.5,
      7.5
    ],
    "bin_end": [
      0.5,
      1.5,
      2.5,
      3.5,
      4.5,
      5.5,
      6.5,
      7.5,
      8.5
    ],
    "winners_density": [
      0.3333333333333333,
      0.3181818181818182,
      0.19696969696969696,
      0.09090909090909091,
      0.045454545454545456,
      0.0,
      0.015151515151515152,
      0.0,
      0.0
    ],
    "non_winners_density": [
      0.016233766233766232,
      0.05303030303030303,
      0.08766233766233766,
      0.19480519480519481,
      0.19264069264069264,
      0.2002164502164502,
      0.15151515151515152,
      0.07683982683982683,
      0.027056277056277056
    ],
    "winners_count": [
      22,
      21,
      13,
      6,
      3,
      0,
      1,
      0,
      0
    ],
    "non_winners_count": [
      15,
      49,
      81,
      180,
      178,
      185,
      140,
      71,
      25
    ],
    "winners_mean": 1.2575757575757576,
    "non_winners_mean": 4.2478354978354975
  },
  "Elite 8": {
    "bin_center": [
      0.0,
      1.0,
      2.0,
      3.0,
      4.0
    ],
    "bin_start": [
      -0.5,
      0.5,
      1.5,
      2.5,
      3.5
    ],
    "bin_end": [
      0.5,
      1.5,
      2.5,
      3.5,
      4.5
    ],
    "winners_density": [
      0.5454545454545454,
      0.3484848484848485,
      0.07575757575757576,
      0.015151515151515152,
      0.015151515151515152
    ],
    "non_winners_density": [
      0.07251082251082251,
      0.1893939393939394,
      0.2976190476190476,
      0.2813852813852814,
      0.1590909090909091
    ],
    "winners_count": [
      36,
      23,
      5,
      1,
      1
    ],
    "non_winners_count": [
      67,
      175,
      275,
      260,
      147
    ],
    "winners_mean": 0.6060606060606061,
    "non_winners_mean": 2.265151515151515
  },
  "Total Upsets": {
    "bin_center": [
      0.0,
      1.0,
      2.0,
      3.0,
      4.0,
      5.0,
      6.0,
      7.0,
      8.0,
      9.0,
      10.0,
      11.0,
      12.0,
      13.0,
      14.0,
      15.0,
      16.0,
      17.0,
      18.0,
      19.0,
      20.0,
      21.0,
      22.0,
      23.0,
      24.0,
      25.0,
      26.0,
      27.0,
      28.0,
      29.0,
      30.0,
      31.0,
      32.0,
      33.0,
      34.0,
      35.0,
      36.0,
      37.0,
      38.0,
      39.0,
      40.0,
      41.0,
      42.0,
      43.0,
      44.0,
      45.0,
      46.0,
      47.0,
      48.0
    ],