{
  "First Round": {
    "bin_center": [
      0.0,
      1.0,
      2.0,
      3.0,
      4.0,
      5.0,
      6.0,
      7.0,
      8.0,
      9.0,
      10.0,
      11.0,
      12.0,
      13.0,
      14.0,
      15.0,
      16.0,
      17.0,
      18.0,
      19.0,
      20.0,
      21.0,
      22.0,
      23.0,
      24.0,
      25.0,
      26.0,
      27.0,
      28.0,
      29.0,
      30.0,
      31.0,
      32.0
    ],
    "bin_start": [
      -0.5,
      0.5,
      1.5,
      2.5,
      3.5,
      4.5,
      5.5,
      6.5,
      7.5,
      8.5,
      9.5,
      10.5,
      11.5,
      12.5,
      13.5,
      14.5,
      15.5,
      16.5,
      17.5,
      18.5,
      19.5,
      20.5,
      21.5,
      22.5,
      23.5,
      24.5,
      25.5,
      26.5,
      27.5,
      28.5,
      29.5,
      30.5,
      31.5
    ],
    "bin_end": [
      0.5,
      1.5,
      2.5,
      3.5,
      4.5,
      5.5,
      6.5,
      7.5,
      8.5,
      9.5,
      10.5,
      11.5,
      12.5,
      13.5,
      14.5,
      15.5,
      16.5,
      17.5,
      18.5,
      19.5,
      20.5,
      21.5,
      22.5,
      23.5,
      24.5,
      25.5,
      26.5,
      27.5,
      28.5,
      29.5,
      30.5,
      31.5,
      32.5
    ],
    "winners_density": [
      0.10606060606060606,
      0.19696969696969696,
      0.30303030303030304,
      0.24242424242424243,
      0.06060606060606061,
      0.045454545454545456,
      0.015151515151515152,
      0.0,
      0.015151515151515152,
      0.015151515151515152,
      0.0,
      0.0,
      0.0,
      0.0,
      0.0,
      0.0,
      0.0,
      0.0,
      0.0,
      0.0,
      0.0,
      0.0,
      0.0,
      0.0,
      0.0,
      0.0,
      0.0,
      0.0,
      0.0,
      0.0,
      0.0,
      0.0,
      0.0
    ],
    "non_winners_density": [
      0.0010822510822510823,
      0.012987012987012988,
      0.008658008658008658,
      0.016233766233766232,
      0.022727272727272728,
      0.0367965367965368,
      0.048701298701298704,
      0.0735930735930736,
      0.07251082251082251,
      0.08116883116883117,
      0.12229437229437229,
      0.08658008658008658,
      0.11471861471861472,
      0.08874458874458875,
      0.05735930735930736,
      0.05952380952380952,
      0.03571428571428571,
      0.024891774891774892,
      0.016233766233766232,
      0.012987012987012988,
      0.003246753246753247,
      0.0021645021645021645,
      0.0010822510822510823,
      0.0,
      0.0,
      0.0,
      0.0,
      0.0,
      0.0,
      0.0,
      0.0,
      0.0,
      0.0
    ],
    "winners_count": [
      7,
      13,
      20,
      16,
      4,
      3,
      1,
      0,
      1,
      1,
      0,
      0,
      0,
      0,
      0,
      0,
      0,
      0,
      0,
      0,
      0,
      0,
      0,
      0,
      0,
      0,
      0,
      0,
      0,
      0,
      0,
      0,
      0
    ],
    "non_winners_count": [
      1,
      12,
      8,
      15,
      21,
      34,
      45,
      68,
      67,
      75,
      113,
      80,
      106,
      82,
      53,
      55,
      33,
      23,
      15,
      12,
      3,
      2,
      1,
      0,
      0,
      0,
      0,
      0,
      0,
      0,
      0,
      0,
      0
    ],
    "winners_mean": 2.3484848484848486,
    "non_winners_mean": 10.541125541125542
  },
  "Second Round": {
    "bin_center": [
      0.0,
      1.0,
      2.0,
      3.0,
      4.0,
      5.0,
      6.0,
      7.0,
      8.0,
      9.0,
      10.0,
      11.0,
      12.0,
      13.0,
      14.0,
      15.0,
      16.0
    ],
    "bin_start": [
      -0.5,
      0.5,
      1.5,
      2.5,
      3.5,
      4.5,
      5.5,
      6.5,
      7.5,
      8.5,
      9.5,
      10.5,
      11.5,
      12.5,
      13.5,
      14.5,
      15.5
    ],
    "bin_end": [
      0.5,
      1.5,
      2.5,
      3.5,
      4.5,
      5.5,
      6.5,
      7.5,
      8.5,
      9.5,
      10.5,
      11.5,
      12.5,
      13.5,
      14.5,
      15.5,
      16.5
    ],
    "winners_density": [
      0.15151515151515152,
      0.2878787878787879,
      0.2727272727272727,
      0.18181818181818182,
      0.07575757575757576,
      0.030303030303030304,
      0.0,
      0.0,
      0.0,
      0.0,
      0.0,
      0.0,
      0.0,
      0.0,
      0.0,
      0.0,
      0.0
    ],
    "non_winners_density": [
      0.006493506493506494,
      0.01406926406926407,
      0.030303030303030304,
      0.05303030303030303,
      0.07575757575757576,
      0.09848484848484848,
      0.13852813852813853,
      0.1525974025974026,
      0.12445887445887446,
      0.09415584415584416,
      0.07792207792207792,
      0.050865800865800864,
      0.044372294372294376,
      0.023809523809523808,
      0.00974025974025974,
      0.005411255411255411,
      0.0
    ],
    "winners_count": [
      10,
      19,
      18,
      12,
      5,
      2,
      0,
      0,
      0,
      0,
      0,
      0,
      0,
      0,
      0,
      0,
      0
    ],
    "non_winners_count": [
      6,
      13,
      28,
      49,
      70,
      91,
      128,
      141,
      115,
      87,
      72,
      47,
      41,
      22,
      9,
      5,
      0
    ],
    "winners_mean": 1.8333333333333333,
    "non_winners_mean": 7.16991341991342
  },
  "Sweet 16": {
    "bin_center": [
      0.0,
      1.0,
      2.0,
      3.0,
      4.0,
      5.0,
      6.0,
      7.0,
      8.0
    ],
    "bin_start": [
      -0.5,
      0.5,
      1.5,
      2.5,
      3.5,
      4.5,
      5.5,
      6.5,
      7.5
    ],
    "bin_end": [
      0.5,
      1.5,
      2.5,
      3.5,
      4.5,
      5.5,
      6.5,
      7.5,
      8.5
    ],
    "winners_density": [
      0.16666666666666666,
      0.4393939393939394,
      0.2727272727272727,
      0.10606060606060606,
      0.015151515151515152,
      0.0,
      0.0,
      0.0,
      0.0
    ],
    "non_winners_density": [
      0.00974025974025974,
      0.05952380952380952,
      0.10281385281385282,
      0.15800865800865802,
      0.23917748917748918,
      0.17532467532467533,
      0.13636363636363635,
      0.08658008658008658,
      0.032467532467532464
    ],
    "winners_count": [
      11,
      29,
      18,
      7,
      1,
      0,
      0,
      0,
      0
    ],
    "non_winners_count": [
      9,
      55,
      95,
      146,
      221,
      162,
      126,
      80,
      30
    ],
    "winners_mean": 1.3636363636363635,
    "non_winners_mean": 4.2564935064935066
  },
  "Elite 8": {
    "bin_center": [
      0.0,
      1.0,
      2.0,
      3.0,
      4.0
    ],
    "bin_start": [
      -0.5,
      0.5,
      1.5,
      2.5,
      3.5
    ],
    "bin_end": [
      0.5,
      1.5,
      2.5,
      3.5,
      4.5
    ],
    "winners_density": [
      0.4393939393939394,
      0.4090909090909091,
      0.12121212121212122,
      0.030303030303030304,
      0.0
    ],
    "non_winners_density": [
      0.07251082251082251,
      0.19913419913419914,
      0.2922077922077922,
      0.2619047619047619,
      0.17424242424242425
    ],
    "winners_count": [
      29,
      27,
      8,
      2,
      0
    ],
    "non_winners_count": [
      67,
      184,
      270,
      242,
      161
    ],
    "winners_mean": 0.7424242424242424,
    "non_winners_mean": 2.2662337662337664
  },
  "Total Upsets": {
    "bin_center": [
      0.0,
      1.0,
      2.0,
      3.0,
      4.0,
      5.0,
      6.0,
      7.0,
      8.0,
      9.0,
      10.0,
      11.0,
      12.0,
      13.0,
      14.0,
      15.0,
      16.0,
      17.0,
      18.0,
      19.0,
      20.0,
      21.0,
      22.0,
      23.0,
      24.0,
      25.0,
      26.0,
      27.0,
      28.0,
      29.0,
      30.0,
      31.0,
      32.0,
      33.0,
      34.0,
      35.0,
      36.0,
      37.0,
      38.0,
      39.0,
      40.0,
      41.0,
      42.0,
      43.0,
      44.0,
      45.0,
      46.0,
      47.0,
      48.0,
      49.0,
      50.0,
      51.0,
      52.0
    ],