{
  "First Round": {
    "bin_center": [
      0.0,
      1.0,
      2.0,
      3.0,
      4.0,
      5.0,
      6.0,
      7.0,
      8.0,
      9.0,
      10.0,
      11.0,
      12.0,
      13.0,
      14.0,
      15.0,
      16.0,
      17.0,
      18.0,
      19.0,
      20.0,
      21.0,
      22.0,
      23.0,
      24.0,
      25.0,
      26.0,
      27.0,
      28.0,
      29.0,
      30.0,
      31.0,
      32.0
    ],
    "bin_start": [
      -0.5,
      0.5,
      1.5,
      2.5,
      3.5,
      4.5,
      5.5,
      6.5,
      7.5,
      8.5,
      9.5,
      10.5,
      11.5,
      12.5,
      13.5,
      14.5,
      15.5,
      16.5,
      17.5,
      18.5,
      19.5,
      20.5,
      21.5,
      22.5,
      23.5,
      24.5,
      25.5,
      26.5,
      27.5,
      28.5,
      29.5,
      30.5,
      31.5
    ],
    "bin_end": [
      0.5,
      1.5,
      2.5,
      3.5,
      4.5,
      5.5,
      6.5,
      7.5,
      8.5,
      9.5,
      10.5,
      11.5,
      12.5,
      13.5,
      14.5,
      15.5,
      16.5,
      17.5,
      18.5,
      19.5,
      20.5,
      21.5,
      22.5,
      23.5,
      24.5,
      25.5,
      26.5,
      27.5,
      28.5,
      29.5,
      30.5,
      31.5,
      32.5
    ],
    "winners_density": [
      0.09009009009009009,
      0.2147147147147147,
      0.21771771771771772,
      0.21621621621621623,
      0.11261261261261261,
      0.06156156156156156,
      0.036036036036036036,
      0.012012012012012012,
      0.013513513513513514,
      0.013513513513513514,
      0.0045045045045045045,
      0.0045045045045045045,
      0.0,
      0.003003003003003003,
      0.0,
      0.0,
      0.0,
      0.0,
      0.0,
      0.0,
      0.0,
      0.0,
      0.0,
      0.0,
      0.0,
      0.0,
      0.0,
      0.0,
      0.0,
      0.0,
      0.0,
      0.0,
      0.0
    ],
    "non_winners_density": [
      0.0037537537537537537,
      0.006327756327756328,
      0.009652509652509652,
      0.01362076362076362,
      0.020806520806520807,
      0.03528528528528529,
      0.043221793221793224,
      0.07453882453882454,
      0.08033033033033032,
      0.09555984555984556,
      0.11615186615186615,
      0.1078936078936079,
      0.1064993564993565,
      0.08665808665808666,
      0.06788931788931789,
      0.05287430287430287,
      0.03464178464178464,
      0.019734019734019732,
      0.011797511797511798,
      0.007936507936507936,
      0.003003003003003003,
      0.0011797511797511798,
      0.0006435006435006435,
      0.0,
      0.0,
      0.0,
      0.0,
      0.0,
      0.0,
      0.0,
      0.0,
      0.0,
      0.0
    ],
    "winners_count": [
      60,
      143,
      145,
      144,
      75,
      41,
      24,
      8,
      9,
      9,
      3,
      3,
      0,
      2,
      0,
      0,
      0,
      0,
      0,
      0,
      0,
      0,
      0,
      0,
      0,
      0,
      0,
      0,
      0,
      0,
      0,
      0,
      0
    ],
    "non_winners_count": [
      35,
      59,
      90,
      127,
      194,
      329,
      403,
      695,
      749,
      891,
      1083,
      1006,
      993,
      808,
      633,
      493,
      323,
      184,
      110,
      74,
      28,
      11,
      6,
      0,
      0,
      0,
      0,
      0,
      0,
      0,
      0,
      0,
      0
    ],
    "winners_mean": 2.720720720720721,
    "non_winners_mean": 10.458279708279708
  },
  "Second Round": {
    "bin_center": [
      0.0,
      1.0,
      2.0,
      3.0,
      4.0,
      5.0,
      6.0,
      7.0,
      8.0,
      9.0,
      10.0,
      11.0,
      12.0,
      13.0,
      14.0,
      15.0,
      16.0
    ],
    "bin_start": [
      -0.5,
      0.5,
      1.5,
      2.5,
      3.5,
      4.5,
      5.5,
      6.5,
      7.5,
      8.5,
      9.5,
      10.5,
      11.5,
      12.5,
      13.5,
      14.5,
      15.5
    ],
    "bin_end": [
      0.5,
      1.5,
      2.5,
      3.5,
      4.5,
      5.5,
      6.5,
      7.5,
      8.5,
      9.5,
      10.5,
      11.5,
      12.5,
      13.5,
      14.5,
      15.5,
      16.5
    ],
    "winners_density": [
      0.17867867867867868,
      0.2882882882882883,
      0.22972972972972974,
      0.16816816816816818,
      0.07357357357357357,
      0.03453453453453453,
      0.016516516516516516,
      0.0075075075075075074,
      0.003003003003003003,
      0.0,
      0.0,
      0.0,
      0.0,
      0.0,
      0.0,
      0.0,
      0.0
    ],
    "non_winners_density": [
      0.007185757185757186,
      0.013835263835263836,
      0.02842127842127842,
      0.05416130416130416,
      0.08161733161733162,
      0.11196911196911197,
      0.1376018876018876,
      0.14435864435864437,
      0.13191763191763192,
      0.1006006006006006,
      0.07850707850707851,
      0.049335049335049334,
      0.0324967824967825,
      0.018447018447018446,
      0.006971256971256971,
      0.0023595023595023596,
      0.0002145002145002145
    ],
    "winners_count": [
      119,
      192,
      153,
      112,
      49,
      23,
      11,
      5,
      2,
      0,
      0,
      0,
      0,
      0,
      0,
      0,
      0
    ],
    "non_winners_count": [
      67,
      129,
      265,
      505,
      761,
      1044,
      1283,
      1346,
      1230,
      938,
      732,
      460,
      303,
      172,
      65,
      22,
      2
    ],
    "winners_mean": 1.894894894894895,
    "non_winners_mean": 7.010296010296011
  },
  "Sweet 16": {
    "bin_center": [
      0.0,
      1.0,
      2.0,
      3.0,
      4.0,
      5.0,
      6.0,
      7.0,
      8.0
    ],
    "bin_start": [
      -0.5,
      0.5,
      1.5,
      2.5,
      3.5,
      4.5,
      5.5,
      6.5,
      7.5
    ],
    "bin_end": [
      0.5,
      1.5,
      2.5,
      3.5,
      4.5,
      5.5,
      6.5,
      7.5,
      8.5
    ],
    "winners_density": [
      0.26126126126126126,
      0.3843843843843844,
      0.2222222222222222,
      0.08408408408408409,
      0.03903903903903904,
      0.0075075075075075074,
      0.0015015015015015015,
      0.0,
      0.0
    ],
    "non_winners_density": [
      0.01705276705276705,
      0.04504504504504504,
      0.10842985842985843,
      0.175997425997426,
      0.206992706992707,
      0.19862719862719863,
      0.1402831402831403,
      0.07872157872157873,
      0.02885027885027885
    ],
    "winners_count": [
      174,
      256,
      148,
      56,
      26,
      5,
      1,
      0,
      0
    ],
    "non_winners_count": [
      159,
      420,
      1011,
      1641,
      1930,
      1852,
      1308,
      734,
      269
    ],
    "winners_mean": 1.2837837837837838,
    "non_winners_mean": 4.234555984555985
  },
  "Elite 8": {
    "bin_center": [
      0.0,
      1.0,
      2.0,
      3.0,
      4.0
    ],
    "bin_start": [
      -0.5,
      0.5,
      1.5,
      2.5,
      3.5
    ],
    "bin_end": [
      0.5,
      1.5,
      2.5,
      3.5,
      4.5
    ],
    "winners_density": [
      0.484984984984985,
      0.35435435435435436,
      0.14264264264264265,
      0.018018018018018018,
      0.0
    ],
    "non_winners_density": [
      0.06735306735306736,
      0.19916344916344916,
      0.2913985413985414,
      0.27852852852852855,
      0.16355641355641357
    ],
    "winners_count": [
      323,
      236,
      95,
      12,
      0
    ],
    "non_winners_count": [
      628,
      1857,
      2717,
      2597,
      1525
    ],
    "winners_mean": 0.6936936936936937,
    "non_winners_mean": 2.2717717717717716
  },