{
  "First Round": {
    "bin_center": [
      0.0,
      1.0,
      2.0,
      3.0,
      4.0,
      5.0,
      6.0,
      7.0,
      8.0,
      9.0,
      10.0,
      11.0,
      12.0,
      13.0,
      14.0,
      15.0,
      16.0,
      17.0,
      18.0,
      19.0,
      20.0,
      21.0,
      22.0,
      23.0,
      24.0,
      25.0,
      26.0,
      27.0,
      28.0,
      29.0,
      30.0,
      31.0,
      32.0
    ],
    "bin_start": [
      -0.5,
      0.5,
      1.5,
      2.5,
      3.5,
      4.5,
      5.5,
      6.5,
      7.5,
      8.5,
      9.5,
      10.5,
      11.5,
      12.5,
      13.5,
      14.5,
      15.5,
      16.5,
      17.5,
      18.5,
      19.5,
      20.5,
      21.5,
      22.5,
      23.5,
      24.5,
      25.5,
      26.5,
      27.5,
      28.5,
      29.5,
      30.5,
      31.5
    ],
    "bin_end": [
      0.5,
      1.5,
      2.5,
      3.5,
      4.5,
      5.5,
      6.5,
      7.5,
      8.5,
      9.5,
      10.5,
      11.5,
      12.5,
      13.5,
      14.5,
      15.5,
      16.5,
      17.5,
      18.5,
      19.5,
      20.5,
      21.5,
      22.5,
      23.5,
      24.5,
      25.5,
      26.5,
      27.5,
      28.5,
      29.5,
      30.5,
      31.5,
      32.5
    ],
    "winners_density": [
      0.10606060606060606,
      0.2727272727272727,
      0.19696969696969696,
      0.18181818181818182,
      0.07575757575757576,
      0.045454545454545456,
      0.030303030303030304,
      0.015151515151515152,
      0.030303030303030304,
      0.045454545454545456,
      0.0,
      0.0,
      0.0,
      0.0,
      0.0,
      0.0,
      0.0,
      0.0,
      0.0,
      0.0,
      0.0,
      0.0,
      0.0,
      0.0,
      0.0,
      0.0,
      0.0,
      0.0,
      0.0,
      0.0,
      0.0,
      0.0,
      0.0
    ],
    "non_winners_density": [
      0.006493506493506494,
      0.007575757575757576,
      0.008658008658008658,
      0.011904761904761904,
      0.027056277056277056,
      0.025974025974025976,
      0.03354978354978355,
      0.07251082251082251,
      0.08116883116883117,
      0.09199134199134198,
      0.1277056277056277,
      0.10606060606060606,
      0.10497835497835498,
      0.09415584415584416,
      0.06168831168831169,
      0.05519480519480519,
      0.031385281385281384,
      0.022727272727272728,
      0.007575757575757576,
      0.010822510822510822,
      0.004329004329004329,
      0.004329004329004329,
      0.0021645021645021645,
      0.0,
      0.0,
      0.0,
      0.0,
      0.0,
      0.0,
      0.0,
      0.0,
      0.0,
      0.0
    ],
    "winners_count": [
      7,
      18,
      13,
      12,
      5,
      3,
      2,
      1,
      2,
      3,
      0,
      0,
      0,
      0,
      0,
      0,
      0,
      0,
      0,
      0,
      0,
      0,
      0,
      0,
      0,
      0,
      0,
      0,
      0,
      0,
      0,
      0,
      0
    ],
    "non_winners_count": [
      6,
      7,
      8,
      11,
      25,
      24,
      31,
      67,
      75,
      85,
      118,
      98,
      97,
      87,
      57,
      51,
      29,
      21,
      7,
      10,
      4,
      4,
      2,
      0,
      0,
      0,
      0,
      0,
      0,
      0,
      0,
      0,
      0
    ],
    "winners_mean": 2.6818181818181817,
    "non_winners_mean": 10.55952380952381
  },
  "Second Round": {
    "bin_center": [
      0.0,
      1.0,
      2.0,
      3.0,
      4.0,
      5.0,
      6.0,
      7.0,
      8.0,
      9.0,
      10.0,
      11.0,
      12.0,
      13.0,
      14.0,
      15.0,
      16.0
    ],
    "bin_start": [
      -0.5,
      0.5,
      1.5,
      2.5,
      3.5,
      4.5,
      5.5,
      6.5,
      7.5,
      8.5,
      9.5,
      10.5,
      11.5,
      12.5,
      13.5,
      14.5,
      15.5
    ],
    "bin_end": [
      0.5,
      1.5,
      2.5,
      3.5,
      4.5,
      5.5,
      6.5,
      7.5,
      8.5,
      9.5,
      10.5,
      11.5,
      12.5,
      13.5,
      14.5,
      15.5,
      16.5
    ],
    "winners_density": [
      0.15151515151515152,
      0.2727272727272727,
      0.3484848484848485,
      0.10606060606060606,
      0.015151515151515152,
      0.07575757575757576,
      0.015151515151515152,
      0.015151515151515152,
      0.0,
      0.0,
      0.0,
      0.0,
      0.0,
      0.0,
      0.0,
      0.0,
      0.0
    ],
    "non_winners_density": [
      0.01406926406926407,
      0.015151515151515152,
      0.031385281385281384,
      0.04329004329004329,
      0.07034632034632035,
      0.10822510822510822,
      0.14285714285714285,
      0.13744588744588745,
      0.14393939393939395,
      0.09956709956709957,
      0.09090909090909091,
      0.05194805194805195,
      0.027056277056277056,
      0.015151515151515152,
      0.006493506493506494,
      0.0021645021645021645,
      0.0
    ],
    "winners_count": [
      10,
      18,
      23,
      7,
      1,
      5,
      1,
      1,
      0,
      0,
      0,
      0,
      0,
      0,
      0,
      0,
      0
    ],
    "non_winners_count": [
      13,
      14,
      29,
      40,
      65,
      100,
      132,
      127,
      133,
      92,
      84,
      48,
      25,
      14,
      6,
      2,
      0
    ],
    "winners_mean": 1.9242424242424243,
    "non_winners_mean": 7.0227272727272725
  },
  "Sweet 16": {
    "bin_center": [
      0.0,
      1.0,
      2.0,
      3.0,
      4.0,
      5.0,
      6.0,
      7.0,
      8.0
    ],
    "bin_start": [
      -0.5,
      0.5,
      1.5,
      2.5,
      3.5,
      4.5,
      5.5,
      6.5,
      7.5
    ],
    "bin_end": [
      0.5,
      1.5,
      2.5,
      3.5,
      4.5,
      5.5,
      6.5,
      7.5,
      8.5
    ],
    "winners_density": [
      0.21212121212121213,
      0.3939393939393939,
      0.24242424242424243,
      0.09090909090909091,
      0.045454545454545456,
      0.015151515151515152,
      0.0,
      0.0,
      0.0
    ],
    "non_winners_density": [
      0.022727272727272728,
      0.03354978354978355,
      0.10822510822510822,
      0.18181818181818182,
      0.21428571428571427,
      0.1774891774891775,
      0.14285714285714285,
      0.0854978354978355,
      0.03354978354978355
    ],
    "winners_count": [
      14,
      26,
      16,
      6,
      3,
      1,
      0,
      0,
      0
    ],
    "non_winners_count": [
      21,
      31,
      100,
      168,
      198,
      164,
      132,
      79,
      31
    ],
    "winners_mean": 1.4090909090909092,
    "non_winners_mean": 4.264069264069264
  },
  "Elite 8": {
    "bin_center": [
      0.0,
      1.0,
      2.0,
      3.0,
      4.0
    ],
    "bin_start": [
      -0.5,
      0.5,
      1.5,
      2.5,
      3.5
    ],
    "bin_end": [
      0.5,
      1.5,
      2.5,
      3.5,
      4.5
    ],
    "winners_density": [
      0.4393939393939394,
      0.42424242424242425,
      0.10606060606060606,
      0.015151515151515152,
      0.015151515151515152
    ],
    "non_winners_density": [
      0.06818181818181818,
      0.20454545454545456,
      0.27380952380952384,
      0.3008658008658009,
      0.1525974025974026
    ],
    "winners_count": [
      29,
      28,
      7,
      1,
      1
    ],
    "non_winners_count": [
      63,
      189,
      253,
      278,
      141
    ],
    "winners_mean": 0.7424242424242424,
    "non_winners_mean": 2.265151515151515
  },