{
  "First Round": {
    "bin_center": [
      0.0,
      1.0,
      2.0,
      3.0,
      4.0,
      5.0,
      6.0,
      7.0,
      8.0,
      9.0,
      10.0,
      11.0,
      12.0,
      13.0,
      14.0,
      15.0,
      16.0,
      17.0,
      18.0,
      19.0,
      20.0,
      21.0,
      22.0,
      23.0,
      24.0,
      25.0,
      26.0,
      27.0,
      28.0,
      29.0,
      30.0,
      31.0,
      32.0
    ],
    "bin_start": [
      -0.5,
      0.5,
      1.5,
      2.5,
      3.5,
      4.5,
      5.5,
      6.5,
      7.5,
      8.5,
      9.5,
      10.5,
      11.5,
      12.5,
      13.5,
      14.5,
      15.5,
      16.5,
      17.5,
      18.5,
      19.5,
      20.5,
      21.5,
      22.5,
      23.5,
      24.5,
      25.5,
      26.5,
      27.5,
      28.5,
      29.5,
      30.5,
      31.5
    ],
    "bin_end": [
      0.5,
      1.5,
      2.5,
      3.5,
      4.5,
      5.5,
      6.5,
      7.5,
      8.5,
      9.5,
      10.5,
      11.5,
      12.5,
      13.5,
      14.5,
      15.5,
      16.5,
      17.5,
      18.5,
      19.5,
      20.5,
      21.5,
      22.5,
      23.5,
      24.5,
      25.5,
      26.5,
      27.5,
      28.5,
      29.5,
      30.5,
      31.5,
      32.5
    ],
    "winners_density": [
      0.08858858858858859,
      0.2087087087087087,
      0.2222222222222222,
      0.21021021021021022,
      0.1111111111111111,
      0.06006006006006006,
      0.036036036036036036,
      0.024024024024024024,
      0.012012012012012012,
      0.012012012012012012,
      0.0045045045045045045,
      0.003003003003003003,
      0.0075075075075075074,
      0.0,
      0.0,
      0.0,
      0.0,
      0.0,
      0.0,
      0.0,
      0.0,
      0.0,
      0.0,
      0.0,
      0.0,
      0.0,
      0.0,
      0.0,
      0.0,
      0.0,
      0.0,
      0.0,
      0.0
    ],
    "non_winners_density": [
      0.002574002574002574,
      0.006864006864006864,
      0.010939510939510939,
      0.015873015873015872,
      0.02059202059202059,
      0.03292578292578292,
      0.05051480051480051,
      0.06488631488631488,
      0.08354783354783354,
      0.10531960531960533,
      0.1093951093951094,
      0.1111111111111111,
      0.09673959673959674,
      0.08676533676533676,
      0.06992706992706993,
      0.052123552123552123,
      0.03314028314028314,
      0.020806520806520807,
      0.01211926211926212,
      0.007185757185757186,
      0.003968253968253968,
      0.0016087516087516086,
      0.0006435006435006435,
      0.00032175032175032174,
      0.0,
      0.0,
      0.00010725010725010725,
      0.0,
      0.0,
      0.0,
      0.0,
      0.0,
      0.0
    ],
    "winners_count": [
      59,
      139,
      148,
      140,
      74,
      40,
      24,
      16,
      8,
      8,
      3,
      2,
      5,
      0,
      0,
      0,
      0,
      0,
      0,
      0,
      0,
      0,
      0,
      0,
      0,
      0,
      0,
      0,
      0,
      0,
      0,
      0,
      0
    ],
    "non_winners_count": [
      24,
      64,
      102,
      148,
      192,
      307,
      471,
      605,
      779,
      982,
      1020,
      1036,
      902,
      809,
      652,
      486,
      309,
      194,
      113,
      67,
      37,
      15,
      6,
      3,
      0,
      0,
      1,
      0,
      0,
      0,
      0,
      0,
      0
    ],
    "winners_mean": 2.785285285285285,
    "non_winners_mean": 10.438867438867439
  },
  "Second Round": {
    "bin_center": [
      0.0,
      1.0,
      2.0,
      3.0,
      4.0,
      5.0,
      6.0,
      7.0,
      8.0,
      9.0,
      10.0,
      11.0,
      12.0,
      13.0,
      14.0,
      15.0,
      16.0
    ],
    "bin_start": [
      -0.5,
      0.5,
      1.5,
      2.5,
      3.5,
      4.5,
      5.5,
      6.5,
      7.5,
      8.5,
      9.5,
      10.5,
      11.5,
      12.5,
      13.5,
      14.5,
      15.5
    ],
    "bin_end": [
      0.5,
      1.5,
      2.5,
      3.5,
      4.5,
      5.5,
      6.5,
      7.5,
      8.5,
      9.5,
      10.5,
      11.5,
      12.5,
      13.5,
      14.5,
      15.5,
      16.5
    ],
    "winners_density": [
      0.16816816816816818,
      0.2672672672672673,
      0.27627627627627627,
      0.14264264264264265,
      0.06906906906906907,
      0.042042042042042045,
      0.016516516516516516,
      0.010510510510510511,
      0.0045045045045045045,
      0.003003003003003003,
      0.0,
      0.0,
      0.0,
      0.0,
      0.0,
      0.0,
      0.0
    ],
    "non_winners_density": [
      0.006435006435006435,
      0.01447876447876448,
      0.029601029601029602,
      0.04719004719004719,
      0.0782925782925783,
      0.10757185757185757,
      0.13845988845988846,
      0.14092664092664092,
      0.13524238524238524,
      0.10918060918060918,
      0.07732732732732733,
      0.055877305877305876,
      0.030566280566280565,
      0.018232518232518233,
      0.008043758043758044,
      0.0023595023595023596,
      0.0002145002145002145
    ],
    "winners_count": [
      112,
      178,
      184,
      95,
      46,
      28,
      11,
      7,
      3,
      2,
      0,
      0,
      0,
      0,
      0,
      0,
      0
    ],
    "non_winners_count": [
      60,
      135,
      276,
      440,
      730,
      1003,
      1291,
      1314,
      1261,
      1018,
      721,
      521,
      285,
      170,
      75,
      22,
      2
    ],
    "winners_mean": 1.96996996996997,
    "non_winners_mean": 7.091269841269841
  },
  "Sweet 16": {
    "bin_center": [
      0.0,
      1.0,
      2.0,
      3.0,
      4.0,
      5.0,
      6.0,
      7.0,
      8.0
    ],
    "bin_start": [
      -0.5,
      0.5,
      1.5,
      2.5,
      3.5,
      4.5,
      5.5,
      6.5,
      7.5
    ],
    "bin_end": [
      0.5,
      1.5,
      2.5,
      3.5,
      4.5,
      5.5,
      6.5,
      7.5,
      8.5
    ],
    "winners_density": [
      0.2702702702702703,
      0.3813813813813814,
      0.1921921921921922,
      0.0990990990990991,
      0.03453453453453453,
      0.018018018018018018,
      0.0045045045045045045,
      0.0,
      0.0
    ],
    "non_winners_density": [
      0.015873015873015872,
      0.04858429858429859,
      0.10285285285285285,
      0.17535392535392536,
      0.2087087087087087,
      0.19744744744744744,
      0.14114114114114115,
      0.08054483054483054,
      0.029493779493779494
    ],
    "winners_count": [
      180,
      254,
      128,
      66,
      23,
      12,
      3,
      0,
      0
    ],
    "non_winners_count": [
      148,
      453,
      959,
      1635,
      1946,
      1841,
      1316,
      751,
      275
    ],
    "winners_mean": 1.3183183183183182,
    "non_winners_mean": 4.249034749034749
  },
  "Elite 8": {
    "bin_center": [
      0.0,
      1.0,
      2.0,
      3.0,
      4.0
    ],
    "bin_start": [
      -0.5,
      0.5,
      1.5,
      2.5,
      3.5
    ],
    "bin_end": [
      0.5,
      1.5,
      2.5,
      3.5,
      4.5
    ],
    "winners_density": [
      0.4864864864864865,
      0.3663663663663664,
      0.11861861861861862,
      0.024024024024024024,
      0.0045045045045045045
    ],
    "non_winners_density": [
      0.06563706563706563,
      0.19648219648219648,
      0.29407979407979407,
      0.283998283998284,
      0.1598026598026598
    ],
    "winners_count": [
      324,
      244,
      79,
      16,
      3
    ],
    "non_winners_count": [
      612,
      1832,
      2742,
      2648,
      1490
    ],
    "winners_mean": 0.6936936936936937,
    "non_winners_mean": 2.275847275847276
  },