round,mean_madness,std_madness
First Round,15.329188478995949,1.5725692888652416
Second Round,6.710979704904004,1.3310970897085148
Sweet 16,3.7676313975465905,0.4514370770503749
Elite 8,1.6998460932685244,0.4353408192553276
Final Four,1.021666213039658,0.25792081297721897
Championship,0.6109790272392314,0.088123082235713
