round,mean_madness,std_madness
First Round,15.185197142667223,1.224642527923733
Second Round,6.662123704303965,1.0448467577660736
Sweet 16,3.8590128259162655,0.6768193394346769
Elite 8,1.7290825445143312,0.439337776258563
Final Four,1.134639498624982,0.23844347000808036
Championship,0.6138136548576387,0.13204416390889845
