round,mean_madness,std_madness
First Round,15.000331183614398,0.9169305852983288
Second Round,6.725130624198699,0.9198046769963227
Sweet 16,3.965776406765898,0.7641456868719998
Elite 8,1.7579922162720907,0.5255621631502042
Final Four,0.8002765493137423,0.3038766767348192
Championship,0.6195407987029206,0.12206049743267446
