round,mean_madness,std_madness
First Round,15.278148476034625,1.3199722373101281
Second Round,6.696358759663737,1.1235914979545891
Sweet 16,3.834295426127753,0.6480013087559159
Elite 8,1.764907939243308,0.5003584679702378
Final Four,0.8142588763528675,0.32009573196621355
Championship,0.6112226290308739,0.1307946927742627
