round,mean_madness,std_madness
First Round,13.847485525243822,1.0185203266364244
Second Round,7.080778939441174,0.6580458710410095
Sweet 16,3.743498169250555,0.7980720315902335
Elite 8,1.64253288830226,0.4415825696280641
Final Four,1.2149323044024452,0.17653017852046196
Championship,0.5739518255930788,0.12132924514580319
