round,mean_madness,std_madness,losers_mean_madness,losers_std_madness
First Round,15.046174602301193,1.072497937534486,19.532102688952573,4.030513950240803
Second Round,6.797631222419649,0.9392426561862958,9.61910969407046,2.2087227884050225
Sweet 16,3.906088151845912,0.6691972368579053,4.780267305361633,1.3000167180009845
Elite 8,1.726691900076726,0.4685413923488353,2.4239079602427225,0.9174237390857186
Final Four,1.1245403985213225,0.20573068577723216,1.2748042282063274,0.5543392398200867
Championship,0.6278123794995756,0.14492402542212748,0.6456110626178636,0.36734694597643985
