round,max_advantage_upsets,max_advantage,max_density_upsets,mode_upsets,mean_upsets,std_upsets,losers_mean_upsets,losers_std_upsets,num_pools
First Round,2.0,0.2943722943722944,2.0,2.0,2.3484848484848486,1.7099745190589941,10.541125541125542,3.854417439522118,66
Second Round,1.0,0.27380952380952384,1.0,1.0,1.8333333333333333,1.2742595393943001,7.16991341991342,2.90214199015693,66
Sweet 16,1.0,0.37987012987012986,1.0,1.0,1.3636363636363635,0.9315409787235999,4.2564935064935066,1.7929066097902857,66
Elite 8,0.0,0.36688311688311687,0.0,0.0,0.7424242424242424,0.7845208161211891,2.2662337662337664,1.1735295180646,66
Final Four,,,,0.0,0.12121212121212122,0.32887460856458367,0.9426406926406926,0.7616057006040552,66
Championship,,,,0.0,0.015151515151515152,0.12309149097933272,0.37445887445887444,0.48398287758749003,66
Total Upsets,5.0,0.17857142857142858,5.0,5.0,6.424242424242424,3.1433460557308948,25.5508658008658,9.133723328839748,66
