round,max_advantage_upsets,max_advantage,max_density_upsets,mode_upsets,mean_upsets,std_upsets,losers_mean_upsets,losers_std_upsets,num_pools
First Round,2.0,0.21128271128271128,2.0,2.0,2.785285285285285,2.1498990114545258,10.438867438867439,3.6785835719314113,666
Second Round,1.0,0.2527885027885028,2.0,2.0,1.96996996996997,1.6039550401647698,7.091269841269841,2.7823856339613635,666
Sweet 16,1.0,0.3327970827970828,1.0,1.0,1.3183183183183182,1.2121237638102673,4.249034749034749,1.7817940202451676,666
Elite 8,0.0,0.4208494208494209,0.0,0.0,0.6936936936936937,0.8049336546938071,2.275847275847276,1.1428681737834068,666
Final Four,,,,0.0,0.12912912912912913,0.35729748961131635,0.9178464178464179,0.7582713041279594,666
Championship,,,,0.0,0.028528528528528527,0.16660230417472546,0.36325611325611323,0.4809377396692582,666
Total Upsets,4.0,0.1214071214071214,4.0,4.0,6.924924924924925,4.816489171305867,25.336121836121837,8.710823273531732,666
