round,max_advantage_upsets,max_advantage,max_density_upsets,mode_upsets,mean_upsets,std_upsets,num_pools
First Round,1.0,0.20838695838695837,2.0,2.0,2.720720720720721,2.078075908277088,666
Second Round,1.0,0.27445302445302444,1.0,1.0,1.894894894894895,1.524889915114262,666
Sweet 16,1.0,0.33933933933933935,1.0,1.0,1.2837837837837838,1.117271494709405,666
Elite 8,0.0,0.41763191763191765,0.0,0.0,0.6936936936936937,0.7783804637943369,666
Final Four,,,,0.0,0.12312312312312312,0.337847907908353,666
Championship,,,,0.0,0.01951951951951952,0.138445973536034,666
Total Upsets,5.0,0.12172887172887173,5.0,5.0,6.7357357357357355,4.38525537442612,666
