round,max_advantage_upsets,max_advantage,max_density_upsets,mode_upsets,mean_upsets,std_upsets,num_pools
First Round,3.0,0.23593073593073594,3.0,3.0,2.9393939393939394,2.1872827191052835,66
Second Round,2.0,0.23917748917748916,2.0,2.0,1.9393939393939394,1.8899958944863848,66
Sweet 16,0.0,0.3170995670995671,0.0,0.0,1.2575757575757576,1.2710125534106482,66
Elite 8,0.0,0.4729437229437229,0.0,0.0,0.6060606060606061,0.8142441722754185,66
Final Four,,,,0.0,0.10606060606060606,0.35642618736510795,66
Championship,,,,0.0,0.015151515151515152,0.12309149097933272,66
Total Upsets,7.0,0.1461038961038961,7.0,7.0,6.863636363636363,5.3225830014347855,66
