round,max_advantage_upsets,max_advantage,max_density_upsets,mode_upsets,mean_upsets,std_upsets,num_pools
First Round,1.0,0.26515151515151514,1.0,1.0,2.6818181818181817,2.303877435904398,66
Second Round,2.0,0.3170995670995671,2.0,2.0,1.9242424242424243,1.5306030308999732,66
Sweet 16,1.0,0.36038961038961037,1.0,1.0,1.4090909090909092,1.1412018216757907,66
Elite 8,0.0,0.3712121212121212,0.0,0.0,0.7424242424242424,0.8222402152251598,66
Final Four,,,,0.0,0.13636363636363635,0.387749468535613,66
Championship,,,,0.0,0.030303030303030304,0.1727334068350122,66
Total Upsets,6.0,0.17857142857142858,6.0,6.0,6.924242424242424,4.83770107580101,66
