{
  "First Round": {
    "bin_center": [
      0.0,
      1.0,
      2.0,
      3.0,
      4.0,
      5.0,
      6.0,
      7.0,
      8.0,
      9.0,
      10.0,
      11.0,
      12.0,
      13.0,
      14.0,
      15.0,
      16.0,
      17.0,
      18.0,
      19.0,
      20.0,
      21.0,
      22.0,
      23.0,
      24.0,
      25.0,
      26.0,
      27.0,
      28.0,
      29.0,
      30.0,
      31.0,
      32.0
    ],
    "bin_start": [
      -0.5,
      0.5,
      1.5,
      2.5,
      3.5,
      4.5,
      5.5,
      6.5,
      7.5,
      8.5,
      9.5,
      10.5,
      11.5,
      12.5,
      13.5,
      14.5,
      15.5,
      16.5,
      17.5,
      18.5,
      19.5,
      20.5,
      21.5,
      22.5,
      23.5,
      24.5,
      25.5,
      26.5,
      27.5,
      28.5,
      29.5,
      30.5,
      31.5
    ],
    "bin_end": [
      0.5,
      1.5,
      2.5,
      3.5,
      4.5,
      5.5,
      6.5,
      7.5,
      8.5,
      9.5,
      10.5,
      11.5,
      12.5,
      13.5,
      14.5,
      15.5,
      16.5,
      17.5,
      18.5,
      19.5,
      20.5,
      21.5,
      22.5,
      23.5,
      24.5,
      25.5,
      26.5,
      27.5,
      28.5,
      29.5,
      30.5,
      31.5,
      32.5
    ],
    "winners_density": [
      0.0,
      0.0,
      0.0,
      0.1,
      0.1,
      0.3,
      0.25,
      0.05,
      0.05,
      0.15,
      0.0,
      0.0,
      0.0,
      0.0,
      0.0,
      0.0,
      0.0,
      0.0,
      0.0,
      0.0,
      0.0,
      0.0,
      0.0,
      0.0,
      0.0,
      0.0,
      0.0,
      0.0,
      0.0,
      0.0,
      0.0,
      0.0,
      0.0
    ],
    "non_winners_density": [
      0.006122448979591836,
      0.011224489795918367,
      0.02959183673469388,
      0.0326530612244898,
      0.04897959183673469,
      0.07551020408163266,
      0.09183673469387756,
      0.10918367346938776,
      0.07857142857142857,
      0.10306122448979592,
      0.09897959183673469,
      0.09285714285714286,
      0.07653061224489796,
      0.05204081632653061,
      0.03469387755102041,
      0.022448979591836733,
      0.014285714285714285,
      0.007142857142857143,
      0.009183673469387756,
      0.0020408163265306124,
      0.0010204081632653062,
      0.0020408163265306124,
      0.0,
      0.0,
      0.0,
      0.0,
      0.0,
      0.0,
      0.0,
      0.0,
      0.0,
      0.0,
      0.0
    ],
    "winners_count": [
      0,
      0,
      0,
      2,
      2,
      6,
      5,
      1,
      1,
      3,
      0,
      0,
      0,
      0,
      0,
      0,
      0,
      0,
      0,
      0,
      0,
      0,
      0,
      0,
      0,
      0,
      0,
      0,
      0,
      0,
      0,
      0,
      0
    ],
    "non_winners_count": [
      6,
      11,
      29,
      32,
      48,
      74,
      90,
      107,
      77,
      101,
      97,
      91,
      75,
      51,
      34,
      22,
      14,
      7,
      9,
      2,
      1,
      2,
      0,
      0,
      0,
      0,
      0,
      0,
      0,
      0,
      0,
      0,
      0
    ],
    "winners_mean": 5.8,
    "non_winners_mean": 8.659183673469387
  },
  "Second Round": {
    "bin_center": [
      0.0,
      1.0,
      2.0,
      3.0,
      4.0,
      5.0,
      6.0,
      7.0,
      8.0,
      9.0,
      10.0,
      11.0,
      12.0,
      13.0,
      14.0,
      15.0,
      16.0
    ],
    "bin_start": [
      -0.5,
      0.5,
      1.5,
      2.5,
      3.5,
      4.5,
      5.5,
      6.5,
      7.5,
      8.5,
      9.5,
      10.5,
      11.5,
      12.5,
      13.5,
      14.5,
      15.5
    ],
    "bin_end": [
      0.5,
      1.5,
      2.5,
      3.5,
      4.5,
      5.5,
      6.5,
      7.5,
      8.5,
      9.5,
      10.5,
      11.5,
      12.5,
      13.5,
      14.5,
      15.5,
      16.5
    ],
    "winners_density": [
      0.0,
      0.1,
      0.1,
      0.1,
      0.15,
      0.15,
      0.3,
      0.1,
      0.0,
      0.0,
      0.0,
      0.0,
      0.0,
      0.0,
      0.0,
      0.0,
      0.0
    ],
    "non_winners_density": [
      0.00510204081632653,
      0.02040816326530612,
      0.04285714285714286,
      0.06020408163265306,
      0.09387755102040816,
      0.1326530612244898,
      0.14285714285714285,
      0.15510204081632653,
      0.11224489795918367,
      0.09795918367346938,
      0.0663265306122449,
      0.03163265306122449,
      0.025510204081632654,
      0.00816326530612245,
      0.004081632653061225,
      0.0,
      0.0010204081632653062
    ],
    "winners_count": [
      0,
      2,
      2,
      2,
      3,
      3,
      6,
      2,
      0,
      0,
      0,
      0,
      0,
      0,
      0,
      0,
      0
    ],
    "non_winners_count": [
      5,
      20,
      42,
      59,
      92,
      130,
      140,
      152,
      110,
      96,
      65,
      31,
      25,
      8,
      4,
      0,
      1
    ],
    "winners_mean": 4.45,
    "non_winners_mean": 6.544897959183674
  },
  "Sweet 16": {
    "bin_center": [
      0.0,
      1.0,
      2.0,
      3.0,
      4.0,
      5.0,
      6.0,
      7.0,
      8.0
    ],
    "bin_start": [
      -0.5,
      0.5,
      1.5,
      2.5,
      3.5,
      4.5,
      5.5,
      6.5,
      7.5
    ],
    "bin_end": [
      0.5,
      1.5,
      2.5,
      3.5,
      4.5,
      5.5,
      6.5,
      7.5,
      8.5
    ],
    "winners_density": [
      0.0,
      0.15,
      0.3,
      0.1,
      0.15,
      0.2,
      0.1,
      0.0,
      0.0
    ],
    "non_winners_density": [
      0.006122448979591836,
      0.04387755102040816,
      0.07755102040816327,
      0.19489795918367347,
      0.20918367346938777,
      0.21326530612244898,
      0.16224489795918368,
      0.07142857142857142,
      0.02142857142857143
    ],
    "winners_count": [
      0,
      3,
      6,
      2,
      3,
      4,
      2,
      0,
      0
    ],
    "non_winners_count": [
      6,
      43,
      76,
      191,
      205,
      209,
      159,
      70,
      21
    ],
    "winners_mean": 3.25,
    "non_winners_mean": 4.331632653061225
  },
  "Elite 8": {
    "bin_center": [
      0.0,
      1.0,
      2.0,
      3.0,
      4.0
    ],
    "bin_start": [
      -0.5,
      0.5,
      1.5,
      2.5,
      3.5
    ],
    "bin_end": [
      0.5,
      1.5,
      2.5,
      3.5,
      4.5
    ],
    "winners_density": [
      0.1,
      0.35,
      0.4,
      0.1,
      0.05
    ],
    "non_winners_density": [
      0.04693877551020408,
      0.1663265306122449,
      0.27653061224489794,
      0.34183673469387754,
      0.1683673469387755
    ],
    "winners_count": [
      2,
      7,
      8,
      2,
      1
    ],
    "non_winners_count": [
      46,
      163,
      271,
      335,
      165
    ],
    "winners_mean": 1.65,
    "non_winners_mean": 2.4183673469387754
  },
  "Total Upsets": {
    "bin_center": [
      1.0,
      2.0,
      3.0,
      4.0,
      5.0,
      6.0,
      7.0,
      8.0,
      9.0,
      10.0,
      11.0,
      12.0,
      13.0,
      14.0,
      15.0,
      16.0,
      17.0,
      18.0,
      19.0,
      20.0,
      21.0,
      22.0,
      23.0,
      24.0,
      25.0,
      26.0,
      27.0,
      28.0,
      29.0,
      30.0,
      31.0,
      32.0,
      33.0,
      34.0,
      35.0,
      36.0,
      37.0,
      38.0,
      39.0,
      40.0,
      41.0,
      42.0,
      43.0,
      44.0,
      45.0,
      46.0,
      47.0,
      48.0,
      49.0,
      50.0,
      51.0,
      52.0
    ],