{
  "First Round": {
    "bin_center": [
      0.0,
      1.0,
      2.0,
      3.0,
      4.0,
      5.0,
      6.0,
      7.0,
      8.0,
      9.0,
      10.0,
      11.0,
      12.0,
      13.0,
      14.0,
      15.0,
      16.0,
      17.0,
      18.0,
      19.0,
      20.0,
      21.0,
      22.0,
      23.0,
      24.0,
      25.0,
      26.0,
      27.0,
      28.0,
      29.0,
      30.0,
      31.0,
      32.0
    ],
    "bin_start": [
      -0.5,
      0.5,
      1.5,
      2.5,
      3.5,
      4.5,
      5.5,
      6.5,
      7.5,
      8.5,
      9.5,
      10.5,
      11.5,
      12.5,
      13.5,
      14.5,
      15.5,
      16.5,
      17.5,
      18.5,
      19.5,
      20.5,
      21.5,
      22.5,
      23.5,
      24.5,
      25.5,
      26.5,
      27.5,
      28.5,
      29.5,
      30.5,
      31.5
    ],
    "bin_end": [
      0.5,
      1.5,
      2.5,
      3.5,
      4.5,
      5.5,
      6.5,
      7.5,
      8.5,
      9.5,
      10.5,
      11.5,
      12.5,
      13.5,
      14.5,
      15.5,
      16.5,
      17.5,
      18.5,
      19.5,
      20.5,
      21.5,
      22.5,
      23.5,
      24.5,
      25.5,
      26.5,
      27.5,
      28.5,
      29.5,
      30.5,
      31.5,
      32.5
    ],
    "winners_density": [
      0.015,
      0.04,
      0.04,
      0.04,
      0.06,
      0.115,
      0.135,
      0.135,
      0.135,
      0.08,
      0.12,
      0.055,
      0.01,
      0.01,
      0.01,
      0.0,
      0.0,
      0.0,
      0.0,
      0.0,
      0.0,
      0.0,
      0.0,
      0.0,
      0.0,
      0.0,
      0.0,
      0.0,
      0.0,
      0.0,
      0.0,
      0.0,
      0.0
    ],
    "non_winners_density": [
      0.005816326530612245,
      0.013469387755102041,
      0.02326530612244898,
      0.03326530612244898,
      0.04806122448979592,
      0.07204081632653062,
      0.0886734693877551,
      0.11193877551020408,
      0.11173469387755101,
      0.11428571428571428,
      0.09795918367346938,
      0.08193877551020408,
      0.061632653061224486,
      0.052653061224489796,
      0.031224489795918367,
      0.02122448979591837,
      0.013571428571428571,
      0.007346938775510204,
      0.00510204081632653,
      0.0024489795918367346,
      0.001530612244897959,
      0.0006122448979591836,
      0.00010204081632653062,
      0.00010204081632653062,
      0.0,
      0.0,
      0.0,
      0.0,
      0.0,
      0.0,
      0.0,
      0.0,
      0.0
    ],
    "winners_count": [
      3,
      8,
      8,
      8,
      12,
      23,
      27,
      27,
      27,
      16,
      24,
      11,
      2,
      2,
      2,
      0,
      0,
      0,
      0,
      0,
      0,
      0,
      0,
      0,
      0,
      0,
      0,
      0,
      0,
      0,
      0,
      0,
      0
    ],
    "non_winners_count": [
      57,
      132,
      228,
      326,
      471,
      706,
      869,
      1097,
      1095,
      1120,
      960,
      803,
      604,
      516,
      306,
      208,
      133,
      72,
      50,
      24,
      15,
      6,
      1,
      1,
      0,
      0,
      0,
      0,
      0,
      0,
      0,
      0,
      0
    ],
    "winners_mean": 6.805,
    "non_winners_mean": 8.539285714285715
  },
  "Second Round": {
    "bin_center": [
      0.0,
      1.0,
      2.0,
      3.0,
      4.0,
      5.0,
      6.0,
      7.0,
      8.0,
      9.0,
      10.0,
      11.0,
      12.0,
      13.0,
      14.0,
      15.0,
      16.0
    ],
    "bin_start": [
      -0.5,
      0.5,
      1.5,
      2.5,
      3.5,
      4.5,
      5.5,
      6.5,
      7.5,
      8.5,
      9.5,
      10.5,
      11.5,
      12.5,
      13.5,
      14.5,
      15.5
    ],
    "bin_end": [
      0.5,
      1.5,
      2.5,
      3.5,
      4.5,
      5.5,
      6.5,
      7.5,
      8.5,
      9.5,
      10.5,
      11.5,
      12.5,
      13.5,
      14.5,
      15.5,
      16.5
    ],
    "winners_density": [
      0.025,
      0.04,
      0.06,
      0.09,
      0.13,
      0.19,
      0.185,
      0.165,
      0.06,
      0.04,
      0.01,
      0.005,
      0.0,
      0.0,
      0.0,
      0.0,
      0.0
    ],
    "non_winners_density": [
      0.00836734693877551,
      0.0186734693877551,
      0.036734693877551024,
      0.062040816326530614,
      0.09081632653061225,
      0.1296938775510204,
      0.1492857142857143,
      0.14489795918367346,
      0.12479591836734694,
      0.0933673469387755,
      0.06459183673469387,
      0.04051020408163265,
      0.02173469387755102,
      0.01,
      0.003979591836734694,
      0.0005102040816326531,
      0.0
    ],
    "winners_count": [
      5,
      8,
      12,
      18,
      26,
      38,
      37,
      33,
      12,
      8,
      2,
      1,
      0,
      0,
      0,
      0,
      0
    ],
    "non_winners_count": [
      82,
      183,
      360,
      608,
      890,
      1271,
      1463,
      1420,
      1223,
      915,
      633,
      397,
      213,
      98,
      39,
      5,
      0
    ],
    "winners_mean": 5.16,
    "non_winners_mean": 6.584387755102041
  },
  "Sweet 16": {
    "bin_center": [
      0.0,
      1.0,
      2.0,
      3.0,
      4.0,
      5.0,
      6.0,
      7.0,
      8.0
    ],
    "bin_start": [
      -0.5,
      0.5,
      1.5,
      2.5,
      3.5,
      4.5,
      5.5,
      6.5,
      7.5
    ],
    "bin_end": [
      0.5,
      1.5,
      2.5,
      3.5,
      4.5,
      5.5,
      6.5,
      7.5,
      8.5
    ],
    "winners_density": [
      0.02,
      0.09,
      0.12,
      0.225,
      0.28,
      0.145,
      0.095,
      0.015,
      0.01
    ],
    "non_winners_density": [
      0.014081632653061225,
      0.038979591836734696,
      0.08683673469387755,
      0.16244897959183674,
      0.21642857142857144,
      0.21724489795918367,
      0.15908163265306122,
      0.08244897959183674,
      0.022448979591836733
    ],
    "winners_count": [
      4,
      18,
      24,
      45,
      56,
      29,
      19,
      3,
      2
    ],
    "non_winners_count": [
      138,
      382,
      851,
      1592,
      2121,
      2129,
      1559,
      808,
      220
    ],
    "winners_mean": 3.605,
    "non_winners_mean": 4.363163265306122
  },
  "Elite 8": {
    "bin_center": [
      0.0,
      1.0,
      2.0,
      3.0,
      4.0
    ],
    "bin_start": [
      -0.5,
      0.5,
      1.5,
      2.5,
      3.5
    ],
    "bin_end": [
      0.5,
      1.5,
      2.5,
      3.5,
      4.5
    ],
    "winners_density": [
      0.075,
      0.2,
      0.355,
      0.235,
      0.135
    ],
    "non_winners_density": [
      0.049489795918367344,
      0.15806122448979593,
      0.2946938775510204,
      0.3243877551020408,
      0.1733673469387755
    ],
    "winners_count": [
      15,
      40,
      71,
      47,
      27
    ],
    "non_winners_count": [
      485,
      1549,
      2888,
      3179,
      1699
    ],
    "winners_mean": 2.155,
    "non_winners_mean": 2.4140816326530614
  },
  "Total Upsets": {
    "bin_center": [
      0.0,
      1.0,
      2.0,
      3.0,
      4.0,
      5.0,
      6.0,
      7.0,
      8.0,
      9.0,
      10.0,
      11.0,
      12.0,
      13.0,
      14.0,
      15.0,
      16.0,
      17.0,
      18.0,
      19.0,
      20.0,
      21.0,
      22.0,
      23.0,
      24.0,
      25.0,
      26.0,
      27.0,
      28.0,
      29.0,
      30.0,
      31.0,
      32.0,
      33.0,
      34.0,
      35.0,
      36.0,
      37.0,
      38.0,
      39.0,
      40.0,
      41.0,
      42.0,
      43.0,
      44.0,
      45.0,
      46.0,
      47.0,
      48.0,
      49.0,
      50.0,
      51.0
    ],