{
  "First Round": {
    "bin_center": [
      0.0,
      1.0,
      2.0,
      3.0,
      4.0,
      5.0,
      6.0,
      7.0,
      8.0,
      9.0,
      10.0,
      11.0,
      12.0,
      13.0,
      14.0,
      15.0,
      16.0,
      17.0,
      18.0,
      19.0,
      20.0,
      21.0,
      22.0,
      23.0,
      24.0,
      25.0,
      26.0,
      27.0,
      28.0,
      29.0,
      30.0,
      31.0,
      32.0
    ],
    "bin_start": [
      -0.5,
      0.5,
      1.5,
      2.5,
      3.5,
      4.5,
      5.5,
      6.5,
      7.5,
      8.5,
      9.5,
      10.5,
      11.5,
      12.5,
      13.5,
      14.5,
      15.5,
      16.5,
      17.5,
      18.5,
      19.5,
      20.5,
      21.5,
      22.5,
      23.5,
      24.5,
      25.5,
      26.5,
      27.5,
      28.5,
      29.5,
      30.5,
      31.5
    ],
    "bin_end": [
      0.5,
      1.5,
      2.5,
      3.5,
      4.5,
      5.5,
      6.5,
      7.5,
      8.5,
      9.5,
      10.5,
      11.5,
      12.5,
      13.5,
      14.5,
      15.5,
      16.5,
      17.5,
      18.5,
      19.5,
      20.5,
      21.5,
      22.5,
      23.5,
      24.5,
      25.5,
      26.5,
      27.5,
      28.5,
      29.5,
      30.5,
      31.5,
      32.5
    ],
    "winners_density": [
      0.005,
      0.03,
      0.03,
      0.075,
      0.12,
      0.105,
      0.14,
      0.16,
      0.125,
      0.07,
      0.055,
      0.055,
      0.02,
      0.005,
      0.005,
      0.0,
      0.0,
      0.0,
      0.0,
      0.0,
      0.0,
      0.0,
      0.0,
      0.0,
      0.0,
      0.0,
      0.0,
      0.0,
      0.0,
      0.0,
      0.0,
      0.0,
      0.0
    ],
    "non_winners_density": [
      0.007551020408163266,
      0.012755102040816327,
      0.020714285714285713,
      0.03510204081632653,
      0.05040816326530612,
      0.06928571428571428,
      0.08857142857142856,
      0.10663265306122449,
      0.1116326530612245,
      0.11306122448979591,
      0.09928571428571428,
      0.08948979591836735,
      0.06306122448979593,
      0.0463265306122449,
      0.03214285714285714,
      0.023061224489795917,
      0.013571428571428571,
      0.009183673469387756,
      0.004387755102040816,
      0.002346938775510204,
      0.0011224489795918367,
      0.0003061224489795918,
      0.0,
      0.0,
      0.0,
      0.0,
      0.0,
      0.0,
      0.0,
      0.0,
      0.0,
      0.0,
      0.0
    ],
    "winners_count": [
      1,
      6,
      6,
      15,
      24,
      21,
      28,
      32,
      25,
      14,
      11,
      11,
      4,
      1,
      1,
      0,
      0,
      0,
      0,
      0,
      0,
      0,
      0,
      0,
      0,
      0,
      0,
      0,
      0,
      0,
      0,
      0,
      0
    ],
    "non_winners_count": [
      74,
      125,
      203,
      344,
      494,
      679,
      868,
      1045,
      1094,
      1108,
      973,
      877,
      618,
      454,
      315,
      226,
      133,
      90,
      43,
      23,
      11,
      3,
      0,
      0,
      0,
      0,
      0,
      0,
      0,
      0,
      0,
      0,
      0
    ],
    "winners_mean": 6.44,
    "non_winners_mean": 8.553877551020408
  },
  "Second Round": {
    "bin_center": [
      0.0,
      1.0,
      2.0,
      3.0,
      4.0,
      5.0,
      6.0,
      7.0,
      8.0,
      9.0,
      10.0,
      11.0,
      12.0,
      13.0,
      14.0,
      15.0,
      16.0
    ],
    "bin_start": [
      -0.5,
      0.5,
      1.5,
      2.5,
      3.5,
      4.5,
      5.5,
      6.5,
      7.5,
      8.5,
      9.5,
      10.5,
      11.5,
      12.5,
      13.5,
      14.5,
      15.5
    ],
    "bin_end": [
      0.5,
      1.5,
      2.5,
      3.5,
      4.5,
      5.5,
      6.5,
      7.5,
      8.5,
      9.5,
      10.5,
      11.5,
      12.5,
      13.5,
      14.5,
      15.5,
      16.5
    ],
    "winners_density": [
      0.0,
      0.03,
      0.085,
      0.12,
      0.165,
      0.185,
      0.195,
      0.085,
      0.07,
      0.03,
      0.015,
      0.02,
      0.0,
      0.0,
      0.0,
      0.0,
      0.0
    ],
    "non_winners_density": [
      0.009081632653061224,
      0.01989795918367347,
      0.037959183673469385,
      0.06051020408163265,
      0.09377551020408163,
      0.12989795918367347,
      0.15193877551020407,
      0.1336734693877551,
      0.1279591836734694,
      0.09571428571428571,
      0.0639795918367347,
      0.03938775510204082,
      0.020918367346938777,
      0.010510204081632652,
      0.0033673469387755102,
      0.0012244897959183673,
      0.00020408163265306123
    ],
    "winners_count": [
      0,
      6,
      17,
      24,
      33,
      37,
      39,
      17,
      14,
      6,
      3,
      4,
      0,
      0,
      0,
      0,
      0
    ],
    "non_winners_count": [
      89,
      195,
      372,
      593,
      919,
      1273,
      1489,
      1310,
      1254,
      938,
      627,
      386,
      205,
      103,
      33,
      12,
      2
    ],
    "winners_mean": 5.11,
    "non_winners_mean": 6.563877551020409
  },
  "Sweet 16": {
    "bin_center": [
      0.0,
      1.0,
      2.0,
      3.0,
      4.0,
      5.0,
      6.0,
      7.0,
      8.0
    ],
    "bin_start": [
      -0.5,
      0.5,
      1.5,
      2.5,
      3.5,
      4.5,
      5.5,
      6.5,
      7.5
    ],
    "bin_end": [
      0.5,
      1.5,
      2.5,
      3.5,
      4.5,
      5.5,
      6.5,
      7.5,
      8.5
    ],
    "winners_density": [
      0.025,
      0.08,
      0.165,
      0.215,
      0.235,
      0.185,
      0.06,
      0.035,
      0.0
    ],
    "non_winners_density": [
      0.014591836734693877,
      0.039285714285714285,
      0.08887755102040816,
      0.1553061224489796,
      0.21428571428571427,
      0.21979591836734694,
      0.15877551020408162,
      0.0836734693877551,
      0.025408163265306122
    ],
    "winners_count": [
      5,
      16,
      33,
      43,
      47,
      37,
      12,
      7,
      0
    ],
    "non_winners_count": [
      143,
      385,
      871,
      1522,
      2100,
      2154,
      1556,
      820,
      249
    ],
    "winners_mean": 3.525,
    "non_winners_mean": 4.380714285714285
  },
  "Elite 8": {
    "bin_center": [
      0.0,
      1.0,
      2.0,
      3.0,
      4.0
    ],
    "bin_start": [
      -0.5,
      0.5,
      1.5,
      2.5,
      3.5
    ],
    "bin_end": [
      0.5,
      1.5,
      2.5,
      3.5,
      4.5
    ],
    "winners_density": [
      0.07,
      0.245,
      0.335,
      0.25,
      0.1
    ],
    "non_winners_density": [
      0.05163265306122449,
      0.16020408163265307,
      0.2886734693877551,
      0.3177551020408163,
      0.181734693877551
    ],
    "winners_count": [
      14,
      49,
      67,
      50,
      20
    ],
    "non_winners_count": [
      506,
      1570,
      2829,
      3114,
      1781
    ],
    "winners_mean": 2.065,
    "non_winners_mean": 2.4177551020408163
  },
  "Total Upsets": {
    "bin_center": [
      0.0,
      1.0,
      2.0,
      3.0,
      4.0,
      5.0,
      6.0,
      7.0,
      8.0,
      9.0,
      10.0,
      11.0,
      12.0,
      13.0,
      14.0,
      15.0,
      16.0,
      17.0,
      18.0,
      19.0,
      20.0,
      21.0,
      22.0,
      23.0,
      24.0,
      25.0,
      26.0,
      27.0,
      28.0,
      29.0,
      30.0,
      31.0,
      32.0,
      33.0,
      34.0,
      35.0,
      36.0,
      37.0,
      38.0,
      39.0,
      40.0,
      41.0,
      42.0,
      43.0,
      44.0,
      45.0,
      46.0,
      47.0,
      48.0,
      49.0,
      50.0,
      51.0
    ],