{
  "First Round": {
    "bin_center": [
      0.0,
      1.0,
      2.0,
      3.0,
      4.0,
      5.0,
      6.0,
      7.0,
      8.0,
      9.0,
      10.0,
      11.0,
      12.0,
      13.0,
      14.0,
      15.0,
      16.0,
      17.0,
      18.0,
      19.0,
      20.0,
      21.0,
      22.0,
      23.0,
      24.0,
      25.0,
      26.0,
      27.0,
      28.0,
      29.0,
      30.0,
      31.0,
      32.0
    ],
    "bin_start": [
      -0.5,
      0.5,
      1.5,
      2.5,
      3.5,
      4.5,
      5.5,
      6.5,
      7.5,
      8.5,
      9.5,
      10.5,
      11.5,
      12.5,
      13.5,
      14.5,
      15.5,
      16.5,
      17.5,
      18.5,
      19.5,
      20.5,
      21.5,
      22.5,
      23.5,
      24.5,
      25.5,
      26.5,
      27.5,
      28.5,
      29.5,
      30.5,
      31.5
    ],
    "bin_end": [
      0.5,
      1.5,
      2.5,
      3.5,
      4.5,
      5.5,
      6.5,
      7.5,
      8.5,
      9.5,
      10.5,
      11.5,
      12.5,
      13.5,
      14.5,
      15.5,
      16.5,
      17.5,
      18.5,
      19.5,
      20.5,
      21.5,
      22.5,
      23.5,
      24.5,
      25.5,
      26.5,
      27.5,
      28.5,
      29.5,
      30.5,
      31.5,
      32.5
    ],
    "winners_density": [
      0.0,
      0.05,
      0.1,
      0.0,
      0.0,
      0.1,
      0.05,
      0.2,
      0.15,
      0.2,
      0.1,
      0.05,
      0.0,
      0.0,
      0.0,
      0.0,
      0.0,
      0.0,
      0.0,
      0.0,
      0.0,
      0.0,
      0.0,
      0.0,
      0.0,
      0.0,
      0.0,
      0.0,
      0.0,
      0.0,
      0.0,
      0.0,
      0.0
    ],
    "non_winners_density": [
      0.00510204081632653,
      0.013265306122448979,
      0.024489795918367346,
      0.026530612244897958,
      0.04897959183673469,
      0.0826530612244898,
      0.10204081632653061,
      0.10306122448979592,
      0.11530612244897959,
      0.12142857142857143,
      0.09183673469387756,
      0.07448979591836735,
      0.06836734693877551,
      0.03877551020408163,
      0.03469387755102041,
      0.02142857142857143,
      0.014285714285714285,
      0.00510204081632653,
      0.00510204081632653,
      0.0010204081632653062,
      0.0010204081632653062,
      0.0010204081632653062,
      0.0,
      0.0,
      0.0,
      0.0,
      0.0,
      0.0,
      0.0,
      0.0,
      0.0,
      0.0,
      0.0
    ],
    "winners_count": [
      0,
      1,
      2,
      0,
      0,
      2,
      1,
      4,
      3,
      4,
      2,
      1,
      0,
      0,
      0,
      0,
      0,
      0,
      0,
      0,
      0,
      0,
      0,
      0,
      0,
      0,
      0,
      0,
      0,
      0,
      0,
      0,
      0
    ],
    "non_winners_count": [
      5,
      13,
      24,
      26,
      48,
      81,
      100,
      101,
      113,
      119,
      90,
      73,
      67,
      38,
      34,
      21,
      14,
      5,
      5,
      1,
      1,
      1,
      0,
      0,
      0,
      0,
      0,
      0,
      0,
      0,
      0,
      0,
      0
    ],
    "winners_mean": 7.0,
    "non_winners_mean": 8.437755102040816
  },
  "Second Round": {
    "bin_center": [
      0.0,
      1.0,
      2.0,
      3.0,
      4.0,
      5.0,
      6.0,
      7.0,
      8.0,
      9.0,
      10.0,
      11.0,
      12.0,
      13.0,
      14.0,
      15.0,
      16.0
    ],
    "bin_start": [
      -0.5,
      0.5,
      1.5,
      2.5,
      3.5,
      4.5,
      5.5,
      6.5,
      7.5,
      8.5,
      9.5,
      10.5,
      11.5,
      12.5,
      13.5,
      14.5,
      15.5
    ],
    "bin_end": [
      0.5,
      1.5,
      2.5,
      3.5,
      4.5,
      5.5,
      6.5,
      7.5,
      8.5,
      9.5,
      10.5,
      11.5,
      12.5,
      13.5,
      14.5,
      15.5,
      16.5
    ],
    "winners_density": [
      0.05,
      0.0,
      0.05,
      0.1,
      0.05,
      0.35,
      0.2,
      0.15,
      0.05,
      0.0,
      0.0,
      0.0,
      0.0,
      0.0,
      0.0,
      0.0,
      0.0
    ],
    "non_winners_density": [
      0.014285714285714285,
      0.013265306122448979,
      0.04285714285714286,
      0.06428571428571428,
      0.08469387755102041,
      0.13163265306122449,
      0.14591836734693878,
      0.14591836734693878,
      0.11224489795918367,
      0.11122448979591837,
      0.061224489795918366,
      0.036734693877551024,
      0.019387755102040816,
      0.01020408163265306,
      0.004081632653061225,
      0.0020408163265306124,
      0.0
    ],
    "winners_count": [
      1,
      0,
      1,
      2,
      1,
      7,
      4,
      3,
      1,
      0,
      0,
      0,
      0,
      0,
      0,
      0,
      0
    ],
    "non_winners_count": [
      14,
      13,
      42,
      63,
      83,
      129,
      143,
      143,
      110,
      109,
      60,
      36,
      19,
      10,
      4,
      2,
      0
    ],
    "winners_mean": 5.0,
    "non_winners_mean": 6.5540816326530615
  },
  "Sweet 16": {
    "bin_center": [
      0.0,
      1.0,
      2.0,
      3.0,
      4.0,
      5.0,
      6.0,
      7.0,
      8.0
    ],
    "bin_start": [
      -0.5,
      0.5,
      1.5,
      2.5,
      3.5,
      4.5,
      5.5,
      6.5,
      7.5
    ],
    "bin_end": [
      0.5,
      1.5,
      2.5,
      3.5,
      4.5,
      5.5,
      6.5,
      7.5,
      8.5
    ],
    "winners_density": [
      0.0,
      0.1,
      0.05,
      0.35,
      0.25,
      0.2,
      0.05,
      0.0,
      0.0
    ],
    "non_winners_density": [
      0.015306122448979591,
      0.04081632653061224,
      0.08061224489795918,
      0.16428571428571428,
      0.22857142857142856,
      0.19489795918367347,
      0.17346938775510204,
      0.07346938775510205,
      0.02857142857142857
    ],
    "winners_count": [
      0,
      2,
      1,
      7,
      5,
      4,
      1,
      0,
      0
    ],
    "non_winners_count": [
      15,
      40,
      79,
      161,
      224,
      191,
      170,
      72,
      28
    ],
    "winners_mean": 3.55,
    "non_winners_mean": 4.36734693877551
  },
  "Elite 8": {
    "bin_center": [
      0.0,
      1.0,
      2.0,
      3.0,
      4.0
    ],
    "bin_start": [
      -0.5,
      0.5,
      1.5,
      2.5,
      3.5
    ],
    "bin_end": [
      0.5,
      1.5,
      2.5,
      3.5,
      4.5
    ],
    "winners_density": [
      0.1,
      0.2,
      0.5,
      0.2,
      0.0
    ],
    "non_winners_density": [
      0.04693877551020408,
      0.17448979591836736,
      0.27040816326530615,
      0.3051020408163265,
      0.2030612244897959
    ],
    "winners_count": [
      2,
      4,
      10,
      4,
      0
    ],
    "non_winners_count": [
      46,
      171,
      265,
      299,
      199
    ],
    "winners_mean": 1.8,
    "non_winners_mean": 2.442857142857143
  },
  "Total Upsets": {
    "bin_center": [
      0.0,
      1.0,
      2.0,
      3.0,
      4.0,
      5.0,
      6.0,
      7.0,
      8.0,
      9.0,
      10.0,
      11.0,
      12.0,
      13.0,
      14.0,
      15.0,
      16.0,
      17.0,
      18.0,
      19.0,
      20.0,
      21.0,
      22.0,
      23.0,
      24.0,
      25.0,
      26.0,
      27.0,
      28.0,
      29.0,
      30.0,
      31.0,
      32.0,
      33.0,
      34.0,
      35.0,
      36.0,
      37.0,
      38.0,
      39.0,
      40.0,
      41.0,
      42.0,
      43.0,
      44.0,
      45.0,
      46.0,
      47.0,
      48.0,
      49.0
    ],