{
  "First Round": {
    "bin_center": [
      0.0,
      1.0,
      2.0,
      3.0,
      4.0,
      5.0,
      6.0,
      7.0,
      8.0,
      9.0,
      10.0,
      11.0,
      12.0,
      13.0,
      14.0,
      15.0,
      16.0,
      17.0,
      18.0,
      19.0,
      20.0,
      21.0,
      22.0,
      23.0,
      24.0,
      25.0,
      26.0,
      27.0,
      28.0,
      29.0,
      30.0,
      31.0,
      32.0
    ],
    "bin_start": [
      -0.5,
      0.5,
      1.5,
      2.5,
      3.5,
      4.5,
      5.5,
      6.5,
      7.5,
      8.5,
      9.5,
      10.5,
      11.5,
      12.5,
      13.5,
      14.5,
      15.5,
      16.5,
      17.5,
      18.5,
      19.5,
      20.5,
      21.5,
      22.5,
      23.5,
      24.5,
      25.5,
      26.5,
      27.5,
      28.5,
      29.5,
      30.5,
      31.5
    ],
    "bin_end": [
      0.5,
      1.5,
      2.5,
      3.5,
      4.5,
      5.5,
      6.5,
      7.5,
      8.5,
      9.5,
      10.5,
      11.5,
      12.5,
      13.5,
      14.5,
      15.5,
      16.5,
      17.5,
      18.5,
      19.5,
      20.5,
      21.5,
      22.5,
      23.5,
      24.5,
      25.5,
      26.5,
      27.5,
      28.5,
      29.5,
      30.5,
      31.5,
      32.5
    ],
    "winners_density": [
      0.0,
      0.0,
      0.05,
      0.05,
      0.15,
      0.0,
      0.2,
      0.1,
      0.25,
      0.0,
      0.15,
      0.05,
      0.0,
      0.0,
      0.0,
      0.0,
      0.0,
      0.0,
      0.0,
      0.0,
      0.0,
      0.0,
      0.0,
      0.0,
      0.0,
      0.0,
      0.0,
      0.0,
      0.0,
      0.0,
      0.0,
      0.0,
      0.0
    ],
    "non_winners_density": [
      0.006122448979591836,
      0.019387755102040816,
      0.012244897959183673,
      0.03775510204081633,
      0.05408163265306123,
      0.07755102040816327,
      0.07653061224489796,
      0.09693877551020408,
      0.13163265306122449,
      0.10714285714285714,
      0.09591836734693877,
      0.09489795918367347,
      0.07653061224489796,
      0.04591836734693878,
      0.02040816326530612,
      0.02142857142857143,
      0.012244897959183673,
      0.00510204081632653,
      0.004081632653061225,
      0.004081632653061225,
      0.0,
      0.0,
      0.0,
      0.0,
      0.0,
      0.0,
      0.0,
      0.0,
      0.0,
      0.0,
      0.0,
      0.0,
      0.0
    ],
    "winners_count": [
      0,
      0,
      1,
      1,
      3,
      0,
      4,
      2,
      5,
      0,
      3,
      1,
      0,
      0,
      0,
      0,
      0,
      0,
      0,
      0,
      0,
      0,
      0,
      0,
      0,
      0,
      0,
      0,
      0,
      0,
      0,
      0,
      0
    ],
    "non_winners_count": [
      6,
      19,
      12,
      37,
      53,
      76,
      75,
      95,
      129,
      105,
      94,
      93,
      75,
      45,
      20,
      21,
      12,
      5,
      4,
      4,
      0,
      0,
      0,
      0,
      0,
      0,
      0,
      0,
      0,
      0,
      0,
      0,
      0
    ],
    "winners_mean": 6.8,
    "non_winners_mean": 8.475510204081633
  },
  "Second Round": {
    "bin_center": [
      0.0,
      1.0,
      2.0,
      3.0,
      4.0,
      5.0,
      6.0,
      7.0,
      8.0,
      9.0,
      10.0,
      11.0,
      12.0,
      13.0,
      14.0,
      15.0,
      16.0
    ],
    "bin_start": [
      -0.5,
      0.5,
      1.5,
      2.5,
      3.5,
      4.5,
      5.5,
      6.5,
      7.5,
      8.5,
      9.5,
      10.5,
      11.5,
      12.5,
      13.5,
      14.5,
      15.5
    ],
    "bin_end": [
      0.5,
      1.5,
      2.5,
      3.5,
      4.5,
      5.5,
      6.5,
      7.5,
      8.5,
      9.5,
      10.5,
      11.5,
      12.5,
      13.5,
      14.5,
      15.5,
      16.5
    ],
    "winners_density": [
      0.0,
      0.0,
      0.0,
      0.1,
      0.2,
      0.25,
      0.15,
      0.1,
      0.2,
      0.0,
      0.0,
      0.0,
      0.0,
      0.0,
      0.0,
      0.0,
      0.0
    ],
    "non_winners_density": [
      0.013265306122448979,
      0.0163265306122449,
      0.02857142857142857,
      0.05408163265306123,
      0.09489795918367347,
      0.14081632653061224,
      0.14387755102040817,
      0.16428571428571428,
      0.11734693877551021,
      0.10510204081632653,
      0.044897959183673466,
      0.03775510204081633,
      0.018367346938775512,
      0.015306122448979591,
      0.004081632653061225,
      0.0010204081632653062,
      0.0
    ],
    "winners_count": [
      0,
      0,
      0,
      2,
      4,
      5,
      3,
      2,
      4,
      0,
      0,
      0,
      0,
      0,
      0,
      0,
      0
    ],
    "non_winners_count": [
      13,
      16,
      28,
      53,
      93,
      138,
      141,
      161,
      115,
      103,
      44,
      37,
      18,
      15,
      4,
      1,
      0
    ],
    "winners_mean": 5.55,
    "non_winners_mean": 6.573469387755102
  },
  "Sweet 16": {
    "bin_center": [
      0.0,
      1.0,
      2.0,
      3.0,
      4.0,
      5.0,
      6.0,
      7.0,
      8.0
    ],
    "bin_start": [
      -0.5,
      0.5,
      1.5,
      2.5,
      3.5,
      4.5,
      5.5,
      6.5,
      7.5
    ],
    "bin_end": [
      0.5,
      1.5,
      2.5,
      3.5,
      4.5,
      5.5,
      6.5,
      7.5,
      8.5
    ],
    "winners_density": [
      0.0,
      0.05,
      0.1,
      0.15,
      0.5,
      0.2,
      0.0,
      0.0,
      0.0
    ],
    "non_winners_density": [
      0.015306122448979591,
      0.04387755102040816,
      0.0836734693877551,
      0.1520408163265306,
      0.21122448979591837,
      0.22959183673469388,
      0.1673469387755102,
      0.07346938775510205,
      0.02346938775510204
    ],
    "winners_count": [
      0,
      1,
      2,
      3,
      10,
      4,
      0,
      0,
      0
    ],
    "non_winners_count": [
      15,
      43,
      82,
      149,
      207,
      225,
      164,
      72,
      23
    ],
    "winners_mean": 3.7,
    "non_winners_mean": 4.366326530612245
  },
  "Elite 8": {
    "bin_center": [
      0.0,
      1.0,
      2.0,
      3.0,
      4.0
    ],
    "bin_start": [
      -0.5,
      0.5,
      1.5,
      2.5,
      3.5
    ],
    "bin_end": [
      0.5,
      1.5,
      2.5,
      3.5,
      4.5
    ],
    "winners_density": [
      0.05,
      0.15,
      0.35,
      0.4,
      0.05
    ],
    "non_winners_density": [
      0.05102040816326531,
      0.17244897959183675,
      0.2683673469387755,
      0.3357142857142857,
      0.17244897959183675
    ],
    "winners_count": [
      1,
      3,
      7,
      8,
      1
    ],
    "non_winners_count": [
      50,
      169,
      263,
      329,
      169
    ],
    "winners_mean": 2.25,
    "non_winners_mean": 2.406122448979592
  },
  "Total Upsets": {
    "bin_center": [
      1.0,
      2.0,
      3.0,
      4.0,
      5.0,
      6.0,
      7.0,
      8.0,
      9.0,
      10.0,
      11.0,
      12.0,
      13.0,
      14.0,
      15.0,
      16.0,
      17.0,
      18.0,
      19.0,
      20.0,
      21.0,
      22.0,
      23.0,
      24.0,
      25.0,
      26.0,
      27.0,
      28.0,
      29.0,
      30.0,
      31.0,
      32.0,
      33.0,
      34.0,
      35.0,
      36.0,
      37.0,
      38.0,
      39.0,
      40.0,
      41.0,
      42.0,
      43.0,
      44.0,
      45.0,
      46.0,
      47.0
    ],
    "bin_start": [
      0.5,
      1.5,
      2.5,
      3.5,
      4.5,
      5.5,
      6.5,
      7.5,
      8.5,
      9.5,
      10.5,
      11.5,
      12.5,
      13.5,
      14.5,
      15.5,
      16.5,
      17.5,
      18.5,
      19.5,
      20.5,
      21.5,
      22.5,
      23.5,
      24.5,
      25.5,
      26.5,
      27.5,
      28.5,
      29.5,
      30.5,
      31.5,
      32.5,
      33.5,
      34.5,
      35.5,
      36.5,
      37.5,
      38.5,
      39.5,
      40.5,
      41.5,
      42.5,
      43.5,
      44.5,
      45.5,
      46.5
    ],