{
  "First Round": {
    "bin_center": [
      0.0,
      1.0,
      2.0,
      3.0,
      4.0,
      5.0,
      6.0,
      7.0,
      8.0,
      9.0,
      10.0,
      11.0,
      12.0,
      13.0,
      14.0,
      15.0,
      16.0,
      17.0,
      18.0,
      19.0,
      20.0,
      21.0,
      22.0,
      23.0,
      24.0,
      25.0,
      26.0,
      27.0,
      28.0,
      29.0,
      30.0,
      31.0,
      32.0
    ],
    "bin_start": [
      -0.5,
      0.5,
      1.5,
      2.5,
      3.5,
      4.5,
      5.5,
      6.5,
      7.5,
      8.5,
      9.5,
      10.5,
      11.5,
      12.5,
      13.5,
      14.5,
      15.5,
      16.5,
      17.5,
      18.5,
      19.5,
      20.5,
      21.5,
      22.5,
      23.5,
      24.5,
      25.5,
      26.5,
      27.5,
      28.5,
      29.5,
      30.5,
      31.5
    ],
    "bin_end": [
      0.5,
      1.5,
      2.5,
      3.5,
      4.5,
      5.5,
      6.5,
      7.5,
      8.5,
      9.5,
      10.5,
      11.5,
      12.5,
      13.5,
      14.5,
      15.5,
      16.5,
      17.5,
      18.5,
      19.5,
      20.5,
      21.5,
      22.5,
      23.5,
      24.5,
      25.5,
      26.5,
      27.5,
      28.5,
      29.5,
      30.5,
      31.5,
      32.5
    ],
    "winners_density": [
      0.005,
      0.03,
      0.035,
      0.065,
      0.07,
      0.125,
      0.175,
      0.12,
      0.165,
      0.075,
      0.04,
      0.035,
      0.03,
      0.015,
      0.01,
      0.005,
      0.0,
      0.0,
      0.0,
      0.0,
      0.0,
      0.0,
      0.0,
      0.0,
      0.0,
      0.0,
      0.0,
      0.0,
      0.0,
      0.0,
      0.0,
      0.0,
      0.0
    ],
    "non_winners_density": [
      0.006122448979591836,
      0.014693877551020407,
      0.020816326530612245,
      0.034591836734693876,
      0.04979591836734694,
      0.0660204081632653,
      0.09173469387755102,
      0.10020408163265306,
      0.11438775510204081,
      0.11224489795918367,
      0.105,
      0.08112244897959184,
      0.06775510204081632,
      0.0463265306122449,
      0.0336734693877551,
      0.020510204081632653,
      0.01479591836734694,
      0.00989795918367347,
      0.006122448979591836,
      0.0022448979591836735,
      0.0014285714285714286,
      0.0003061224489795918,
      0.00010204081632653062,
      0.0,
      0.0,
      0.00010204081632653062,
      0.0,
      0.0,
      0.0,
      0.0,
      0.0,
      0.0,
      0.0
    ],
    "winners_count": [
      1,
      6,
      7,
      13,
      14,
      25,
      35,
      24,
      33,
      15,
      8,
      7,
      6,
      3,
      2,
      1,
      0,
      0,
      0,
      0,
      0,
      0,
      0,
      0,
      0,
      0,
      0,
      0,
      0,
      0,
      0,
      0,
      0
    ],
    "non_winners_count": [
      60,
      144,
      204,
      339,
      488,
      647,
      899,
      982,
      1121,
      1100,
      1029,
      795,
      664,
      454,
      330,
      201,
      145,
      97,
      60,
      22,
      14,
      3,
      1,
      0,
      0,
      1,
      0,
      0,
      0,
      0,
      0,
      0,
      0
    ],
    "winners_mean": 6.64,
    "non_winners_mean": 8.600918367346939
  },
  "Second Round": {
    "bin_center": [
      0.0,
      1.0,
      2.0,
      3.0,
      4.0,
      5.0,
      6.0,
      7.0,
      8.0,
      9.0,
      10.0,
      11.0,
      12.0,
      13.0,
      14.0,
      15.0,
      16.0
    ],
    "bin_start": [
      -0.5,
      0.5,
      1.5,
      2.5,
      3.5,
      4.5,
      5.5,
      6.5,
      7.5,
      8.5,
      9.5,
      10.5,
      11.5,
      12.5,
      13.5,
      14.5,
      15.5
    ],
    "bin_end": [
      0.5,
      1.5,
      2.5,
      3.5,
      4.5,
      5.5,
      6.5,
      7.5,
      8.5,
      9.5,
      10.5,
      11.5,
      12.5,
      13.5,
      14.5,
      15.5,
      16.5
    ],
    "winners_density": [
      0.0,
      0.025,
      0.09,
      0.09,
      0.17,
      0.185,
      0.16,
      0.13,
      0.075,
      0.03,
      0.03,
      0.005,
      0.01,
      0.0,
      0.0,
      0.0,
      0.0
    ],
    "non_winners_density": [
      0.009285714285714286,
      0.017142857142857144,
      0.03602040816326531,
      0.059897959183673466,
      0.09714285714285714,
      0.12816326530612246,
      0.14683673469387756,
      0.13653061224489796,
      0.1259183673469388,
      0.09836734693877551,
      0.06510204081632653,
      0.04173469387755102,
      0.02346938775510204,
      0.009489795918367346,
      0.004081632653061225,
      0.0007142857142857143,
      0.00010204081632653062
    ],
    "winners_count": [
      0,
      5,
      18,
      18,
      34,
      37,
      32,
      26,
      15,
      6,
      6,
      1,
      2,
      0,
      0,
      0,
      0
    ],
    "non_winners_count": [
      91,
      168,
      353,
      587,
      952,
      1256,
      1439,
      1338,
      1234,
      964,
      638,
      409,
      230,
      93,
      40,
      7,
      1
    ],
    "winners_mean": 5.295,
    "non_winners_mean": 6.612244897959184
  },
  "Sweet 16": {
    "bin_center": [
      0.0,
      1.0,
      2.0,
      3.0,
      4.0,
      5.0,
      6.0,
      7.0,
      8.0
    ],
    "bin_start": [
      -0.5,
      0.5,
      1.5,
      2.5,
      3.5,
      4.5,
      5.5,
      6.5,
      7.5
    ],
    "bin_end": [
      0.5,
      1.5,
      2.5,
      3.5,
      4.5,
      5.5,
      6.5,
      7.5,
      8.5
    ],
    "winners_density": [
      0.01,
      0.065,
      0.16,
      0.235,
      0.25,
      0.135,
      0.125,
      0.02,
      0.0
    ],
    "non_winners_density": [
      0.013979591836734693,
      0.03653061224489796,
      0.09040816326530612,
      0.16,
      0.21377551020408164,
      0.21071428571428572,
      0.16326530612244897,
      0.08724489795918368,
      0.024081632653061225
    ],
    "winners_count": [
      2,
      13,
      32,
      47,
      50,
      27,
      25,
      4,
      0
    ],
    "non_winners_count": [
      137,
      358,
      886,
      1568,
      2095,
      2065,
      1600,
      855,
      236
    ],
    "winners_mean": 3.655,
    "non_winners_mean": 4.388979591836734
  },
  "Elite 8": {
    "bin_center": [
      0.0,
      1.0,
      2.0,
      3.0,
      4.0
    ],
    "bin_start": [
      -0.5,
      0.5,
      1.5,
      2.5,
      3.5
    ],
    "bin_end": [
      0.5,
      1.5,
      2.5,
      3.5,
      4.5
    ],
    "winners_density": [
      0.085,
      0.245,
      0.295,
      0.305,
      0.07
    ],
    "non_winners_density": [
      0.04693877551020408,
      0.16081632653061226,
      0.2876530612244898,
      0.3189795918367347,
      0.1856122448979592
    ],
    "winners_count": [
      17,
      49,
      59,
      61,
      14
    ],
    "non_winners_count": [
      460,
      1576,
      2819,
      3126,
      1819
    ],
    "winners_mean": 2.03,
    "non_winners_mean": 2.4355102040816328
  },
  "Total Upsets": {
    "bin_center": [
      0.0,
      1.0,
      2.0,
      3.0,
      4.0,
      5.0,
      6.0,
      7.0,
      8.0,
      9.0,
      10.0,
      11.0,
      12.0,
      13.0,
      14.0,
      15.0,
      16.0,
      17.0,
      18.0,
      19.0,
      20.0,
      21.0,
      22.0,
      23.0,
      24.0,
      25.0,
      26.0,
      27.0,
      28.0,
      29.0,
      30.0,
      31.0,
      32.0,
      33.0,
      34.0,
      35.0,
      36.0,
      37.0,
      38.0,
      39.0,
      40.0,
      41.0,
      42.0,
      43.0,
      44.0,
      45.0,
      46.0,
      47.0,
      48.0,
      49.0,
      50.0,
      51.0,
      52.0,
      53.0,
      54.0
    ],