round,mean_madness,std_madness
First Round,15.331112750540482,2.8071933182164415
Second Round,8.791703892732146,1.72233779166088
Sweet 16,4.585210617712802,0.9960145061242975
Elite 8,2.412507867250666,0.6855883230171833
Final Four,0.9938950681788851,0.392718917941994
Championship,0.6590465921082476,0.2711777770856058
