round,mean_madness,std_madness,losers_mean_madness,losers_std_madness
First Round,14.940184143956781,2.5464705800315928,17.52832133765862,4.583422759155999
Second Round,8.498672638563926,1.6627436142383012,9.411076310212653,2.0869348309344584
Sweet 16,4.5430447324487115,0.9737012176386208,4.948218752341158,1.2339228744389668
Elite 8,2.3498992021936522,0.6836751597459058,2.469475903229747,0.8012226749920166
Final Four,1.2088776337781875,0.4726260875336726,1.239475336449559,0.5388257170396008
Championship,0.6475526364754205,0.2838024921526602,0.6442662686051659,0.34301817439436416
