round,mean_madness,std_madness
First Round,15.000389270931986,2.711539949570486
Second Round,7.9904502721463,1.171372495859165
Sweet 16,4.750123821458554,0.9974189658547862
Elite 8,2.1835479810151215,0.5485542037636799
Final Four,1.0921186690955584,0.41102922869626707
Championship,0.6264207175305515,0.36808490857966597
