round,mean_madness,std_madness
First Round,15.09015195832568,2.196985841652929
Second Round,7.99955335860555,1.4862592436338304
Sweet 16,4.851906475519612,0.8951421420022876
Elite 8,2.3365969760187646,0.4708661921751542
Final Four,0.8157244842091703,0.27402861249460503
Championship,0.6493958827738743,0.2654162113146292
