round,mean_madness,std_madness
First Round,15.286069884875914,2.6466261182891584
Second Round,8.81854266775337,1.626383863702491
Sweet 16,4.588999689614752,1.010920749656053
Elite 8,2.3599348397702165,0.649235614947751
Final Four,1.160796753293742,0.4568560931600737
Championship,0.6215250229199589,0.28310322586490705
