round,mean_madness,std_madness
First Round,13.391995192278795,2.1209931314856942
Second Round,7.752002055502574,1.2526784432569986
Sweet 16,4.467305420924556,0.9825567077435536
Elite 8,2.2855877591816087,0.7663796856820666
Final Four,0.8706452981739501,0.3294205114651501
Championship,0.565499483390254,0.2813087946067461
