round,max_advantage_upsets,max_advantage,max_density_upsets,mode_upsets,mean_upsets,std_upsets,losers_mean_upsets,losers_std_upsets,num_pools
First Round,4.0,0.06959183673469388,7.0,7.0,6.44,2.7030353308826727,8.553877551020408,3.5544676207048083,200
Second Round,4.0,0.07122448979591837,6.0,6.0,5.11,2.1489299662855466,6.563877551020409,2.6984880999964727,200
Sweet 16,2.0,0.07612244897959185,4.0,4.0,3.525,1.584100691244089,4.380714285714285,1.722615328919539,200
Elite 8,1.0,0.08479591836734693,2.0,2.0,2.065,1.082023567210992,2.4177551020408163,1.112164217257253,200
Final Four,,,,1.0,0.805,0.7277520976114665,1.0278571428571428,0.7465153743102902,200
Championship,,,,0.0,0.32,0.4676467334823193,0.43183673469387757,0.4953319788412688,200
Total Upsets,13.0,0.04510204081632653,17.0,17.0,18.265,6.304345723387955,23.375918367346937,8.350125972010133,200
