round,max_advantage_upsets,max_advantage,max_density_upsets,mode_upsets,mean_upsets,std_upsets,num_pools
First Round,5.0,0.22448979591836732,5.0,5.0,5.8,1.7776388834631178,20
Second Round,6.0,0.15714285714285714,6.0,6.0,4.45,1.8567444627627143,20
Sweet 16,2.0,0.22244897959183674,2.0,2.0,3.25,1.6393596310755,20
Elite 8,1.0,0.18367346938775508,2.0,2.0,1.65,0.9630680142129111,20
Final Four,,,,0.0,0.6,0.6805570473787206,20
Championship,,,,0.0,0.2,0.4103913408340617,20
Total Upsets,21.0,0.11020408163265305,21.0,21.0,15.95,4.893618293246829,20
