round,max_advantage_upsets,max_advantage,max_density_upsets,mode_upsets,mean_upsets,std_upsets,num_pools
First Round,7.0,0.09693877551020409,7.0,7.0,7.0,2.7202941017470885,20
Second Round,5.0,0.2183673469387755,5.0,5.0,5.0,1.8439088914585775,20
Sweet 16,3.0,0.1857142857142857,3.0,3.0,3.55,1.2835497652993437,20
Elite 8,2.0,0.22959183673469385,2.0,2.0,1.8,0.8717797887081347,20
Final Four,,,,0.0,0.55,0.6048053188292994,20
Championship,,,,0.0,0.2,0.4103913408340617,20
Total Upsets,21.0,0.14591836734693878,21.0,21.0,18.1,5.717516943569122,20
