round,max_advantage_upsets,max_advantage,max_density_upsets,mode_upsets,mean_upsets,std_upsets,num_pools
First Round,6.0,0.08326530612244896,6.0,6.0,6.64,2.810765020417039,200
Second Round,4.0,0.07285714285714287,5.0,5.0,5.295,2.215394998640197,200
Sweet 16,3.0,0.07499999999999998,4.0,4.0,3.655,1.5218327766216628,200
Elite 8,1.0,0.08418367346938774,3.0,3.0,2.03,1.081249277456406,200
Final Four,,,,1.0,0.74,0.6817064016792362,200
Championship,,,,0.0,0.27,0.4450735357907798,200
Total Upsets,20.0,0.03204081632653061,20.0,20.0,18.63,6.5148369127707255,200
