round,max_advantage_upsets,max_advantage,max_density_upsets,mode_upsets,mean_upsets,std_upsets,num_pools
First Round,6.0,0.04632653061224491,6.0,6.0,6.805,2.902925248779238,200
Second Round,5.0,0.06030612244897959,5.0,5.0,5.16,2.1735684944349005,200
Sweet 16,4.0,0.06357142857142858,4.0,4.0,3.605,1.58081466339353,200
Elite 8,2.0,0.06030612244897959,2.0,2.0,2.155,1.1184699370121667,200
Final Four,,,,1.0,0.855,0.7325696495605633,200
Championship,,,,0.0,0.395,0.4900774218396365,200
Total Upsets,20.0,0.07316326530612245,20.0,20.0,18.975,7.0770315104569095,200
