{
  "First Round": {
    "bin_center": [
      0.0,
      1.0,
      2.0,
      3.0,
      4.0,
      5.0,
      6.0,
      7.0,
      8.0,
      9.0,
      10.0,
      11.0,
      12.0,
      13.0,
      14.0,
      15.0,
      16.0,
      17.0,
      18.0,
      19.0,
      20.0,
      21.0,
      22.0,
      23.0,
      24.0,
      25.0,
      26.0,
      27.0,
      28.0,
      29.0,
      30.0,
      31.0,
      32.0
    ],
    "bin_start": [
      -0.5,
      0.5,
      1.5,
      2.5,
      3.5,
      4.5,
      5.5,
      6.5,
      7.5,
      8.5,
      9.5,
      10.5,
      11.5,
      12.5,
      13.5,
      14.5,
      15.5,
      16.5,
      17.5,
      18.5,
      19.5,
      20.5,
      21.5,
      22.5,
      23.5,
      24.5,
      25.5,
      26.5,
      27.5,
      28.5,
      29.5,
      30.5,
      31.5
    ],
    "bin_end": [
      0.5,
      1.5,
      2.5,
      3.5,
      4.5,
      5.5,
      6.5,
      7.5,
      8.5,
      9.5,
      10.5,
      11.5,
      12.5,
      13.5,
      14.5,
      15.5,
      16.5,
      17.5,
      18.5,
      19.5,
      20.5,
      21.5,
      22.5,
      23.5,
      24.5,
      25.5,
      26.5,
      27.5,
      28.5,
      29.5,
      30.5,
      31.5,
      32.5
    ],
    "winners_density": [
      0.05,
      0.0,
      0.0,
      0.05,
      0.05,
      0.3,
      0.0,
      0.2,
      0.2,
      0.1,
      0.05,
      0.0,
      0.0,
      0.0,
      0.0,
      0.0,
      0.0,
      0.0,
      0.0,
      0.0,
      0.0,
      0.0,
      0.0,
      0.0,
      0.0,
      0.0,
      0.0,
      0.0,
      0.0,
      0.0,
      0.0,
      0.0,
      0.0
    ],
    "non_winners_density": [
      0.002702702702702703,
      0.01756756756756757,
      0.016216216216216217,
      0.03513513513513514,
      0.04256756756756757,
      0.07432432432432433,
      0.08378378378378379,
      0.10270270270270271,
      0.11891891891891893,
      0.11418918918918919,
      0.09121621621621621,
      0.0945945945945946,
      0.06418918918918919,
      0.051351351351351354,
      0.038513513513513516,
      0.021621621621621623,
      0.015540540540540541,
      0.00945945945945946,
      0.004054054054054054,
      0.0013513513513513514,
      0.0,
      0.0,
      0.0,
      0.0,
      0.0,
      0.0,
      0.0,
      0.0,
      0.0,
      0.0,
      0.0,
      0.0,
      0.0
    ],
    "winners_count": [
      1,
      0,
      0,
      1,
      1,
      6,
      0,
      4,
      4,
      2,
      1,
      0,
      0,
      0,
      0,
      0,
      0,
      0,
      0,
      0,
      0,
      0,
      0,
      0,
      0,
      0,
      0,
      0,
      0,
      0,
      0,
      0,
      0
    ],
    "non_winners_count": [
      4,
      26,
      24,
      52,
      63,
      110,
      124,
      152,
      176,
      169,
      135,
      140,
      95,
      76,
      57,
      32,
      23,
      14,
      6,
      2,
      0,
      0,
      0,
      0,
      0,
      0,
      0,
      0,
      0,
      0,
      0,
      0,
      0
    ],
    "winners_mean": 6.25,
    "non_winners_mean": 8.660135135135135
  },
  "Second Round": {
    "bin_center": [
      0.0,
      1.0,
      2.0,
      3.0,
      4.0,
      5.0,
      6.0,
      7.0,
      8.0,
      9.0,
      10.0,
      11.0,
      12.0,
      13.0,
      14.0,
      15.0,
      16.0
    ],
    "bin_start": [
      -0.5,
      0.5,
      1.5,
      2.5,
      3.5,
      4.5,
      5.5,
      6.5,
      7.5,
      8.5,
      9.5,
      10.5,
      11.5,
      12.5,
      13.5,
      14.5,
      15.5
    ],
    "bin_end": [
      0.5,
      1.5,
      2.5,
      3.5,
      4.5,
      5.5,
      6.5,
      7.5,
      8.5,
      9.5,
      10.5,
      11.5,
      12.5,
      13.5,
      14.5,
      15.5,
      16.5
    ],
    "winners_density": [
      0.0,
      0.0,
      0.0,
      0.2,
      0.15,
      0.2,
      0.15,
      0.2,
      0.1,
      0.0,
      0.0,
      0.0,
      0.0,
      0.0,
      0.0,
      0.0,
      0.0
    ],
    "non_winners_density": [
      0.008783783783783784,
      0.024324324324324326,
      0.04121621621621622,
      0.06554054054054054,
      0.09932432432432432,
      0.125,
      0.14527027027027026,
      0.14662162162162162,
      0.10135135135135136,
      0.10405405405405406,
      0.06148648648648649,
      0.04121621621621622,
      0.020945945945945947,
      0.011486486486486487,
      0.002702702702702703,
      0.0006756756756756757,
      0.0
    ],
    "winners_count": [
      0,
      0,
      0,
      4,
      3,
      4,
      3,
      4,
      2,
      0,
      0,
      0,
      0,
      0,
      0,
      0,
      0
    ],
    "non_winners_count": [
      13,
      36,
      61,
      97,
      147,
      185,
      215,
      217,
      150,
      154,
      91,
      61,
      31,
      17,
      4,
      1,
      0
    ],
    "winners_mean": 5.3,
    "non_winners_mean": 6.487837837837838
  },
  "Sweet 16": {
    "bin_center": [
      0.0,
      1.0,
      2.0,
      3.0,
      4.0,
      5.0,
      6.0,
      7.0,
      8.0
    ],
    "bin_start": [
      -0.5,
      0.5,
      1.5,
      2.5,
      3.5,
      4.5,
      5.5,
      6.5,
      7.5
    ],
    "bin_end": [
      0.5,
      1.5,
      2.5,
      3.5,
      4.5,
      5.5,
      6.5,
      7.5,
      8.5
    ],
    "winners_density": [
      0.0,
      0.0,
      0.15,
      0.35,
      0.2,
      0.25,
      0.05,
      0.0,
      0.0
    ],
    "non_winners_density": [
      0.01756756756756757,
      0.046621621621621624,
      0.08783783783783784,
      0.16283783783783784,
      0.19594594594594594,
      0.21216216216216216,
      0.1635135135135135,
      0.09121621621621621,
      0.0222972972972973
    ],
    "winners_count": [
      0,
      0,
      3,
      7,
      4,
      5,
      1,
      0,
      0
    ],
    "non_winners_count": [
      26,
      69,
      130,
      241,
      290,
      314,
      242,
      135,
      33
    ],
    "winners_mean": 3.7,
    "non_winners_mean": 4.353378378378379
  },
  "Elite 8": {
    "bin_center": [
      0.0,
      1.0,
      2.0,
      3.0,
      4.0
    ],
    "bin_start": [
      -0.5,
      0.5,
      1.5,
      2.5,
      3.5
    ],
    "bin_end": [
      0.5,
      1.5,
      2.5,
      3.5,
      4.5
    ],
    "winners_density": [
      0.0,
      0.2,
      0.4,
      0.3,
      0.1
    ],
    "non_winners_density": [
      0.06486486486486487,
      0.15608108108108107,
      0.2959459459459459,
      0.29662162162162165,
      0.1864864864864865
    ],
    "winners_count": [
      0,
      4,
      8,
      6,
      2
    ],
    "non_winners_count": [
      96,
      231,
      438,
      439,
      276
    ],
    "winners_mean": 2.3,
    "non_winners_mean": 2.383783783783784
  },
  "Total Upsets": {
    "bin_center": [
      0.0,
      1.0,
      2.0,
      3.0,
      4.0,
      5.0,
      6.0,
      7.0,
      8.0,
      9.0,
      10.0,
      11.0,
      12.0,
      13.0,
      14.0,
      15.0,
      16.0,
      17.0,
      18.0,
      19.0,
      20.0,
      21.0,
      22.0,
      23.0,
      24.0,
      25.0,
      26.0,
      27.0,
      28.0,
      29.0,
      30.0,
      31.0,
      32.0,
      33.0,
      34.0,
      35.0,
      36.0,
      37.0,
      38.0,
      39.0,
      40.0,
      41.0,
      42.0,
      43.0,
      44.0,
      45.0,
      46.0
    ],
    "bin_start": [
      -0.5,
      0.5,
      1.5,
      2.5,
      3.5,
      4.5,
      5.5,
      6.5,
      7.5,
      8.5,
      9.5,
      10.5,
      11.5,
      12.5,
      13.5,
      14.5,
      15.5,
      16.5,
      17.5,
      18.5,
      19.5,
      20.5,
      21.5,
      22.5,
      23.5,
      24.5,
      25.5,
      26.5,
      27.5,
      28.5,
      29.5,
      30.5,
      31.5,
      32.5,
      33.5,
      34.5,
      35.5,
      36.5,
      37.5,
      38.5,
      39.5,
      40.5,
      41.5,
      42.5,
      43.5,
      44.5,
      45.5
    ],