{
  "First Round": {
    "bin_center": [
      0.0,
      1.0,
      2.0,
      3.0,
      4.0,
      5.0,
      6.0,
      7.0,
      8.0,
      9.0,
      10.0,
      11.0,
      12.0,
      13.0,
      14.0,
      15.0,
      16.0,
      17.0,
      18.0,
      19.0,
      20.0,
      21.0,
      22.0,
      23.0,
      24.0,
      25.0,
      26.0,
      27.0,
      28.0,
      29.0,
      30.0,
      31.0,
      32.0
    ],
    "bin_start": [
      -0.5,
      0.5,
      1.5,
      2.5,
      3.5,
      4.5,
      5.5,
      6.5,
      7.5,
      8.5,
      9.5,
      10.5,
      11.5,
      12.5,
      13.5,
      14.5,
      15.5,
      16.5,
      17.5,
      18.5,
      19.5,
      20.5,
      21.5,
      22.5,
      23.5,
      24.5,
      25.5,
      26.5,
      27.5,
      28.5,
      29.5,
      30.5,
      31.5
    ],
    "bin_end": [
      0.5,
      1.5,
      2.5,
      3.5,
      4.5,
      5.5,
      6.5,
      7.5,
      8.5,
      9.5,
      10.5,
      11.5,
      12.5,
      13.5,
      14.5,
      15.5,
      16.5,
      17.5,
      18.5,
      19.5,
      20.5,
      21.5,
      22.5,
      23.5,
      24.5,
      25.5,
      26.5,
      27.5,
      28.5,
      29.5,
      30.5,
      31.5,
      32.5
    ],
    "winners_density": [
      0.0,
      0.007518796992481203,
      0.022556390977443608,
      0.022556390977443608,
      0.07518796992481203,
      0.07518796992481203,
      0.10526315789473684,
      0.11278195488721804,
      0.14285714285714285,
      0.12030075187969924,
      0.16541353383458646,
      0.07518796992481203,
      0.022556390977443608,
      0.03759398496240601,
      0.007518796992481203,
      0.0,
      0.007518796992481203,
      0.0,
      0.0,
      0.0,
      0.0,
      0.0,
      0.0,
      0.0,
      0.0,
      0.0,
      0.0,
      0.0,
      0.0,
      0.0,
      0.0,
      0.0,
      0.0
    ],
    "non_winners_density": [
      0.007518796992481203,
      0.013310302783986995,
      0.021540337329811015,
      0.03292013818329608,
      0.052123552123552123,
      0.06705954074375127,
      0.09073359073359073,
      0.10597439544807966,
      0.10820971347287137,
      0.11552529973582605,
      0.10231660231660232,
      0.08301158301158301,
      0.06716114610851454,
      0.047957732168258486,
      0.03434261328998171,
      0.021337126600284494,
      0.011684616947774843,
      0.009550904287746393,
      0.003962609225767121,
      0.002438528754318228,
      0.0009144482828693355,
      0.000406421459053038,
      0.0,
      0.0,
      0.0,
      0.0,
      0.0,
      0.0,
      0.0,
      0.0,
      0.0,
      0.0,
      0.0
    ],
    "winners_count": [
      0,
      1,
      3,
      3,
      10,
      10,
      14,
      15,
      19,
      16,
      22,
      10,
      3,
      5,
      1,
      0,
      1,
      0,
      0,
      0,
      0,
      0,
      0,
      0,
      0,
      0,
      0,
      0,
      0,
      0,
      0,
      0,
      0
    ],
    "non_winners_count": [
      74,
      131,
      212,
      324,
      513,
      660,
      893,
      1043,
      1065,
      1137,
      1007,
      817,
      661,
      472,
      338,
      210,
      115,
      94,
      39,
      24,
      9,
      4,
      0,
      0,
      0,
      0,
      0,
      0,
      0,
      0,
      0,
      0,
      0
    ],
    "winners_mean": 7.909774436090226,
    "non_winners_mean": 8.550904287746393
  },
  "Second Round": {
    "bin_center": [
      0.0,
      1.0,
      2.0,
      3.0,
      4.0,
      5.0,
      6.0,
      7.0,
      8.0,
      9.0,
      10.0,
      11.0,
      12.0,
      13.0,
      14.0,
      15.0,
      16.0
    ],
    "bin_start": [
      -0.5,
      0.5,
      1.5,
      2.5,
      3.5,
      4.5,
      5.5,
      6.5,
      7.5,
      8.5,
      9.5,
      10.5,
      11.5,
      12.5,
      13.5,
      14.5,
      15.5
    ],
    "bin_end": [
      0.5,
      1.5,
      2.5,
      3.5,
      4.5,
      5.5,
      6.5,
      7.5,
      8.5,
      9.5,
      10.5,
      11.5,
      12.5,
      13.5,
      14.5,
      15.5,
      16.5
    ],
    "winners_density": [
      0.0,
      0.007518796992481203,
      0.045112781954887216,
      0.06766917293233082,
      0.12030075187969924,
      0.14285714285714285,
      0.21804511278195488,
      0.21052631578947367,
      0.09774436090225563,
      0.06015037593984962,
      0.03007518796992481,
      0.0,
      0.0,
      0.0,
      0.0,
      0.0,
      0.0
    ],
    "non_winners_density": [
      0.007620402357244462,
      0.019813046128835603,
      0.03993090835196098,
      0.06055679739890266,
      0.0953058321479374,
      0.13035968299126194,
      0.14488925015240806,
      0.14234911603332656,
      0.12558423084738873,
      0.09428977850030482,
      0.06726275147327779,
      0.03698435277382646,
      0.02194675878886405,
      0.008839666734403576,
      0.003048160942897785,
      0.001016053647632595,
      0.000203210729526519
    ],
    "winners_count": [
      0,
      1,
      6,
      9,
      16,
      19,
      29,
      28,
      13,
      8,
      4,
      0,
      0,
      0,
      0,
      0,
      0
    ],
    "non_winners_count": [
      75,
      195,
      393,
      596,
      938,
      1283,
      1426,
      1401,
      1236,
      928,
      662,
      364,
      216,
      87,
      30,
      10,
      2
    ],
    "winners_mean": 5.902255639097745,
    "non_winners_mean": 6.552326762853078
  },
  "Sweet 16": {
    "bin_center": [
      0.0,
      1.0,
      2.0,
      3.0,
      4.0,
      5.0,
      6.0,
      7.0,
      8.0
    ],
    "bin_start": [
      -0.5,
      0.5,
      1.5,
      2.5,
      3.5,
      4.5,
      5.5,
      6.5,
      7.5
    ],
    "bin_end": [
      0.5,
      1.5,
      2.5,
      3.5,
      4.5,
      5.5,
      6.5,
      7.5,
      8.5
    ],
    "winners_density": [
      0.015037593984962405,
      0.03007518796992481,
      0.09022556390977443,
      0.16541353383458646,
      0.3383458646616541,
      0.18796992481203006,
      0.12781954887218044,
      0.03007518796992481,
      0.015037593984962405
    ],
    "non_winners_density": [
      0.013716724243040032,
      0.04287746393009551,
      0.09053038000406421,
      0.15515139199349726,
      0.2144889250152408,
      0.22261735419630158,
      0.1553546027230238,
      0.08148750254013412,
      0.023775655354602722
    ],
    "winners_count": [
      2,
      4,
      12,
      22,
      45,
      25,
      17,
      4,
      2
    ],
    "non_winners_count": [
      135,
      422,
      891,
      1527,
      2111,
      2191,
      1529,
      802,
      234
    ],
    "winners_mean": 4.097744360902255,
    "non_winners_mean": 4.3531802479170905
  },
  "Elite 8": {
    "bin_center": [
      0.0,
      1.0,
      2.0,
      3.0,
      4.0
    ],
    "bin_start": [
      -0.5,
      0.5,
      1.5,
      2.5,
      3.5
    ],
    "bin_end": [
      0.5,
      1.5,
      2.5,
      3.5,
      4.5
    ],
    "winners_density": [
      0.06015037593984962,
      0.15789473684210525,
      0.39097744360902253,
      0.2857142857142857,
      0.10526315789473684
    ],
    "non_winners_density": [
      0.05100589311115627,
      0.16063808169071328,
      0.2927250558829506,
      0.3204633204633205,
      0.17516764885185937
    ],
    "winners_count": [
      8,
      21,
      52,
      38,
      14
    ],
    "non_winners_count": [
      502,
      1581,
      2881,
      3154,
      1724
    ],
    "winners_mean": 2.218045112781955,
    "non_winners_mean": 2.4081487502540133
  },