round,mean_madness,std_madness,losers_mean_madness,losers_std_madness
First Round,14.907123054805513,1.6778211096752882,17.61521751691235,4.568748343575017
Second Round,8.676550154860426,1.5093449016925404,9.334243892483979,2.1257324420150403
Sweet 16,4.888664852571463,1.216228231385548,4.969055607555007,1.2630249099657964
Elite 8,2.480382659416199,0.81508946150362,2.4748074895190486,0.8054251405225898
Final Four,1.1300645861781435,0.45400722224245865,1.2423003463388347,0.5388891883483042
Championship,0.5619169900911377,0.23068073829697136,0.6383978264089617,0.34004027821657234
