round,mean_madness,std_madness
First Round,16.125269207343713,2.7024276072452085
Second Round,8.74896798113977,1.6986648224859757
Sweet 16,4.768535760799656,1.0588605959792454
Elite 8,2.3066400503904876,0.692574392786912
Final Four,1.052600082025496,0.43625597121075577
Championship,0.6055695385916026,0.2841523397206056
