round,max_advantage_upsets,max_advantage,max_density_upsets,mode_upsets,mean_upsets,std_upsets,num_pools
First Round,9.0,0.044604755131070914,9.0,9.0,7.7368421052631575,2.703088561638655,133
Second Round,6.0,0.10099573257467992,6.0,6.0,5.827067669172933,1.9868412160958595,133
Sweet 16,4.0,0.07823613086770981,4.0,4.0,3.917293233082707,1.4819470670381856,133
Elite 8,1.0,0.1103434261328998,3.0,3.0,2.0977443609022557,1.0610298703507224,133
Final Four,,,,1.0,0.849624060150376,0.7537405771208963,133
Championship,,,,0.0,0.3533834586466165,0.4798277582665458,133
Total Upsets,18.0,0.041353383458646614,18.0,18.0,20.781954887218046,5.871222472473098,133
