{
  "First Round": {
    "bin_center": [
      0.0,
      1.0,
      2.0,
      3.0,
      4.0,
      5.0,
      6.0,
      7.0,
      8.0,
      9.0,
      10.0,
      11.0,
      12.0,
      13.0,
      14.0,
      15.0,
      16.0,
      17.0,
      18.0,
      19.0,
      20.0,
      21.0,
      22.0,
      23.0,
      24.0,
      25.0,
      26.0,
      27.0,
      28.0,
      29.0,
      30.0,
      31.0,
      32.0
    ],
    "bin_start": [
      -0.5,
      0.5,
      1.5,
      2.5,
      3.5,
      4.5,
      5.5,
      6.5,
      7.5,
      8.5,
      9.5,
      10.5,
      11.5,
      12.5,
      13.5,
      14.5,
      15.5,
      16.5,
      17.5,
      18.5,
      19.5,
      20.5,
      21.5,
      22.5,
      23.5,
      24.5,
      25.5,
      26.5,
      27.5,
      28.5,
      29.5,
      30.5,
      31.5
    ],
    "bin_end": [
      0.5,
      1.5,
      2.5,
      3.5,
      4.5,
      5.5,
      6.5,
      7.5,
      8.5,
      9.5,
      10.5,
      11.5,
      12.5,
      13.5,
      14.5,
      15.5,
      16.5,
      17.5,
      18.5,
      19.5,
      20.5,
      21.5,
      22.5,
      23.5,
      24.5,
      25.5,
      26.5,
      27.5,
      28.5,
      29.5,
      30.5,
      31.5,
      32.5
    ],
    "winners_density": [
      0.0,
      0.01,
      0.0,
      0.07,
      0.05,
      0.08,
      0.13,
      0.18,
      0.1,
      0.11,
      0.12,
      0.06,
      0.03,
      0.06,
      0.0,
      0.0,
      0.0,
      0.0,
      0.0,
      0.0,
      0.0,
      0.0,
      0.0,
      0.0,
      0.0,
      0.0,
      0.0,
      0.0,
      0.0,
      0.0,
      0.0,
      0.0,
      0.0
    ],
    "non_winners_density": [
      0.005454545454545455,
      0.011111111111111112,
      0.020808080808080807,
      0.031212121212121212,
      0.051111111111111114,
      0.0708080808080808,
      0.09515151515151515,
      0.1101010101010101,
      0.11393939393939394,
      0.11474747474747475,
      0.10606060606060606,
      0.08333333333333333,
      0.06272727272727273,
      0.04878787878787879,
      0.030707070707070707,
      0.019696969696969695,
      0.011818181818181818,
      0.006666666666666667,
      0.0033333333333333335,
      0.0019191919191919192,
      0.00040404040404040404,
      0.0,
      0.0,
      0.0,
      0.0,
      0.00010101010101010101,
      0.0,
      0.0,
      0.0,
      0.0,
      0.0,
      0.0,
      0.0
    ],
    "winners_count": [
      0,
      1,
      0,
      7,
      5,
      8,
      13,
      18,
      10,
      11,
      12,
      6,
      3,
      6,
      0,
      0,
      0,
      0,
      0,
      0,
      0,
      0,
      0,
      0,
      0,
      0,
      0,
      0,
      0,
      0,
      0,
      0,
      0
    ],
    "non_winners_count": [
      54,
      110,
      206,
      309,
      506,
      701,
      942,
      1090,
      1128,
      1136,
      1050,
      825,
      621,
      483,
      304,
      195,
      117,
      66,
      33,
      19,
      4,
      0,
      0,
      0,
      0,
      1,
      0,
      0,
      0,
      0,
      0,
      0,
      0
    ],
    "winners_mean": 7.65,
    "non_winners_mean": 8.489797979797979
  },
  "Second Round": {
    "bin_center": [
      0.0,
      1.0,
      2.0,
      3.0,
      4.0,
      5.0,
      6.0,
      7.0,
      8.0,
      9.0,
      10.0,
      11.0,
      12.0,
      13.0,
      14.0,
      15.0,
      16.0
    ],
    "bin_start": [
      -0.5,
      0.5,
      1.5,
      2.5,
      3.5,
      4.5,
      5.5,
      6.5,
      7.5,
      8.5,
      9.5,
      10.5,
      11.5,
      12.5,
      13.5,
      14.5,
      15.5
    ],
    "bin_end": [
      0.5,
      1.5,
      2.5,
      3.5,
      4.5,
      5.5,
      6.5,
      7.5,
      8.5,
      9.5,
      10.5,
      11.5,
      12.5,
      13.5,
      14.5,
      15.5,
      16.5
    ],
    "winners_density": [
      0.0,
      0.02,
      0.06,
      0.08,
      0.15,
      0.11,
      0.14,
      0.22,
      0.16,
      0.03,
      0.02,
      0.01,
      0.0,
      0.0,
      0.0,
      0.0,
      0.0
    ],
    "non_winners_density": [
      0.005757575757575757,
      0.01919191919191919,
      0.03383838383838384,
      0.06888888888888889,
      0.09919191919191919,
      0.1322222222222222,
      0.14767676767676768,
      0.1407070707070707,
      0.12707070707070708,
      0.09191919191919191,
      0.06454545454545454,
      0.03686868686868687,
      0.01919191919191919,
      0.00898989898989899,
      0.0030303030303030303,
      0.0008080808080808081,
      0.00010101010101010101
    ],
    "winners_count": [
      0,
      2,
      6,
      8,
      15,
      11,
      14,
      22,
      16,
      3,
      2,
      1,
      0,
      0,
      0,
      0,
      0
    ],
    "non_winners_count": [
      57,
      190,
      335,
      682,
      982,
      1309,
      1462,
      1393,
      1258,
      910,
      639,
      365,
      190,
      89,
      30,
      8,
      1
    ],
    "winners_mean": 5.77,
    "non_winners_mean": 6.5206060606060605
  },
  "Sweet 16": {
    "bin_center": [
      0.0,
      1.0,
      2.0,
      3.0,
      4.0,
      5.0,
      6.0,
      7.0,
      8.0
    ],
    "bin_start": [
      -0.5,
      0.5,
      1.5,
      2.5,
      3.5,
      4.5,
      5.5,
      6.5,
      7.5
    ],
    "bin_end": [
      0.5,
      1.5,
      2.5,
      3.5,
      4.5,
      5.5,
      6.5,
      7.5,
      8.5
    ],
    "winners_density": [
      0.01,
      0.07,
      0.11,
      0.19,
      0.32,
      0.19,
      0.08,
      0.03,
      0.0
    ],
    "non_winners_density": [
      0.011616161616161616,
      0.038686868686868686,
      0.08949494949494949,
      0.16424242424242425,
      0.21404040404040403,
      0.21838383838383837,
      0.1595959595959596,
      0.08232323232323233,
      0.021616161616161617
    ],
    "winners_count": [
      1,
      7,
      11,
      19,
      32,
      19,
      8,
      3,
      0
    ],
    "non_winners_count": [
      115,
      383,
      886,
      1626,
      2119,
      2162,
      1580,
      815,
      214
    ],
    "winners_mean": 3.78,
    "non_winners_mean": 4.365252525252525
  },
  "Elite 8": {
    "bin_center": [
      0.0,
      1.0,
      2.0,
      3.0,
      4.0
    ],
    "bin_start": [
      -0.5,
      0.5,
      1.5,
      2.5,
      3.5
    ],
    "bin_end": [
      0.5,
      1.5,
      2.5,
      3.5,
      4.5
    ],
    "winners_density": [
      0.06,
      0.23,
      0.33,
      0.32,
      0.06
    ],
    "non_winners_density": [
      0.04767676767676768,
      0.1594949494949495,
      0.30252525252525253,
      0.318989898989899,
      0.1713131313131313
    ],
    "winners_count": [
      6,
      23,
      33,
      32,
      6
    ],
    "non_winners_count": [
      472,
      1579,
      2995,
      3158,
      1696
    ],
    "winners_mean": 2.09,
    "non_winners_mean": 2.406767676767677
  },
  "Total Upsets": {
    "bin_center": [
      0.0,
      1.0,
      2.0,
      3.0,
      4.0,
      5.0,
      6.0,
      7.0,
      8.0,
      9.0,
      10.0,
      11.0,
      12.0,
      13.0,
      14.0,
      15.0,
      16.0,
      17.0,
      18.0,
      19.0,
      20.0,
      21.0,
      22.0,
      23.0,
      24.0,
      25.0,
      26.0,
      27.0,
      28.0,
      29.0,
      30.0,
      31.0,
      32.0,
      33.0,
      34.0,
      35.0,
      36.0,
      37.0,
      38.0,
      39.0,
      40.0,
      41.0,
      42.0,
      43.0,
      44.0,
      45.0,
      46.0,
      47.0,
      48.0,
      49.0,
      50.0,
      51.0
    ],