{
  "First Round": {
    "bin_center": [
      0.0,
      1.0,
      2.0,
      3.0,
      4.0,
      5.0,
      6.0,
      7.0,
      8.0,
      9.0,
      10.0,
      11.0,
      12.0,
      13.0,
      14.0,
      15.0,
      16.0,
      17.0,
      18.0,
      19.0,
      20.0,
      21.0,
      22.0,
      23.0,
      24.0,
      25.0,
      26.0,
      27.0,
      28.0,
      29.0,
      30.0,
      31.0,
      32.0
    ],
    "bin_start": [
      -0.5,
      0.5,
      1.5,
      2.5,
      3.5,
      4.5,
      5.5,
      6.5,
      7.5,
      8.5,
      9.5,
      10.5,
      11.5,
      12.5,
      13.5,
      14.5,
      15.5,
      16.5,
      17.5,
      18.5,
      19.5,
      20.5,
      21.5,
      22.5,
      23.5,
      24.5,
      25.5,
      26.5,
      27.5,
      28.5,
      29.5,
      30.5,
      31.5
    ],
    "bin_end": [
      0.5,
      1.5,
      2.5,
      3.5,
      4.5,
      5.5,
      6.5,
      7.5,
      8.5,
      9.5,
      10.5,
      11.5,
      12.5,
      13.5,
      14.5,
      15.5,
      16.5,
      17.5,
      18.5,
      19.5,
      20.5,
      21.5,
      22.5,
      23.5,
      24.5,
      25.5,
      26.5,
      27.5,
      28.5,
      29.5,
      30.5,
      31.5,
      32.5
    ],
    "winners_density": [
      0.0,
      0.0,
      0.05,
      0.1,
      0.15,
      0.05,
      0.1,
      0.15,
      0.05,
      0.2,
      0.1,
      0.05,
      0.0,
      0.0,
      0.0,
      0.0,
      0.0,
      0.0,
      0.0,
      0.0,
      0.0,
      0.0,
      0.0,
      0.0,
      0.0,
      0.0,
      0.0,
      0.0,
      0.0,
      0.0,
      0.0,
      0.0,
      0.0
    ],
    "non_winners_density": [
      0.00404040404040404,
      0.00909090909090909,
      0.021212121212121213,
      0.029292929292929294,
      0.05656565656565657,
      0.06363636363636363,
      0.09797979797979799,
      0.1,
      0.1101010101010101,
      0.12474747474747475,
      0.1,
      0.0904040404040404,
      0.06515151515151515,
      0.05303030303030303,
      0.025252525252525252,
      0.02070707070707071,
      0.014141414141414142,
      0.00808080808080808,
      0.0030303030303030303,
      0.0025252525252525255,
      0.000505050505050505,
      0.000505050505050505,
      0.0,
      0.0,
      0.0,
      0.0,
      0.0,
      0.0,
      0.0,
      0.0,
      0.0,
      0.0,
      0.0
    ],
    "winners_count": [
      0,
      0,
      1,
      2,
      3,
      1,
      2,
      3,
      1,
      4,
      2,
      1,
      0,
      0,
      0,
      0,
      0,
      0,
      0,
      0,
      0,
      0,
      0,
      0,
      0,
      0,
      0,
      0,
      0,
      0,
      0,
      0,
      0
    ],
    "non_winners_count": [
      8,
      18,
      42,
      58,
      112,
      126,
      194,
      198,
      218,
      247,
      198,
      179,
      129,
      105,
      50,
      41,
      28,
      16,
      6,
      5,
      1,
      1,
      0,
      0,
      0,
      0,
      0,
      0,
      0,
      0,
      0,
      0,
      0
    ],
    "winners_mean": 6.65,
    "non_winners_mean": 8.591919191919192
  },
  "Second Round": {
    "bin_center": [
      0.0,
      1.0,
      2.0,
      3.0,
      4.0,
      5.0,
      6.0,
      7.0,
      8.0,
      9.0,
      10.0,
      11.0,
      12.0,
      13.0,
      14.0,
      15.0,
      16.0
    ],
    "bin_start": [
      -0.5,
      0.5,
      1.5,
      2.5,
      3.5,
      4.5,
      5.5,
      6.5,
      7.5,
      8.5,
      9.5,
      10.5,
      11.5,
      12.5,
      13.5,
      14.5,
      15.5
    ],
    "bin_end": [
      0.5,
      1.5,
      2.5,
      3.5,
      4.5,
      5.5,
      6.5,
      7.5,
      8.5,
      9.5,
      10.5,
      11.5,
      12.5,
      13.5,
      14.5,
      15.5,
      16.5
    ],
    "winners_density": [
      0.0,
      0.05,
      0.0,
      0.0,
      0.35,
      0.1,
      0.25,
      0.15,
      0.1,
      0.0,
      0.0,
      0.0,
      0.0,
      0.0,
      0.0,
      0.0,
      0.0
    ],
    "non_winners_density": [
      0.00404040404040404,
      0.013636363636363636,
      0.03787878787878788,
      0.06262626262626263,
      0.08787878787878788,
      0.14545454545454545,
      0.14747474747474748,
      0.14292929292929293,
      0.12525252525252525,
      0.09393939393939393,
      0.0702020202020202,
      0.03888888888888889,
      0.015656565656565657,
      0.009595959595959595,
      0.0015151515151515152,
      0.0025252525252525255,
      0.000505050505050505
    ],
    "winners_count": [
      0,
      1,
      0,
      0,
      7,
      2,
      5,
      3,
      2,
      0,
      0,
      0,
      0,
      0,
      0,
      0,
      0
    ],
    "non_winners_count": [
      8,
      27,
      75,
      124,
      174,
      288,
      292,
      283,
      248,
      186,
      139,
      77,
      31,
      19,
      3,
      5,
      1
    ],
    "winners_mean": 5.3,
    "non_winners_mean": 6.598484848484849
  },
  "Sweet 16": {
    "bin_center": [
      0.0,
      1.0,
      2.0,
      3.0,
      4.0,
      5.0,
      6.0,
      7.0,
      8.0
    ],
    "bin_start": [
      -0.5,
      0.5,
      1.5,
      2.5,
      3.5,
      4.5,
      5.5,
      6.5,
      7.5
    ],
    "bin_end": [
      0.5,
      1.5,
      2.5,
      3.5,
      4.5,
      5.5,
      6.5,
      7.5,
      8.5
    ],
    "winners_density": [
      0.05,
      0.0,
      0.05,
      0.25,
      0.4,
      0.2,
      0.05,
      0.0,
      0.0
    ],
    "non_winners_density": [
      0.00808080808080808,
      0.03838383838383838,
      0.08131313131313131,
      0.1621212121212121,
      0.2207070707070707,
      0.21414141414141413,
      0.17575757575757575,
      0.0696969696969697,
      0.0297979797979798
    ],
    "winners_count": [
      1,
      0,
      1,
      5,
      8,
      4,
      1,
      0,
      0
    ],
    "non_winners_count": [
      16,
      76,
      161,
      321,
      437,
      424,
      348,
      138,
      59
    ],
    "winners_mean": 3.75,
    "non_winners_mean": 4.421717171717172
  },
  "Elite 8": {
    "bin_center": [
      0.0,
      1.0,
      2.0,
      3.0,
      4.0
    ],
    "bin_start": [
      -0.5,
      0.5,
      1.5,
      2.5,
      3.5
    ],
    "bin_end": [
      0.5,
      1.5,
      2.5,
      3.5,
      4.5
    ],
    "winners_density": [
      0.0,
      0.25,
      0.15,
      0.5,
      0.1
    ],
    "non_winners_density": [
      0.0398989898989899,
      0.16262626262626262,
      0.2868686868686869,
      0.32323232323232326,
      0.1873737373737374
    ],
    "winners_count": [
      0,
      5,
      3,
      10,
      2
    ],
    "non_winners_count": [
      79,
      322,
      568,
      640,
      371
    ],
    "winners_mean": 2.45,
    "non_winners_mean": 2.4555555555555557
  },
  "Total Upsets": {
    "bin_center": [
      1.0,
      2.0,
      3.0,
      4.0,
      5.0,
      6.0,
      7.0,
      8.0,
      9.0,
      10.0,
      11.0,
      12.0,
      13.0,
      14.0,
      15.0,
      16.0,
      17.0,
      18.0,
      19.0,
      20.0,
      21.0,
      22.0,
      23.0,
      24.0,
      25.0,
      26.0,
      27.0,
      28.0,
      29.0,
      30.0,
      31.0,
      32.0,
      33.0,
      34.0,
      35.0,
      36.0,
      37.0,
      38.0,
      39.0,
      40.0,
      41.0,
      42.0,
      43.0,
      44.0,
      45.0,
      46.0,
      47.0,
      48.0,
      49.0,
      50.0,
      51.0,
      52.0
    ],