{
  "First Round": {
    "bin_center": [
      0.0,
      1.0,
      2.0,
      3.0,
      4.0,
      5.0,
      6.0,
      7.0,
      8.0,
      9.0,
      10.0,
      11.0,
      12.0,
      13.0,
      14.0,
      15.0,
      16.0,
      17.0,
      18.0,
      19.0,
      20.0,
      21.0,
      22.0,
      23.0,
      24.0,
      25.0,
      26.0,
      27.0,
      28.0,
      29.0,
      30.0,
      31.0,
      32.0
    ],
    "bin_start": [
      -0.5,
      0.5,
      1.5,
      2.5,
      3.5,
      4.5,
      5.5,
      6.5,
      7.5,
      8.5,
      9.5,
      10.5,
      11.5,
      12.5,
      13.5,
      14.5,
      15.5,
      16.5,
      17.5,
      18.5,
      19.5,
      20.5,
      21.5,
      22.5,
      23.5,
      24.5,
      25.5,
      26.5,
      27.5,
      28.5,
      29.5,
      30.5,
      31.5
    ],
    "bin_end": [
      0.5,
      1.5,
      2.5,
      3.5,
      4.5,
      5.5,
      6.5,
      7.5,
      8.5,
      9.5,
      10.5,
      11.5,
      12.5,
      13.5,
      14.5,
      15.5,
      16.5,
      17.5,
      18.5,
      19.5,
      20.5,
      21.5,
      22.5,
      23.5,
      24.5,
      25.5,
      26.5,
      27.5,
      28.5,
      29.5,
      30.5,
      31.5,
      32.5
    ],
    "winners_density": [
      0.0,
      0.01,
      0.03,
      0.05,
      0.06,
      0.1,
      0.11,
      0.13,
      0.14,
      0.08,
      0.16,
      0.06,
      0.03,
      0.03,
      0.0,
      0.01,
      0.0,
      0.0,
      0.0,
      0.0,
      0.0,
      0.0,
      0.0,
      0.0,
      0.0,
      0.0,
      0.0,
      0.0,
      0.0,
      0.0,
      0.0,
      0.0,
      0.0
    ],
    "non_winners_density": [
      0.005454545454545455,
      0.010606060606060607,
      0.022525252525252525,
      0.03323232323232323,
      0.05202020202020202,
      0.0707070707070707,
      0.0905050505050505,
      0.10656565656565657,
      0.11070707070707071,
      0.11272727272727273,
      0.10343434343434343,
      0.09151515151515152,
      0.06686868686868687,
      0.045353535353535354,
      0.029595959595959596,
      0.020404040404040404,
      0.013434343434343434,
      0.006464646464646465,
      0.004242424242424243,
      0.0022222222222222222,
      0.0006060606060606061,
      0.000505050505050505,
      0.00030303030303030303,
      0.0,
      0.0,
      0.0,
      0.0,
      0.0,
      0.0,
      0.0,
      0.0,
      0.0,
      0.0
    ],
    "winners_count": [
      0,
      1,
      3,
      5,
      6,
      10,
      11,
      13,
      14,
      8,
      16,
      6,
      3,
      3,
      0,
      1,
      0,
      0,
      0,
      0,
      0,
      0,
      0,
      0,
      0,
      0,
      0,
      0,
      0,
      0,
      0,
      0,
      0
    ],
    "non_winners_count": [
      54,
      105,
      223,
      329,
      515,
      700,
      896,
      1055,
      1096,
      1116,
      1024,
      906,
      662,
      449,
      293,
      202,
      133,
      64,
      42,
      22,
      6,
      5,
      3,
      0,
      0,
      0,
      0,
      0,
      0,
      0,
      0,
      0,
      0
    ],
    "winners_mean": 7.53,
    "non_winners_mean": 8.532424242424243
  },
  "Second Round": {
    "bin_center": [
      0.0,
      1.0,
      2.0,
      3.0,
      4.0,
      5.0,
      6.0,
      7.0,
      8.0,
      9.0,
      10.0,
      11.0,
      12.0,
      13.0,
      14.0,
      15.0,
      16.0
    ],
    "bin_start": [
      -0.5,
      0.5,
      1.5,
      2.5,
      3.5,
      4.5,
      5.5,
      6.5,
      7.5,
      8.5,
      9.5,
      10.5,
      11.5,
      12.5,
      13.5,
      14.5,
      15.5
    ],
    "bin_end": [
      0.5,
      1.5,
      2.5,
      3.5,
      4.5,
      5.5,
      6.5,
      7.5,
      8.5,
      9.5,
      10.5,
      11.5,
      12.5,
      13.5,
      14.5,
      15.5,
      16.5
    ],
    "winners_density": [
      0.0,
      0.02,
      0.02,
      0.12,
      0.1,
      0.2,
      0.2,
      0.12,
      0.14,
      0.07,
      0.01,
      0.0,
      0.0,
      0.0,
      0.0,
      0.0,
      0.0
    ],
    "non_winners_density": [
      0.00797979797979798,
      0.016262626262626263,
      0.036565656565656565,
      0.06373737373737373,
      0.09828282828282828,
      0.13060606060606061,
      0.1496969696969697,
      0.14292929292929293,
      0.12575757575757576,
      0.09373737373737374,
      0.06343434343434344,
      0.03666666666666667,
      0.01898989898989899,
      0.010303030303030303,
      0.0037373737373737376,
      0.0012121212121212121,
      0.00010101010101010101
    ],
    "winners_count": [
      0,
      2,
      2,
      12,
      10,
      20,
      20,
      12,
      14,
      7,
      1,
      0,
      0,
      0,
      0,
      0,
      0
    ],
    "non_winners_count": [
      79,
      161,
      362,
      631,
      973,
      1293,
      1482,
      1415,
      1245,
      928,
      628,
      363,
      188,
      102,
      37,
      12,
      1
    ],
    "winners_mean": 5.71,
    "non_winners_mean": 6.546767676767677
  },
  "Sweet 16": {
    "bin_center": [
      0.0,
      1.0,
      2.0,
      3.0,
      4.0,
      5.0,
      6.0,
      7.0,
      8.0
    ],
    "bin_start": [
      -0.5,
      0.5,
      1.5,
      2.5,
      3.5,
      4.5,
      5.5,
      6.5,
      7.5
    ],
    "bin_end": [
      0.5,
      1.5,
      2.5,
      3.5,
      4.5,
      5.5,
      6.5,
      7.5,
      8.5
    ],
    "winners_density": [
      0.0,
      0.09,
      0.1,
      0.24,
      0.26,
      0.2,
      0.1,
      0.0,
      0.01
    ],
    "non_winners_density": [
      0.011313131313131313,
      0.03565656565656566,
      0.0906060606060606,
      0.16585858585858587,
      0.2175757575757576,
      0.2195959595959596,
      0.1619191919191919,
      0.07676767676767676,
      0.02070707070707071
    ],
    "winners_count": [
      0,
      9,
      10,
      24,
      26,
      20,
      10,
      0,
      1
    ],
    "non_winners_count": [
      112,
      353,
      897,
      1642,
      2154,
      2174,
      1603,
      760,
      205
    ],
    "winners_mean": 3.73,
    "non_winners_mean": 4.357272727272727
  },
  "Elite 8": {
    "bin_center": [
      0.0,
      1.0,
      2.0,
      3.0,
      4.0
    ],
    "bin_start": [
      -0.5,
      0.5,
      1.5,
      2.5,
      3.5
    ],
    "bin_end": [
      0.5,
      1.5,
      2.5,
      3.5,
      4.5
    ],
    "winners_density": [
      0.03,
      0.28,
      0.34,
      0.28,
      0.07
    ],
    "non_winners_density": [
      0.04626262626262626,
      0.1606060606060606,
      0.2960606060606061,
      0.32565656565656564,
      0.1714141414141414
    ],
    "winners_count": [
      3,
      28,
      34,
      28,
      7
    ],
    "non_winners_count": [
      458,
      1590,
      2931,
      3224,
      1697
    ],
    "winners_mean": 2.08,
    "non_winners_mean": 2.4153535353535354
  },
  "Total Upsets": {
    "bin_center": [
      0.0,
      1.0,
      2.0,
      3.0,
      4.0,
      5.0,
      6.0,
      7.0,
      8.0,
      9.0,
      10.0,
      11.0,
      12.0,
      13.0,
      14.0,
      15.0,
      16.0,
      17.0,
      18.0,
      19.0,
      20.0,
      21.0,
      22.0,
      23.0,
      24.0,
      25.0,
      26.0,
      27.0,
      28.0,
      29.0,
      30.0,
      31.0,
      32.0,
      33.0,
      34.0,
      35.0,
      36.0,
      37.0,
      38.0,
      39.0,
      40.0,
      41.0,
      42.0,
      43.0,
      44.0,
      45.0,
      46.0,
      47.0,
      48.0,
      49.0
    ],