round,mean_madness,std_madness
First Round,15.857442251756682,2.9537091990997455
Second Round,8.658118325278242,1.8620004465483126
Sweet 16,4.6700643277790395,1.090201153458711
Elite 8,2.4043543040317075,0.6954185892221667
Final Four,0.8777043835621576,0.38743922699222794
Championship,0.6573167797252176,0.30957385044361774
