round,max_advantage_upsets,max_advantage,max_density_upsets,mode_upsets,mean_upsets,std_upsets,losers_mean_upsets,losers_std_upsets,num_pools
First Round,10.0,0.05656565656565657,10.0,10.0,7.53,2.830035335468446,8.532424242424243,3.4773522932733627,100
Second Round,5.0,0.0693939393939394,5.0,5.0,5.71,1.9712686270521327,6.546767676767677,2.652259310677676,100
Sweet 16,3.0,0.07414141414141412,4.0,4.0,3.73,1.4618823482072694,4.357272727272727,1.6709437955969904,100
Elite 8,1.0,0.11939393939393941,2.0,2.0,2.08,0.9765244492586962,2.4153535353535354,1.0883249228236098,100
Final Four,,,,1.0,0.82,0.6723995925944721,1.0266666666666666,0.7427059453189542,100
Championship,,,,0.0,0.34,0.47609522856952335,0.4301010101010101,0.4950900233403021,100
Total Upsets,15.0,0.06454545454545454,15.0,15.0,20.21,5.746816510034056,23.308585858585857,8.08487970339608,100
