round,max_advantage_upsets,max_advantage,max_density_upsets,mode_upsets,mean_upsets,std_upsets,num_pools
First Round,7.0,0.06989898989898989,7.0,7.0,7.65,2.7290108097990378,100
Second Round,7.0,0.0792929292929293,7.0,7.0,5.77,2.1300469478394133,100
Sweet 16,4.0,0.10595959595959598,4.0,4.0,3.78,1.4668333238647124,100
Elite 8,1.0,0.07050505050505051,2.0,2.0,2.09,1.0108906963663284,100
Final Four,,,,1.0,0.81,0.646591685749831,100
Championship,,,,0.0,0.31,0.46482319871173167,100
Total Upsets,19.0,0.055353535353535356,19.0,19.0,20.41,5.585866092200923,100
