{
  "First Round": {
    "bin_center": [
      0.0,
      1.0,
      2.0,
      3.0,
      4.0,
      5.0,
      6.0,
      7.0,
      8.0,
      9.0,
      10.0,
      11.0,
      12.0,
      13.0,
      14.0,
      15.0,
      16.0,
      17.0,
      18.0,
      19.0,
      20.0,
      21.0,
      22.0,
      23.0,
      24.0,
      25.0,
      26.0,
      27.0,
      28.0,
      29.0,
      30.0,
      31.0,
      32.0
    ],
    "bin_start": [
      -0.5,
      0.5,
      1.5,
      2.5,
      3.5,
      4.5,
      5.5,
      6.5,
      7.5,
      8.5,
      9.5,
      10.5,
      11.5,
      12.5,
      13.5,
      14.5,
      15.5,
      16.5,
      17.5,
      18.5,
      19.5,
      20.5,
      21.5,
      22.5,
      23.5,
      24.5,
      25.5,
      26.5,
      27.5,
      28.5,
      29.5,
      30.5,
      31.5
    ],
    "bin_end": [
      0.5,
      1.5,
      2.5,
      3.5,
      4.5,
      5.5,
      6.5,
      7.5,
      8.5,
      9.5,
      10.5,
      11.5,
      12.5,
      13.5,
      14.5,
      15.5,
      16.5,
      17.5,
      18.5,
      19.5,
      20.5,
      21.5,
      22.5,
      23.5,
      24.5,
      25.5,
      26.5,
      27.5,
      28.5,
      29.5,
      30.5,
      31.5,
      32.5
    ],
    "winners_density": [
      0.133,
      0.23,
      0.268,
      0.187,
      0.101,
      0.05,
      0.014,
      0.011,
      0.001,
      0.003,
      0.002,
      0.0,
      0.0,
      0.0,
      0.0,
      0.0,
      0.0,
      0.0,
      0.0,
      0.0,
      0.0,
      0.0,
      0.0,
      0.0,
      0.0,
      0.0,
      0.0,
      0.0,
      0.0,
      0.0,
      0.0,
      0.0,
      0.0
    ],
    "non_winners_density": [
      0.0012222222222222222,
      0.004111111111111111,
      0.007,
      0.01211111111111111,
      0.020444444444444446,
      0.029777777777777778,
      0.04455555555555556,
      0.06644444444444444,
      0.0791111111111111,
      0.09811111111111111,
      0.11433333333333333,
      0.10611111111111111,
      0.10366666666666667,
      0.09277777777777778,
      0.06766666666666667,
      0.05688888888888889,
      0.03688888888888889,
      0.02422222222222222,
      0.017555555555555557,
      0.00788888888888889,
      0.006,
      0.0015555555555555555,
      0.0008888888888888889,
      0.0005555555555555556,
      0.00011111111111111112,
      0.0,
      0.0,
      0.0,
      0.0,
      0.0,
      0.0,
      0.0,
      0.0
    ],
    "winners_count": [
      133,
      230,
      268,
      187,
      101,
      50,
      14,
      11,
      1,
      3,
      2,
      0,
      0,
      0,
      0,
      0,
      0,
      0,
      0,
      0,
      0,
      0,
      0,
      0,
      0,
      0,
      0,
      0,
      0,
      0,
      0,
      0,
      0
    ],
    "non_winners_count": [
      11,
      37,
      63,
      109,
      184,
      268,
      401,
      598,
      712,
      883,
      1029,
      955,
      933,
      835,
      609,
      512,
      332,
      218,
      158,
      71,
      54,
      14,
      8,
      5,
      1,
      0,
      0,
      0,
      0,
      0,
      0,
      0,
      0
    ],
    "winners_mean": 2.197,
    "non_winners_mean": 10.750333333333334
  },
  "Second Round": {
    "bin_center": [
      0.0,
      1.0,
      2.0,
      3.0,
      4.0,
      5.0,
      6.0,
      7.0,
      8.0,
      9.0,
      10.0,
      11.0,
      12.0,
      13.0,
      14.0,
      15.0,
      16.0
    ],
    "bin_start": [
      -0.5,
      0.5,
      1.5,
      2.5,
      3.5,
      4.5,
      5.5,
      6.5,
      7.5,
      8.5,
      9.5,
      10.5,
      11.5,
      12.5,
      13.5,
      14.5,
      15.5
    ],
    "bin_end": [
      0.5,
      1.5,
      2.5,
      3.5,
      4.5,
      5.5,
      6.5,
      7.5,
      8.5,
      9.5,
      10.5,
      11.5,
      12.5,
      13.5,
      14.5,
      15.5,
      16.5
    ],
    "winners_density": [
      0.212,
      0.335,
      0.251,
      0.128,
      0.053,
      0.014,
      0.004,
      0.003,
      0.0,
      0.0,
      0.0,
      0.0,
      0.0,
      0.0,
      0.0,
      0.0,
      0.0
    ],
    "non_winners_density": [
      0.0035555555555555557,
      0.010444444444444444,
      0.02411111111111111,
      0.04688888888888889,
      0.07722222222222222,
      0.10755555555555556,
      0.1381111111111111,
      0.13877777777777778,
      0.1312222222222222,
      0.10366666666666667,
      0.0791111111111111,
      0.060333333333333336,
      0.043555555555555556,
      0.02288888888888889,
      0.008666666666666666,
      0.0033333333333333335,
      0.0005555555555555556
    ],
    "winners_count": [
      212,
      335,
      251,
      128,
      53,
      14,
      4,
      3,
      0,
      0,
      0,
      0,
      0,
      0,
      0,
      0,
      0
    ],
    "non_winners_count": [
      32,
      94,
      217,
      422,
      695,
      968,
      1243,
      1249,
      1181,
      933,
      712,
      543,
      392,
      206,
      78,
      30,
      5
    ],
    "winners_mean": 1.548,
    "non_winners_mean": 7.284111111111111
  },
  "Sweet 16": {
    "bin_center": [
      0.0,
      1.0,
      2.0,
      3.0,
      4.0,
      5.0,
      6.0,
      7.0,
      8.0
    ],
    "bin_start": [
      -0.5,
      0.5,
      1.5,
      2.5,
      3.5,
      4.5,
      5.5,
      6.5,
      7.5
    ],
    "bin_end": [
      0.5,
      1.5,
      2.5,
      3.5,
      4.5,
      5.5,
      6.5,
      7.5,
      8.5
    ],
    "winners_density": [
      0.35,
      0.385,
      0.204,
      0.049,
      0.008,
      0.004,
      0.0,
      0.0,
      0.0
    ],
    "non_winners_density": [
      0.011444444444444445,
      0.04055555555555555,
      0.09977777777777778,
      0.17177777777777778,
      0.20866666666666667,
      0.19144444444444444,
      0.14855555555555555,
      0.09177777777777778,
      0.036
    ],
    "winners_count": [
      350,
      385,
      204,
      49,
      8,
      4,
      0,
      0,
      0
    ],
    "non_winners_count": [
      103,
      365,
      898,
      1546,
      1878,
      1723,
      1337,
      826,
      324
    ],
    "winners_mean": 0.992,
    "non_winners_mean": 4.369111111111111
  },
  "Elite 8": {
    "bin_center": [
      0.0,
      1.0,
      2.0,
      3.0,
      4.0
    ],
    "bin_start": [
      -0.5,
      0.5,
      1.5,
      2.5,
      3.5
    ],
    "bin_end": [
      0.5,
      1.5,
      2.5,
      3.5,
      4.5
    ],
    "winners_density": [
      0.541,
      0.365,
      0.079,
      0.013,
      0.002
    ],
    "non_winners_density": [
      0.058222222222222224,
      0.18933333333333333,
      0.29533333333333334,
      0.2856666666666667,
      0.17144444444444445
    ],
    "winners_count": [
      541,
      365,
      79,
      13,
      2
    ],
    "non_winners_count": [
      524,
      1704,
      2658,
      2571,
      1543
    ],
    "winners_mean": 0.57,
    "non_winners_mean": 2.3227777777777776
  },
  "Total Upsets": {
    "bin_center": [
      0.0,
      1.0,
      2.0,
      3.0,
      4.0,
      5.0,
      6.0,
      7.0,
      8.0,
      9.0,
      10.0,
      11.0,
      12.0,
      13.0,
      14.0,
      15.0,
      16.0,
      17.0,
      18.0,
      19.0,
      20.0,
      21.0,
      22.0,
      23.0,
      24.0,
      25.0,
      26.0,
      27.0,
      28.0,
      29.0,
      30.0,
      31.0,
      32.0,
      33.0,
      34.0,
      35.0,
      36.0,
      37.0,
      38.0,
      39.0,
      40.0,
      41.0,
      42.0,
      43.0,
      44.0,
      45.0,
      46.0,
      47.0,
      48.0,
      49.0,
      50.0,
      51.0,
      52.0
    ],