{
  "First Round": {
    "bin_center": [
      0.0,
      1.0,
      2.0,
      3.0,
      4.0,
      5.0,
      6.0,
      7.0,
      8.0,
      9.0,
      10.0,
      11.0,
      12.0,
      13.0,
      14.0,
      15.0,
      16.0,
      17.0,
      18.0,
      19.0,
      20.0,
      21.0,
      22.0,
      23.0,
      24.0,
      25.0,
      26.0,
      27.0,
      28.0,
      29.0,
      30.0,
      31.0,
      32.0
    ],
    "bin_start": [
      -0.5,
      0.5,
      1.5,
      2.5,
      3.5,
      4.5,
      5.5,
      6.5,
      7.5,
      8.5,
      9.5,
      10.5,
      11.5,
      12.5,
      13.5,
      14.5,
      15.5,
      16.5,
      17.5,
      18.5,
      19.5,
      20.5,
      21.5,
      22.5,
      23.5,
      24.5,
      25.5,
      26.5,
      27.5,
      28.5,
      29.5,
      30.5,
      31.5
    ],
    "bin_end": [
      0.5,
      1.5,
      2.5,
      3.5,
      4.5,
      5.5,
      6.5,
      7.5,
      8.5,
      9.5,
      10.5,
      11.5,
      12.5,
      13.5,
      14.5,
      15.5,
      16.5,
      17.5,
      18.5,
      19.5,
      20.5,
      21.5,
      22.5,
      23.5,
      24.5,
      25.5,
      26.5,
      27.5,
      28.5,
      29.5,
      30.5,
      31.5,
      32.5
    ],
    "winners_density": [
      0.11,
      0.17,
      0.28,
      0.22,
      0.12,
      0.05,
      0.01,
      0.02,
      0.01,
      0.01,
      0.0,
      0.0,
      0.0,
      0.0,
      0.0,
      0.0,
      0.0,
      0.0,
      0.0,
      0.0,
      0.0,
      0.0,
      0.0,
      0.0,
      0.0,
      0.0,
      0.0,
      0.0,
      0.0,
      0.0,
      0.0,
      0.0,
      0.0
    ],
    "non_winners_density": [
      0.0044444444444444444,
      0.0077777777777777776,
      0.005555555555555556,
      0.011111111111111112,
      0.028888888888888888,
      0.021111111111111112,
      0.044444444444444446,
      0.07,
      0.06888888888888889,
      0.08777777777777777,
      0.12444444444444444,
      0.10111111111111111,
      0.1111111111111111,
      0.10111111111111111,
      0.057777777777777775,
      0.06222222222222222,
      0.03777777777777778,
      0.022222222222222223,
      0.01,
      0.01,
      0.0077777777777777776,
      0.0011111111111111111,
      0.0011111111111111111,
      0.0022222222222222222,
      0.0,
      0.0,
      0.0,
      0.0,
      0.0,
      0.0,
      0.0,
      0.0,
      0.0
    ],
    "winners_count": [
      11,
      17,
      28,
      22,
      12,
      5,
      1,
      2,
      1,
      1,
      0,
      0,
      0,
      0,
      0,
      0,
      0,
      0,
      0,
      0,
      0,
      0,
      0,
      0,
      0,
      0,
      0,
      0,
      0,
      0,
      0,
      0,
      0
    ],
    "non_winners_count": [
      4,
      7,
      5,
      10,
      26,
      19,
      40,
      63,
      62,
      79,
      112,
      91,
      100,
      91,
      52,
      56,
      34,
      20,
      9,
      9,
      7,
      1,
      1,
      2,
      0,
      0,
      0,
      0,
      0,
      0,
      0,
      0,
      0
    ],
    "winners_mean": 2.49,
    "non_winners_mean": 10.724444444444444
  },
  "Second Round": {
    "bin_center": [
      0.0,
      1.0,
      2.0,
      3.0,
      4.0,
      5.0,
      6.0,
      7.0,
      8.0,
      9.0,
      10.0,
      11.0,
      12.0,
      13.0,
      14.0,
      15.0,
      16.0
    ],
    "bin_start": [
      -0.5,
      0.5,
      1.5,
      2.5,
      3.5,
      4.5,
      5.5,
      6.5,
      7.5,
      8.5,
      9.5,
      10.5,
      11.5,
      12.5,
      13.5,
      14.5,
      15.5
    ],
    "bin_end": [
      0.5,
      1.5,
      2.5,
      3.5,
      4.5,
      5.5,
      6.5,
      7.5,
      8.5,
      9.5,
      10.5,
      11.5,
      12.5,
      13.5,
      14.5,
      15.5,
      16.5
    ],
    "winners_density": [
      0.2,
      0.29,
      0.27,
      0.18,
      0.05,
      0.0,
      0.0,
      0.01,
      0.0,
      0.0,
      0.0,
      0.0,
      0.0,
      0.0,
      0.0,
      0.0,
      0.0
    ],
    "non_winners_density": [
      0.006666666666666667,
      0.01,
      0.03222222222222222,
      0.043333333333333335,
      0.06888888888888889,
      0.09666666666666666,
      0.12555555555555556,
      0.14888888888888888,
      0.12777777777777777,
      0.12333333333333334,
      0.0811111111111111,
      0.051111111111111114,
      0.05,
      0.022222222222222223,
      0.008888888888888889,
      0.0022222222222222222,
      0.0011111111111111111
    ],
    "winners_count": [
      20,
      29,
      27,
      18,
      5,
      0,
      0,
      1,
      0,
      0,
      0,
      0,
      0,
      0,
      0,
      0,
      0
    ],
    "non_winners_count": [
      6,
      9,
      29,
      39,
      62,
      87,
      113,
      134,
      115,
      111,
      73,
      46,
      45,
      20,
      8,
      2,
      1
    ],
    "winners_mean": 1.64,
    "non_winners_mean": 7.328888888888889
  },
  "Sweet 16": {
    "bin_center": [
      0.0,
      1.0,
      2.0,
      3.0,
      4.0,
      5.0,
      6.0,
      7.0,
      8.0
    ],
    "bin_start": [
      -0.5,
      0.5,
      1.5,
      2.5,
      3.5,
      4.5,
      5.5,
      6.5,
      7.5
    ],
    "bin_end": [
      0.5,
      1.5,
      2.5,
      3.5,
      4.5,
      5.5,
      6.5,
      7.5,
      8.5
    ],
    "winners_density": [
      0.29,
      0.38,
      0.17,
      0.14,
      0.02,
      0.0,
      0.0,
      0.0,
      0.0
    ],
    "non_winners_density": [
      0.014444444444444444,
      0.03666666666666667,
      0.07777777777777778,
      0.15888888888888889,
      0.21666666666666667,
      0.21333333333333335,
      0.14666666666666667,
      0.09555555555555556,
      0.04
    ],
    "winners_count": [
      29,
      38,
      17,
      14,
      2,
      0,
      0,
      0,
      0
    ],
    "non_winners_count": [
      13,
      33,
      70,
      143,
      195,
      192,
      132,
      86,
      36
    ],
    "winners_mean": 1.22,
    "non_winners_mean": 4.471111111111111
  },
  "Elite 8": {
    "bin_center": [
      0.0,
      1.0,
      2.0,
      3.0,
      4.0
    ],
    "bin_start": [
      -0.5,
      0.5,
      1.5,
      2.5,
      3.5
    ],
    "bin_end": [
      0.5,
      1.5,
      2.5,
      3.5,
      4.5
    ],
    "winners_density": [
      0.56,
      0.34,
      0.09,
      0.01,
      0.0
    ],
    "non_winners_density": [
      0.06222222222222222,
      0.1922222222222222,
      0.2811111111111111,
      0.27666666666666667,
      0.18777777777777777
    ],
    "winners_count": [
      56,
      34,
      9,
      1,
      0
    ],
    "non_winners_count": [
      56,
      173,
      253,
      249,
      169
    ],
    "winners_mean": 0.55,
    "non_winners_mean": 2.3355555555555556
  },
  "Total Upsets": {
    "bin_center": [
      0.0,
      1.0,
      2.0,
      3.0,
      4.0,
      5.0,
      6.0,
      7.0,
      8.0,
      9.0,
      10.0,
      11.0,
      12.0,
      13.0,
      14.0,
      15.0,
      16.0,
      17.0,
      18.0,
      19.0,
      20.0,
      21.0,
      22.0,
      23.0,
      24.0,
      25.0,
      26.0,
      27.0,
      28.0,
      29.0,
      30.0,
      31.0,
      32.0,
      33.0,
      34.0,
      35.0,
      36.0,
      37.0,
      38.0,
      39.0,
      40.0,
      41.0,
      42.0,
      43.0,
      44.0,
      45.0,
      46.0,
      47.0,
      48.0,
      49.0,
      50.0,
      51.0,
      52.0
    ],