{
  "First Round": {
    "bin_center": [
      0.0,
      1.0,
      2.0,
      3.0,
      4.0,
      5.0,
      6.0,
      7.0,
      8.0,
      9.0,
      10.0,
      11.0,
      12.0,
      13.0,
      14.0,
      15.0,
      16.0,
      17.0,
      18.0,
      19.0,
      20.0,
      21.0,
      22.0,
      23.0,
      24.0,
      25.0,
      26.0,
      27.0,
      28.0,
      29.0,
      30.0,
      31.0,
      32.0
    ],
    "bin_start": [
      -0.5,
      0.5,
      1.5,
      2.5,
      3.5,
      4.5,
      5.5,
      6.5,
      7.5,
      8.5,
      9.5,
      10.5,
      11.5,
      12.5,
      13.5,
      14.5,
      15.5,
      16.5,
      17.5,
      18.5,
      19.5,
      20.5,
      21.5,
      22.5,
      23.5,
      24.5,
      25.5,
      26.5,
      27.5,
      28.5,
      29.5,
      30.5,
      31.5
    ],
    "bin_end": [
      0.5,
      1.5,
      2.5,
      3.5,
      4.5,
      5.5,
      6.5,
      7.5,
      8.5,
      9.5,
      10.5,
      11.5,
      12.5,
      13.5,
      14.5,
      15.5,
      16.5,
      17.5,
      18.5,
      19.5,
      20.5,
      21.5,
      22.5,
      23.5,
      24.5,
      25.5,
      26.5,
      27.5,
      28.5,
      29.5,
      30.5,
      31.5,
      32.5
    ],
    "winners_density": [
      0.08,
      0.24,
      0.23,
      0.24,
      0.14,
      0.04,
      0.03,
      0.0,
      0.0,
      0.0,
      0.0,
      0.0,
      0.0,
      0.0,
      0.0,
      0.0,
      0.0,
      0.0,
      0.0,
      0.0,
      0.0,
      0.0,
      0.0,
      0.0,
      0.0,
      0.0,
      0.0,
      0.0,
      0.0,
      0.0,
      0.0,
      0.0,
      0.0
    ],
    "non_winners_density": [
      0.0044444444444444444,
      0.0033333333333333335,
      0.0077777777777777776,
      0.0077777777777777776,
      0.013333333333333334,
      0.025555555555555557,
      0.03333333333333333,
      0.06555555555555556,
      0.07333333333333333,
      0.09888888888888889,
      0.1111111111111111,
      0.12222222222222222,
      0.10777777777777778,
      0.09444444444444444,
      0.07222222222222222,
      0.06,
      0.042222222222222223,
      0.025555555555555557,
      0.015555555555555555,
      0.008888888888888889,
      0.0033333333333333335,
      0.0011111111111111111,
      0.0011111111111111111,
      0.0011111111111111111,
      0.0,
      0.0,
      0.0,
      0.0,
      0.0,
      0.0,
      0.0,
      0.0,
      0.0
    ],
    "winners_count": [
      8,
      24,
      23,
      24,
      14,
      4,
      3,
      0,
      0,
      0,
      0,
      0,
      0,
      0,
      0,
      0,
      0,
      0,
      0,
      0,
      0,
      0,
      0,
      0,
      0,
      0,
      0,
      0,
      0,
      0,
      0,
      0,
      0
    ],
    "non_winners_count": [
      4,
      3,
      7,
      7,
      12,
      23,
      30,
      59,
      66,
      89,
      100,
      110,
      97,
      85,
      65,
      54,
      38,
      23,
      14,
      8,
      3,
      1,
      1,
      1,
      0,
      0,
      0,
      0,
      0,
      0,
      0,
      0,
      0
    ],
    "winners_mean": 2.36,
    "non_winners_mean": 10.945555555555556
  },
  "Second Round": {
    "bin_center": [
      0.0,
      1.0,
      2.0,
      3.0,
      4.0,
      5.0,
      6.0,
      7.0,
      8.0,
      9.0,
      10.0,
      11.0,
      12.0,
      13.0,
      14.0,
      15.0,
      16.0
    ],
    "bin_start": [
      -0.5,
      0.5,
      1.5,
      2.5,
      3.5,
      4.5,
      5.5,
      6.5,
      7.5,
      8.5,
      9.5,
      10.5,
      11.5,
      12.5,
      13.5,
      14.5,
      15.5
    ],
    "bin_end": [
      0.5,
      1.5,
      2.5,
      3.5,
      4.5,
      5.5,
      6.5,
      7.5,
      8.5,
      9.5,
      10.5,
      11.5,
      12.5,
      13.5,
      14.5,
      15.5,
      16.5
    ],
    "winners_density": [
      0.23,
      0.36,
      0.23,
      0.14,
      0.04,
      0.0,
      0.0,
      0.0,
      0.0,
      0.0,
      0.0,
      0.0,
      0.0,
      0.0,
      0.0,
      0.0,
      0.0
    ],
    "non_winners_density": [
      0.005555555555555556,
      0.008888888888888889,
      0.022222222222222223,
      0.04,
      0.07,
      0.10777777777777778,
      0.1288888888888889,
      0.15333333333333332,
      0.1288888888888889,
      0.11555555555555555,
      0.08555555555555555,
      0.06444444444444444,
      0.034444444444444444,
      0.023333333333333334,
      0.008888888888888889,
      0.0011111111111111111,
      0.0011111111111111111
    ],
    "winners_count": [
      23,
      36,
      23,
      14,
      4,
      0,
      0,
      0,
      0,
      0,
      0,
      0,
      0,
      0,
      0,
      0,
      0
    ],
    "non_winners_count": [
      5,
      8,
      20,
      36,
      63,
      97,
      116,
      138,
      116,
      104,
      77,
      58,
      31,
      21,
      8,
      1,
      1
    ],
    "winners_mean": 1.4,
    "non_winners_mean": 7.35
  },
  "Sweet 16": {
    "bin_center": [
      0.0,
      1.0,
      2.0,
      3.0,
      4.0,
      5.0,
      6.0,
      7.0,
      8.0
    ],
    "bin_start": [
      -0.5,
      0.5,
      1.5,
      2.5,
      3.5,
      4.5,
      5.5,
      6.5,
      7.5
    ],
    "bin_end": [
      0.5,
      1.5,
      2.5,
      3.5,
      4.5,
      5.5,
      6.5,
      7.5,
      8.5
    ],
    "winners_density": [
      0.35,
      0.38,
      0.18,
      0.08,
      0.01,
      0.0,
      0.0,
      0.0,
      0.0
    ],
    "non_winners_density": [
      0.01,
      0.04111111111111111,
      0.09222222222222222,
      0.16666666666666666,
      0.22555555555555556,
      0.20555555555555555,
      0.12777777777777777,
      0.09111111111111111,
      0.04
    ],
    "winners_count": [
      35,
      38,
      18,
      8,
      1,
      0,
      0,
      0,
      0
    ],
    "non_winners_count": [
      9,
      37,
      83,
      150,
      203,
      185,
      115,
      82,
      36
    ],
    "winners_mean": 1.02,
    "non_winners_mean": 4.38
  },
  "Elite 8": {
    "bin_center": [
      0.0,
      1.0,
      2.0,
      3.0,
      4.0
    ],
    "bin_start": [
      -0.5,
      0.5,
      1.5,
      2.5,
      3.5
    ],
    "bin_end": [
      0.5,
      1.5,
      2.5,
      3.5,
      4.5
    ],
    "winners_density": [
      0.57,
      0.34,
      0.09,
      0.0,
      0.0
    ],
    "non_winners_density": [
      0.06111111111111111,
      0.2088888888888889,
      0.2688888888888889,
      0.2722222222222222,
      0.18888888888888888
    ],
    "winners_count": [
      57,
      34,
      9,
      0,
      0
    ],
    "non_winners_count": [
      55,
      188,
      242,
      245,
      170
    ],
    "winners_mean": 0.52,
    "non_winners_mean": 2.318888888888889
  },
  "Total Upsets": {
    "bin_center": [
      0.0,
      1.0,
      2.0,
      3.0,
      4.0,
      5.0,
      6.0,
      7.0,
      8.0,
      9.0,
      10.0,
      11.0,
      12.0,
      13.0,
      14.0,
      15.0,
      16.0,
      17.0,
      18.0,
      19.0,
      20.0,
      21.0,
      22.0,
      23.0,
      24.0,
      25.0,
      26.0,
      27.0,
      28.0,
      29.0,
      30.0,
      31.0,
      32.0,
      33.0,
      34.0,
      35.0,
      36.0,
      37.0,
      38.0,
      39.0,
      40.0,
      41.0,
      42.0,
      43.0,
      44.0,
      45.0,
      46.0,
      47.0,
      48.0,
      49.0,
      50.0,
      51.0,
      52.0,
      53.0
    ],