{
  "First Round": {
    "bin_center": [
      0.0,
      1.0,
      2.0,
      3.0,
      4.0,
      5.0,
      6.0,
      7.0,
      8.0,
      9.0,
      10.0,
      11.0,
      12.0,
      13.0,
      14.0,
      15.0,
      16.0,
      17.0,
      18.0,
      19.0,
      20.0,
      21.0,
      22.0,
      23.0,
      24.0,
      25.0,
      26.0,
      27.0,
      28.0,
      29.0,
      30.0,
      31.0,
      32.0
    ],
    "bin_start": [
      -0.5,
      0.5,
      1.5,
      2.5,
      3.5,
      4.5,
      5.5,
      6.5,
      7.5,
      8.5,
      9.5,
      10.5,
      11.5,
      12.5,
      13.5,
      14.5,
      15.5,
      16.5,
      17.5,
      18.5,
      19.5,
      20.5,
      21.5,
      22.5,
      23.5,
      24.5,
      25.5,
      26.5,
      27.5,
      28.5,
      29.5,
      30.5,
      31.5
    ],
    "bin_end": [
      0.5,
      1.5,
      2.5,
      3.5,
      4.5,
      5.5,
      6.5,
      7.5,
      8.5,
      9.5,
      10.5,
      11.5,
      12.5,
      13.5,
      14.5,
      15.5,
      16.5,
      17.5,
      18.5,
      19.5,
      20.5,
      21.5,
      22.5,
      23.5,
      24.5,
      25.5,
      26.5,
      27.5,
      28.5,
      29.5,
      30.5,
      31.5,
      32.5
    ],
    "winners_density": [
      0.09,
      0.29,
      0.26,
      0.21,
      0.1,
      0.03,
      0.01,
      0.0,
      0.0,
      0.01,
      0.0,
      0.0,
      0.0,
      0.0,
      0.0,
      0.0,
      0.0,
      0.0,
      0.0,
      0.0,
      0.0,
      0.0,
      0.0,
      0.0,
      0.0,
      0.0,
      0.0,
      0.0,
      0.0,
      0.0,
      0.0,
      0.0,
      0.0
    ],
    "non_winners_density": [
      0.0,
      0.006666666666666667,
      0.0033333333333333335,
      0.02,
      0.024444444444444446,
      0.03222222222222222,
      0.04666666666666667,
      0.08444444444444445,
      0.08333333333333333,
      0.09333333333333334,
      0.11666666666666667,
      0.11444444444444445,
      0.09777777777777778,
      0.07666666666666666,
      0.06888888888888889,
      0.04,
      0.03,
      0.021111111111111112,
      0.021111111111111112,
      0.01,
      0.0022222222222222222,
      0.005555555555555556,
      0.0011111111111111111,
      0.0,
      0.0,
      0.0,
      0.0,
      0.0,
      0.0,
      0.0,
      0.0,
      0.0,
      0.0
    ],
    "winners_count": [
      9,
      29,
      26,
      21,
      10,
      3,
      1,
      0,
      0,
      1,
      0,
      0,
      0,
      0,
      0,
      0,
      0,
      0,
      0,
      0,
      0,
      0,
      0,
      0,
      0,
      0,
      0,
      0,
      0,
      0,
      0,
      0,
      0
    ],
    "non_winners_count": [
      0,
      6,
      3,
      18,
      22,
      29,
      42,
      76,
      75,
      84,
      105,
      103,
      88,
      69,
      62,
      36,
      27,
      19,
      19,
      9,
      2,
      5,
      1,
      0,
      0,
      0,
      0,
      0,
      0,
      0,
      0,
      0,
      0
    ],
    "winners_mean": 2.14,
    "non_winners_mean": 10.464444444444444
  },
  "Second Round": {
    "bin_center": [
      0.0,
      1.0,
      2.0,
      3.0,
      4.0,
      5.0,
      6.0,
      7.0,
      8.0,
      9.0,
      10.0,
      11.0,
      12.0,
      13.0,
      14.0,
      15.0,
      16.0
    ],
    "bin_start": [
      -0.5,
      0.5,
      1.5,
      2.5,
      3.5,
      4.5,
      5.5,
      6.5,
      7.5,
      8.5,
      9.5,
      10.5,
      11.5,
      12.5,
      13.5,
      14.5,
      15.5
    ],
    "bin_end": [
      0.5,
      1.5,
      2.5,
      3.5,
      4.5,
      5.5,
      6.5,
      7.5,
      8.5,
      9.5,
      10.5,
      11.5,
      12.5,
      13.5,
      14.5,
      15.5,
      16.5
    ],
    "winners_density": [
      0.19,
      0.4,
      0.18,
      0.19,
      0.03,
      0.0,
      0.01,
      0.0,
      0.0,
      0.0,
      0.0,
      0.0,
      0.0,
      0.0,
      0.0,
      0.0,
      0.0
    ],
    "non_winners_density": [
      0.0011111111111111111,
      0.008888888888888889,
      0.03888888888888889,
      0.05333333333333334,
      0.08333333333333333,
      0.12222222222222222,
      0.1322222222222222,
      0.13666666666666666,
      0.11777777777777777,
      0.10666666666666667,
      0.06777777777777778,
      0.051111111111111114,
      0.04888888888888889,
      0.013333333333333334,
      0.014444444444444444,
      0.0022222222222222222,
      0.0011111111111111111
    ],
    "winners_count": [
      19,
      40,
      18,
      19,
      3,
      0,
      1,
      0,
      0,
      0,
      0,
      0,
      0,
      0,
      0,
      0,
      0
    ],
    "non_winners_count": [
      1,
      8,
      35,
      48,
      75,
      110,
      119,
      123,
      106,
      96,
      61,
      46,
      44,
      12,
      13,
      2,
      1
    ],
    "winners_mean": 1.51,
    "non_winners_mean": 7.096666666666667
  },
  "Sweet 16": {
    "bin_center": [
      0.0,
      1.0,
      2.0,
      3.0,
      4.0,
      5.0,
      6.0,
      7.0,
      8.0
    ],
    "bin_start": [
      -0.5,
      0.5,
      1.5,
      2.5,
      3.5,
      4.5,
      5.5,
      6.5,
      7.5
    ],
    "bin_end": [
      0.5,
      1.5,
      2.5,
      3.5,
      4.5,
      5.5,
      6.5,
      7.5,
      8.5
    ],
    "winners_density": [
      0.33,
      0.42,
      0.16,
      0.06,
      0.02,
      0.01,
      0.0,
      0.0,
      0.0
    ],
    "non_winners_density": [
      0.008888888888888889,
      0.05,
      0.10333333333333333,
      0.17,
      0.23,
      0.17333333333333334,
      0.14,
      0.09444444444444444,
      0.03
    ],
    "winners_count": [
      33,
      42,
      16,
      6,
      2,
      1,
      0,
      0,
      0
    ],
    "non_winners_count": [
      8,
      45,
      93,
      153,
      207,
      156,
      126,
      85,
      27
    ],
    "winners_mean": 1.05,
    "non_winners_mean": 4.294444444444444
  },
  "Elite 8": {
    "bin_center": [
      0.0,
      1.0,
      2.0,
      3.0,
      4.0
    ],
    "bin_start": [
      -0.5,
      0.5,
      1.5,
      2.5,
      3.5
    ],
    "bin_end": [
      0.5,
      1.5,
      2.5,
      3.5,
      4.5
    ],
    "winners_density": [
      0.5,
      0.38,
      0.1,
      0.02,
      0.0
    ],
    "non_winners_density": [
      0.057777777777777775,
      0.20222222222222222,
      0.2822222222222222,
      0.2911111111111111,
      0.16666666666666666
    ],
    "winners_count": [
      50,
      38,
      10,
      2,
      0
    ],
    "non_winners_count": [
      52,
      182,
      254,
      262,
      150
    ],
    "winners_mean": 0.64,
    "non_winners_mean": 2.3066666666666666
  },
  "Total Upsets": {
    "bin_center": [
      0.0,
      1.0,
      2.0,
      3.0,
      4.0,
      5.0,
      6.0,
      7.0,
      8.0,
      9.0,
      10.0,
      11.0,
      12.0,
      13.0,
      14.0,
      15.0,
      16.0,
      17.0,
      18.0,
      19.0,
      20.0,
      21.0,
      22.0,
      23.0,
      24.0,
      25.0,
      26.0,
      27.0,
      28.0,
      29.0,
      30.0,
      31.0,
      32.0,
      33.0,
      34.0,
      35.0,
      36.0,
      37.0,
      38.0,
      39.0,
      40.0,
      41.0,
      42.0,
      43.0,
      44.0,
      45.0,
      46.0,
      47.0,
      48.0,
      49.0,
      50.0,
      51.0,
      52.0,
      53.0
    ],