{
  "First Round": {
    "bin_center": [
      0.0,
      1.0,
      2.0,
      3.0,
      4.0,
      5.0,
      6.0,
      7.0,
      8.0,
      9.0,
      10.0,
      11.0,
      12.0,
      13.0,
      14.0,
      15.0,
      16.0,
      17.0,
      18.0,
      19.0,
      20.0,
      21.0,
      22.0,
      23.0,
      24.0,
      25.0,
      26.0,
      27.0,
      28.0,
      29.0,
      30.0,
      31.0,
      32.0
    ],
    "bin_start": [
      -0.5,
      0.5,
      1.5,
      2.5,
      3.5,
      4.5,
      5.5,
      6.5,
      7.5,
      8.5,
      9.5,
      10.5,
      11.5,
      12.5,
      13.5,
      14.5,
      15.5,
      16.5,
      17.5,
      18.5,
      19.5,
      20.5,
      21.5,
      22.5,
      23.5,
      24.5,
      25.5,
      26.5,
      27.5,
      28.5,
      29.5,
      30.5,
      31.5
    ],
    "bin_end": [
      0.5,
      1.5,
      2.5,
      3.5,
      4.5,
      5.5,
      6.5,
      7.5,
      8.5,
      9.5,
      10.5,
      11.5,
      12.5,
      13.5,
      14.5,
      15.5,
      16.5,
      17.5,
      18.5,
      19.5,
      20.5,
      21.5,
      22.5,
      23.5,
      24.5,
      25.5,
      26.5,
      27.5,
      28.5,
      29.5,
      30.5,
      31.5,
      32.5
    ],
    "winners_density": [
      0.111,
      0.225,
      0.264,
      0.184,
      0.123,
      0.058,
      0.016,
      0.011,
      0.002,
      0.003,
      0.002,
      0.001,
      0.0,
      0.0,
      0.0,
      0.0,
      0.0,
      0.0,
      0.0,
      0.0,
      0.0,
      0.0,
      0.0,
      0.0,
      0.0,
      0.0,
      0.0,
      0.0,
      0.0,
      0.0,
      0.0,
      0.0,
      0.0
    ],
    "non_winners_density": [
      0.0015555555555555555,
      0.004222222222222222,
      0.008444444444444444,
      0.012333333333333333,
      0.021666666666666667,
      0.030111111111111113,
      0.043111111111111114,
      0.06422222222222222,
      0.08344444444444445,
      0.10022222222222223,
      0.11044444444444444,
      0.11588888888888889,
      0.10188888888888889,
      0.08522222222222223,
      0.07177777777777777,
      0.05,
      0.037,
      0.026222222222222223,
      0.015111111111111112,
      0.008444444444444444,
      0.0044444444444444444,
      0.0022222222222222222,
      0.0014444444444444444,
      0.00044444444444444447,
      0.00011111111111111112,
      0.0,
      0.0,
      0.0,
      0.0,
      0.0,
      0.0,
      0.0,
      0.0
    ],
    "winners_count": [
      111,
      225,
      264,
      184,
      123,
      58,
      16,
      11,
      2,
      3,
      2,
      1,
      0,
      0,
      0,
      0,
      0,
      0,
      0,
      0,
      0,
      0,
      0,
      0,
      0,
      0,
      0,
      0,
      0,
      0,
      0,
      0,
      0
    ],
    "non_winners_count": [
      14,
      38,
      76,
      111,
      195,
      271,
      388,
      578,
      751,
      902,
      994,
      1043,
      917,
      767,
      646,
      450,
      333,
      236,
      136,
      76,
      40,
      20,
      13,
      4,
      1,
      0,
      0,
      0,
      0,
      0,
      0,
      0,
      0
    ],
    "winners_mean": 2.334,
    "non_winners_mean": 10.688222222222223
  },
  "Second Round": {
    "bin_center": [
      0.0,
      1.0,
      2.0,
      3.0,
      4.0,
      5.0,
      6.0,
      7.0,
      8.0,
      9.0,
      10.0,
      11.0,
      12.0,
      13.0,
      14.0,
      15.0,
      16.0
    ],
    "bin_start": [
      -0.5,
      0.5,
      1.5,
      2.5,
      3.5,
      4.5,
      5.5,
      6.5,
      7.5,
      8.5,
      9.5,
      10.5,
      11.5,
      12.5,
      13.5,
      14.5,
      15.5
    ],
    "bin_end": [
      0.5,
      1.5,
      2.5,
      3.5,
      4.5,
      5.5,
      6.5,
      7.5,
      8.5,
      9.5,
      10.5,
      11.5,
      12.5,
      13.5,
      14.5,
      15.5,
      16.5
    ],
    "winners_density": [
      0.203,
      0.324,
      0.256,
      0.127,
      0.058,
      0.026,
      0.005,
      0.001,
      0.0,
      0.0,
      0.0,
      0.0,
      0.0,
      0.0,
      0.0,
      0.0,
      0.0
    ],
    "non_winners_density": [
      0.002777777777777778,
      0.011222222222222222,
      0.025444444444444443,
      0.049,
      0.08033333333333334,
      0.11022222222222222,
      0.13822222222222222,
      0.13622222222222222,
      0.12622222222222224,
      0.10888888888888888,
      0.077,
      0.058,
      0.041555555555555554,
      0.022222222222222223,
      0.009,
      0.0032222222222222222,
      0.00044444444444444447
    ],
    "winners_count": [
      203,
      324,
      256,
      127,
      58,
      26,
      5,
      1,
      0,
      0,
      0,
      0,
      0,
      0,
      0,
      0,
      0
    ],
    "non_winners_count": [
      25,
      101,
      229,
      441,
      723,
      992,
      1244,
      1226,
      1136,
      980,
      693,
      522,
      374,
      200,
      81,
      29,
      4
    ],
    "winners_mean": 1.616,
    "non_winners_mean": 7.231222222222223
  },
  "Sweet 16": {
    "bin_center": [
      0.0,
      1.0,
      2.0,
      3.0,
      4.0,
      5.0,
      6.0,
      7.0,
      8.0
    ],
    "bin_start": [
      -0.5,
      0.5,
      1.5,
      2.5,
      3.5,
      4.5,
      5.5,
      6.5,
      7.5
    ],
    "bin_end": [
      0.5,
      1.5,
      2.5,
      3.5,
      4.5,
      5.5,
      6.5,
      7.5,
      8.5
    ],
    "winners_density": [
      0.297,
      0.384,
      0.218,
      0.079,
      0.02,
      0.002,
      0.0,
      0.0,
      0.0
    ],
    "non_winners_density": [
      0.010888888888888889,
      0.04044444444444444,
      0.10022222222222223,
      0.17677777777777778,
      0.21022222222222223,
      0.1922222222222222,
      0.1431111111111111,
      0.09144444444444444,
      0.034666666666666665
    ],
    "winners_count": [
      297,
      384,
      218,
      79,
      20,
      2,
      0,
      0,
      0
    ],
    "non_winners_count": [
      98,
      364,
      902,
      1591,
      1892,
      1730,
      1288,
      823,
      312
    ],
    "winners_mean": 1.147,
    "non_winners_mean": 4.349333333333333
  },
  "Elite 8": {
    "bin_center": [
      0.0,
      1.0,
      2.0,
      3.0,
      4.0
    ],
    "bin_start": [
      -0.5,
      0.5,
      1.5,
      2.5,
      3.5
    ],
    "bin_end": [
      0.5,
      1.5,
      2.5,
      3.5,
      4.5
    ],
    "winners_density": [
      0.531,
      0.366,
      0.091,
      0.008,
      0.004
    ],
    "non_winners_density": [
      0.058,
      0.19555555555555557,
      0.288,
      0.2807777777777778,
      0.17766666666666667
    ],
    "winners_count": [
      531,
      366,
      91,
      8,
      4
    ],
    "non_winners_count": [
      522,
      1760,
      2592,
      2527,
      1599
    ],
    "winners_mean": 0.588,
    "non_winners_mean": 2.3245555555555555
  },
  "Total Upsets": {
    "bin_center": [
      0.0,
      1.0,
      2.0,
      3.0,
      4.0,
      5.0,
      6.0,
      7.0,
      8.0,
      9.0,
      10.0,
      11.0,
      12.0,
      13.0,
      14.0,
      15.0,
      16.0,
      17.0,
      18.0,
      19.0,
      20.0,
      21.0,
      22.0,
      23.0,
      24.0,
      25.0,
      26.0,
      27.0,
      28.0,
      29.0,
      30.0,
      31.0,
      32.0,
      33.0,
      34.0,
      35.0,
      36.0,
      37.0,
      38.0,
      39.0,
      40.0,
      41.0,
      42.0,
      43.0,
      44.0,
      45.0,
      46.0,
      47.0,
      48.0,
      49.0,
      50.0,
      51.0,
      52.0
    ],