{
  "First Round": {
    "bin_center": [
      0.0,
      1.0,
      2.0,
      3.0,
      4.0,
      5.0,
      6.0,
      7.0,
      8.0,
      9.0,
      10.0,
      11.0,
      12.0,
      13.0,
      14.0,
      15.0,
      16.0,
      17.0,
      18.0,
      19.0,
      20.0,
      21.0,
      22.0,
      23.0,
      24.0,
      25.0,
      26.0,
      27.0,
      28.0,
      29.0,
      30.0,
      31.0,
      32.0
    ],
    "bin_start": [
      -0.5,
      0.5,
      1.5,
      2.5,
      3.5,
      4.5,
      5.5,
      6.5,
      7.5,
      8.5,
      9.5,
      10.5,
      11.5,
      12.5,
      13.5,
      14.5,
      15.5,
      16.5,
      17.5,
      18.5,
      19.5,
      20.5,
      21.5,
      22.5,
      23.5,
      24.5,
      25.5,
      26.5,
      27.5,
      28.5,
      29.5,
      30.5,
      31.5
    ],
    "bin_end": [
      0.5,
      1.5,
      2.5,
      3.5,
      4.5,
      5.5,
      6.5,
      7.5,
      8.5,
      9.5,
      10.5,
      11.5,
      12.5,
      13.5,
      14.5,
      15.5,
      16.5,
      17.5,
      18.5,
      19.5,
      20.5,
      21.5,
      22.5,
      23.5,
      24.5,
      25.5,
      26.5,
      27.5,
      28.5,
      29.5,
      30.5,
      31.5,
      32.5
    ],
    "winners_density": [
      0.101,
      0.243,
      0.283,
      0.181,
      0.099,
      0.046,
      0.027,
      0.012,
      0.002,
      0.003,
      0.002,
      0.001,
      0.0,
      0.0,
      0.0,
      0.0,
      0.0,
      0.0,
      0.0,
      0.0,
      0.0,
      0.0,
      0.0,
      0.0,
      0.0,
      0.0,
      0.0,
      0.0,
      0.0,
      0.0,
      0.0,
      0.0,
      0.0
    ],
    "non_winners_density": [
      0.0017777777777777779,
      0.004666666666666667,
      0.008555555555555556,
      0.013666666666666667,
      0.022,
      0.032,
      0.043666666666666666,
      0.06822222222222223,
      0.08411111111111111,
      0.09977777777777778,
      0.11044444444444444,
      0.10611111111111111,
      0.099,
      0.08944444444444444,
      0.06588888888888889,
      0.05411111111111111,
      0.03777777777777778,
      0.026444444444444444,
      0.014777777777777779,
      0.00811111111111111,
      0.005333333333333333,
      0.003,
      0.0005555555555555556,
      0.00044444444444444447,
      0.00011111111111111112,
      0.0,
      0.0,
      0.0,
      0.0,
      0.0,
      0.0,
      0.0,
      0.0
    ],
    "winners_count": [
      101,
      243,
      283,
      181,
      99,
      46,
      27,
      12,
      2,
      3,
      2,
      1,
      0,
      0,
      0,
      0,
      0,
      0,
      0,
      0,
      0,
      0,
      0,
      0,
      0,
      0,
      0,
      0,
      0,
      0,
      0,
      0,
      0
    ],
    "non_winners_count": [
      16,
      42,
      77,
      123,
      198,
      288,
      393,
      614,
      757,
      898,
      994,
      955,
      891,
      805,
      593,
      487,
      340,
      238,
      133,
      73,
      48,
      27,
      5,
      4,
      1,
      0,
      0,
      0,
      0,
      0,
      0,
      0,
      0
    ],
    "winners_mean": 2.298,
    "non_winners_mean": 10.646666666666667
  },
  "Second Round": {
    "bin_center": [
      0.0,
      1.0,
      2.0,
      3.0,
      4.0,
      5.0,
      6.0,
      7.0,
      8.0,
      9.0,
      10.0,
      11.0,
      12.0,
      13.0,
      14.0,
      15.0,
      16.0
    ],
    "bin_start": [
      -0.5,
      0.5,
      1.5,
      2.5,
      3.5,
      4.5,
      5.5,
      6.5,
      7.5,
      8.5,
      9.5,
      10.5,
      11.5,
      12.5,
      13.5,
      14.5,
      15.5
    ],
    "bin_end": [
      0.5,
      1.5,
      2.5,
      3.5,
      4.5,
      5.5,
      6.5,
      7.5,
      8.5,
      9.5,
      10.5,
      11.5,
      12.5,
      13.5,
      14.5,
      15.5,
      16.5
    ],
    "winners_density": [
      0.201,
      0.314,
      0.266,
      0.131,
      0.059,
      0.02,
      0.003,
      0.005,
      0.001,
      0.0,
      0.0,
      0.0,
      0.0,
      0.0,
      0.0,
      0.0,
      0.0
    ],
    "non_winners_density": [
      0.004222222222222222,
      0.011111111111111112,
      0.025666666666666667,
      0.04922222222222222,
      0.07977777777777778,
      0.10566666666666667,
      0.13766666666666666,
      0.1411111111111111,
      0.12833333333333333,
      0.10611111111111111,
      0.08144444444444444,
      0.057444444444444444,
      0.03744444444444445,
      0.01988888888888889,
      0.011333333333333334,
      0.0034444444444444444,
      0.00011111111111111112
    ],
    "winners_count": [
      201,
      314,
      266,
      131,
      59,
      20,
      3,
      5,
      1,
      0,
      0,
      0,
      0,
      0,
      0,
      0,
      0
    ],
    "non_winners_count": [
      38,
      100,
      231,
      443,
      718,
      951,
      1239,
      1270,
      1155,
      955,
      733,
      517,
      337,
      179,
      102,
      31,
      1
    ],
    "winners_mean": 1.636,
    "non_winners_mean": 7.219333333333333
  },
  "Sweet 16": {
    "bin_center": [
      0.0,
      1.0,
      2.0,
      3.0,
      4.0,
      5.0,
      6.0,
      7.0,
      8.0
    ],
    "bin_start": [
      -0.5,
      0.5,
      1.5,
      2.5,
      3.5,
      4.5,
      5.5,
      6.5,
      7.5
    ],
    "bin_end": [
      0.5,
      1.5,
      2.5,
      3.5,
      4.5,
      5.5,
      6.5,
      7.5,
      8.5
    ],
    "winners_density": [
      0.331,
      0.374,
      0.205,
      0.07,
      0.016,
      0.004,
      0.0,
      0.0,
      0.0
    ],
    "non_winners_density": [
      0.012666666666666666,
      0.043555555555555556,
      0.09977777777777778,
      0.17033333333333334,
      0.21222222222222223,
      0.18911111111111112,
      0.14633333333333334,
      0.09077777777777778,
      0.035222222222222224
    ],
    "winners_count": [
      331,
      374,
      205,
      70,
      16,
      4,
      0,
      0,
      0
    ],
    "non_winners_count": [
      114,
      392,
      898,
      1533,
      1910,
      1702,
      1317,
      817,
      317
    ],
    "winners_mean": 1.078,
    "non_winners_mean": 4.3437777777777775
  },
  "Elite 8": {
    "bin_center": [
      0.0,
      1.0,
      2.0,
      3.0,
      4.0
    ],
    "bin_start": [
      -0.5,
      0.5,
      1.5,
      2.5,
      3.5
    ],
    "bin_end": [
      0.5,
      1.5,
      2.5,
      3.5,
      4.5
    ],
    "winners_density": [
      0.565,
      0.317,
      0.099,
      0.019,
      0.0
    ],
    "non_winners_density": [
      0.06144444444444445,
      0.18733333333333332,
      0.28888888888888886,
      0.2851111111111111,
      0.17722222222222223
    ],
    "winners_count": [
      565,
      317,
      99,
      19,
      0
    ],
    "non_winners_count": [
      553,
      1686,
      2600,
      2566,
      1595
    ],
    "winners_mean": 0.572,
    "non_winners_mean": 2.3293333333333335
  },
  "Total Upsets": {
    "bin_center": [
      0.0,
      1.0,
      2.0,
      3.0,
      4.0,
      5.0,
      6.0,
      7.0,
      8.0,
      9.0,
      10.0,
      11.0,
      12.0,
      13.0,
      14.0,
      15.0,
      16.0,
      17.0,
      18.0,
      19.0,
      20.0,
      21.0,
      22.0,
      23.0,
      24.0,
      25.0,
      26.0,
      27.0,
      28.0,
      29.0,
      30.0,
      31.0,
      32.0,
      33.0,
      34.0,
      35.0,
      36.0,
      37.0,
      38.0,
      39.0,
      40.0,
      41.0,
      42.0,
      43.0,
      44.0,
      45.0,
      46.0,
      47.0,
      48.0,
      49.0,
      50.0,
      51.0,
      52.0,
      53.0
    ],