round,mean_madness,std_madness
First Round,15.07808567334659,1.1890767068309922
Second Round,6.545551177596457,0.9513222998211802
Sweet 16,3.769842753637612,0.5721705176611928
Elite 8,1.6968955025228611,0.4251233072726877
Final Four,1.053044157924917,0.22371085036735855
Championship,0.6108494471532463,0.11135719838883541
