round,mean_madness,std_madness
First Round,15.103547943814698,1.0787650032129836
Second Round,6.635608992270699,0.9545453126723321
Sweet 16,3.758904061712025,0.5965245990924491
Elite 8,1.6851127092571323,0.4400962189290791
Final Four,1.022988419059675,0.22934869650788725
Championship,0.6042964791754378,0.10149364364546543
