round,mean_madness,std_madness
First Round,14.864189025913333,1.0338685421158016
Second Round,6.478763153889122,0.8902105743871092
Sweet 16,3.8638329767334394,0.6383514148248112
Elite 8,1.7523754736003077,0.4617592841343709
Final Four,0.9481811334403983,0.29625521196413973
Championship,0.5973214697764625,0.1098271661320685
