round,mean_madness,std_madness
First Round,13.844460504077901,0.7614927102401841
Second Round,6.523818533370807,0.6210558203419692
Sweet 16,3.7392851459840912,0.6066457909120484
Elite 8,1.7080694962978389,0.3324198217857587
Final Four,1.1651217593612393,0.21425473666270486
Championship,0.5902258283926825,0.06958246621379999
