round,mean_madness,std_madness,losers_mean_madness,losers_std_madness
First Round,15.041546581887971,1.16310013606102,19.678607787565067,4.041790231622185
Second Round,6.408768425180467,0.7812797964604733,9.767023544330666,2.228773893138516
Sweet 16,3.7683142170428643,0.526410854595896,4.9753926089219,1.4254662109507394
Elite 8,1.7039310285951665,0.448018544008494,2.4209865618416786,0.9569343082435742
Final Four,1.1455275384959454,0.23298121654830112,1.2713911594531095,0.6077096762973858
Championship,0.598449940997115,0.10839119242354074,0.6507874296344284,0.3557946444710769
