round,mean_madness,std_madness
First Round,15.074539810680024,1.214687329860914
Second Round,6.535156210723079,0.9498956858886402
Sweet 16,3.8189331217395046,0.5898408588254022
Elite 8,1.6746264611088126,0.39612105826450755
Final Four,1.1263531338561283,0.21766292144943666
Championship,0.613722426559991,0.1031253963467454
