round,max_advantage_upsets,max_advantage,max_density_upsets,mode_upsets,mean_upsets,std_upsets,losers_mean_upsets,losers_std_upsets,num_pools
First Round,1.0,0.23666666666666666,1.0,1.0,2.36,1.438888459888396,10.945555555555556,3.563134110773551,100
Second Round,1.0,0.3511111111111111,1.0,1.0,1.4,1.104536101718726,7.35,2.7468669020864076,100
Sweet 16,0.0,0.33999999999999997,1.0,1.0,1.02,0.9693296652842108,4.38,1.7600631301809098,100
Elite 8,0.0,0.5088888888888888,0.0,0.0,0.52,0.6554387843269577,2.318888888888889,1.1744875425709382,100
Final Four,,,,0.0,0.09,0.2876234912646614,0.9688888888888889,0.7924146563853555,100
Championship,,,,0.0,0.0,0.0,0.3977777777777778,0.48943908434446737,100
Total Upsets,4.0,0.19666666666666668,4.0,4.0,5.39,3.045964543457458,26.36111111111111,8.552039320724026,100
