round,max_advantage_upsets,max_advantage,max_density_upsets,mode_upsets,mean_upsets,std_upsets,num_pools
First Round,2.0,0.27444444444444444,2.0,2.0,2.298,1.645963547591501,1000
Second Round,1.0,0.3028888888888889,1.0,1.0,1.636,1.3196605624174726,1000
Sweet 16,1.0,0.33044444444444443,1.0,1.0,1.078,1.0089182325639676,1000
Elite 8,0.0,0.5035555555555555,0.0,0.0,0.572,0.746201045295435,1000
Final Four,,,,0.0,0.085,0.2825860131974951,1000
Championship,,,,0.0,0.007,0.08341437500789631,1000
Total Upsets,4.0,0.13566666666666669,4.0,4.0,5.676,3.4846842037694032,1000
