round,max_advantage_upsets,max_advantage,max_density_upsets,mode_upsets,mean_upsets,std_upsets,num_pools
First Round,2.0,0.2744444444444445,2.0,2.0,2.49,1.7406607940664374,100
Second Round,1.0,0.27999999999999997,1.0,1.0,1.64,1.2611106216347558,100
Sweet 16,1.0,0.3433333333333333,1.0,1.0,1.22,1.0731262740237049,100
Elite 8,0.0,0.4977777777777778,0.0,0.0,0.55,0.6982120021884471,100
Final Four,,,,0.0,0.09,0.2876234912646614,100
Championship,,,,0.0,0.01,0.09999999999999999,100
Total Upsets,5.0,0.14666666666666667,5.0,5.0,6.0,3.478505426185217,100
