round,max_advantage_upsets,max_advantage,max_density_upsets,mode_upsets,mean_upsets,std_upsets,num_pools
First Round,2.0,0.2555555555555556,2.0,2.0,2.334,1.6475569792878182,1000
Second Round,1.0,0.31277777777777777,1.0,1.0,1.616,1.2986700889756413,1000
Sweet 16,1.0,0.34355555555555556,1.0,1.0,1.147,1.0106389068307235,1000
Elite 8,0.0,0.47300000000000003,0.0,0.0,0.588,0.721287737314312,1000
Final Four,,,,0.0,0.08,0.2927211739619901,1000
Championship,,,,0.0,0.01,0.0995485304256668,1000
Total Upsets,5.0,0.12722222222222224,5.0,5.0,5.775,3.5034804123899423,1000
