round,max_advantage_upsets,max_advantage,max_density_upsets,mode_upsets,mean_upsets,std_upsets,num_pools
First Round,1.0,0.2833333333333333,1.0,1.0,2.14,1.46982992213385,100
Second Round,1.0,0.39111111111111113,1.0,1.0,1.51,1.1789402020458883,100
Sweet 16,1.0,0.37,1.0,1.0,1.05,1.0331989159885913,100
Elite 8,0.0,0.44222222222222224,0.0,0.0,0.64,0.7418894796396562,100
Final Four,,,,0.0,0.08,0.2726599243442907,100
Championship,,,,0.0,0.0,0.0,100
Total Upsets,5.0,0.15888888888888889,5.0,5.0,5.42,3.2068052638100744,100
