{
  "First Round": {
    "bin_center": [
      0.0,
      1.0,
      2.0,
      3.0,
      4.0,
      5.0,
      6.0,
      7.0,
      8.0,
      9.0,
      10.0,
      11.0,
      12.0,
      13.0,
      14.0,
      15.0,
      16.0,
      17.0,
      18.0,
      19.0,
      20.0,
      21.0,
      22.0,
      23.0,
      24.0,
      25.0,
      26.0,
      27.0,
      28.0,
      29.0,
      30.0,
      31.0,
      32.0
    ],
    "bin_start": [
      -0.5,
      0.5,
      1.5,
      2.5,
      3.5,
      4.5,
      5.5,
      6.5,
      7.5,
      8.5,
      9.5,
      10.5,
      11.5,
      12.5,
      13.5,
      14.5,
      15.5,
      16.5,
      17.5,
      18.5,
      19.5,
      20.5,
      21.5,
      22.5,
      23.5,
      24.5,
      25.5,
      26.5,
      27.5,
      28.5,
      29.5,
      30.5,
      31.5
    ],
    "bin_end": [
      0.5,
      1.5,
      2.5,
      3.5,
      4.5,
      5.5,
      6.5,
      7.5,
      8.5,
      9.5,
      10.5,
      11.5,
      12.5,
      13.5,
      14.5,
      15.5,
      16.5,
      17.5,
      18.5,
      19.5,
      20.5,
      21.5,
      22.5,
      23.5,
      24.5,
      25.5,
      26.5,
      27.5,
      28.5,
      29.5,
      30.5,
      31.5,
      32.5
    ],
    "winners_density": [
      0.0,
      0.0,
      0.05,
      0.0,
      0.05,
      0.1,
      0.15,
      0.0,
      0.15,
      0.2,
      0.2,
      0.0,
      0.1,
      0.0,
      0.0,
      0.0,
      0.0,
      0.0,
      0.0,
      0.0,
      0.0,
      0.0,
      0.0,
      0.0,
      0.0,
      0.0,
      0.0,
      0.0,
      0.0,
      0.0,
      0.0,
      0.0,
      0.0
    ],
    "non_winners_density": [
      0.00436241610738255,
      0.011073825503355705,
      0.020134228187919462,
      0.035906040268456375,
      0.05503355704697987,
      0.07013422818791946,
      0.10067114093959731,
      0.11174496644295302,
      0.10771812080536913,
      0.1110738255033557,
      0.09966442953020134,
      0.08825503355704697,
      0.06208053691275168,
      0.04697986577181208,
      0.03120805369127517,
      0.01912751677852349,
      0.01476510067114094,
      0.0050335570469798654,
      0.0016778523489932886,
      0.0020134228187919465,
      0.0003355704697986577,
      0.0006711409395973154,
      0.0003355704697986577,
      0.0,
      0.0,
      0.0,
      0.0,
      0.0,
      0.0,
      0.0,
      0.0,
      0.0,
      0.0
    ],
    "winners_count": [
      0,
      0,
      1,
      0,
      1,
      2,
      3,
      0,
      3,
      4,
      4,
      0,
      2,
      0,
      0,
      0,
      0,
      0,
      0,
      0,
      0,
      0,
      0,
      0,
      0,
      0,
      0,
      0,
      0,
      0,
      0,
      0,
      0
    ],
    "non_winners_count": [
      13,
      33,
      60,
      107,
      164,
      209,
      300,
      333,
      321,
      331,
      297,
      263,
      185,
      140,
      93,
      57,
      44,
      15,
      5,
      6,
      1,
      2,
      1,
      0,
      0,
      0,
      0,
      0,
      0,
      0,
      0,
      0,
      0
    ],
    "winners_mean": 7.9,
    "non_winners_mean": 8.442953020134228
  },
  "Second Round": {
    "bin_center": [
      0.0,
      1.0,
      2.0,
      3.0,
      4.0,
      5.0,
      6.0,
      7.0,
      8.0,
      9.0,
      10.0,
      11.0,
      12.0,
      13.0,
      14.0,
      15.0,
      16.0
    ],
    "bin_start": [
      -0.5,
      0.5,
      1.5,
      2.5,
      3.5,
      4.5,
      5.5,
      6.5,
      7.5,
      8.5,
      9.5,
      10.5,
      11.5,
      12.5,
      13.5,
      14.5,
      15.5
    ],
    "bin_end": [
      0.5,
      1.5,
      2.5,
      3.5,
      4.5,
      5.5,
      6.5,
      7.5,
      8.5,
      9.5,
      10.5,
      11.5,
      12.5,
      13.5,
      14.5,
      15.5,
      16.5
    ],
    "winners_density": [
      0.05,
      0.0,
      0.0,
      0.05,
      0.25,
      0.1,
      0.2,
      0.15,
      0.1,
      0.05,
      0.0,
      0.05,
      0.0,
      0.0,
      0.0,
      0.0,
      0.0
    ],
    "non_winners_density": [
      0.005704697986577181,
      0.01912751677852349,
      0.03859060402684564,
      0.06476510067114094,
      0.09630872483221477,
      0.1325503355704698,
      0.15067114093959733,
      0.14597315436241612,
      0.12114093959731544,
      0.09899328859060402,
      0.05536912751677853,
      0.038926174496644296,
      0.019463087248322148,
      0.009731543624161074,
      0.0020134228187919465,
      0.0006711409395973154,
      0.0
    ],
    "winners_count": [
      1,
      0,
      0,
      1,
      5,
      2,
      4,
      3,
      2,
      1,
      0,
      1,
      0,
      0,
      0,
      0,
      0
    ],
    "non_winners_count": [
      17,
      57,
      115,
      193,
      287,
      395,
      449,
      435,
      361,
      295,
      165,
      116,
      58,
      29,
      6,
      2,
      0
    ],
    "winners_mean": 5.7,
    "non_winners_mean": 6.504697986577181
  },
  "Sweet 16": {
    "bin_center": [
      0.0,
      1.0,
      2.0,
      3.0,
      4.0,
      5.0,
      6.0,
      7.0,
      8.0
    ],
    "bin_start": [
      -0.5,
      0.5,
      1.5,
      2.5,
      3.5,
      4.5,
      5.5,
      6.5,
      7.5
    ],
    "bin_end": [
      0.5,
      1.5,
      2.5,
      3.5,
      4.5,
      5.5,
      6.5,
      7.5,
      8.5
    ],
    "winners_density": [
      0.0,
      0.05,
      0.1,
      0.15,
      0.4,
      0.15,
      0.1,
      0.05,
      0.0
    ],
    "non_winners_density": [
      0.015100671140939598,
      0.04463087248322148,
      0.09295302013422818,
      0.15838926174496645,
      0.22248322147651006,
      0.2063758389261745,
      0.1597315436241611,
      0.07852348993288591,
      0.02181208053691275
    ],
    "winners_count": [
      0,
      1,
      2,
      3,
      8,
      3,
      2,
      1,
      0
    ],
    "non_winners_count": [
      45,
      133,
      277,
      472,
      663,
      615,
      476,
      234,
      65
    ],
    "winners_mean": 4.0,
    "non_winners_mean": 4.31006711409396
  },
  "Elite 8": {
    "bin_center": [
      0.0,
      1.0,
      2.0,
      3.0,
      4.0
    ],
    "bin_start": [
      -0.5,
      0.5,
      1.5,
      2.5,
      3.5
    ],
    "bin_end": [
      0.5,
      1.5,
      2.5,
      3.5,
      4.5
    ],
    "winners_density": [
      0.1,
      0.0,
      0.35,
      0.45,
      0.1
    ],
    "non_winners_density": [
      0.049664429530201344,
      0.1651006711409396,
      0.2953020134228188,
      0.32583892617449667,
      0.16409395973154361
    ],
    "winners_count": [
      2,
      0,
      7,
      9,
      2
    ],
    "non_winners_count": [
      148,
      492,
      880,
      971,
      489
    ],
    "winners_mean": 2.45,
    "non_winners_mean": 2.3895973154362418
  },
  "Total Upsets": {
    "bin_center": [
      0.0,
      1.0,
      2.0,
      3.0,
      4.0,
      5.0,
      6.0,
      7.0,
      8.0,
      9.0,
      10.0,
      11.0,
      12.0,
      13.0,
      14.0,
      15.0,
      16.0,
      17.0,
      18.0,
      19.0,
      20.0,
      21.0,
      22.0,
      23.0,
      24.0,
      25.0,
      26.0,
      27.0,
      28.0,
      29.0,
      30.0,
      31.0,
      32.0,
      33.0,
      34.0,
      35.0,
      36.0,
      37.0,
      38.0,
      39.0,
      40.0,
      41.0,
      42.0,
      43.0,
      44.0,
      45.0,
      46.0,
      47.0,
      48.0,
      49.0,
      50.0,
      51.0
    ],