{
  "First Round": {
    "bin_center": [
      0.0,
      1.0,
      2.0,
      3.0,
      4.0,
      5.0,
      6.0,
      7.0,
      8.0,
      9.0,
      10.0,
      11.0,
      12.0,
      13.0,
      14.0,
      15.0,
      16.0,
      17.0,
      18.0,
      19.0,
      20.0,
      21.0,
      22.0,
      23.0,
      24.0,
      25.0,
      26.0,
      27.0,
      28.0,
      29.0,
      30.0,
      31.0,
      32.0
    ],
    "bin_start": [
      -0.5,
      0.5,
      1.5,
      2.5,
      3.5,
      4.5,
      5.5,
      6.5,
      7.5,
      8.5,
      9.5,
      10.5,
      11.5,
      12.5,
      13.5,
      14.5,
      15.5,
      16.5,
      17.5,
      18.5,
      19.5,
      20.5,
      21.5,
      22.5,
      23.5,
      24.5,
      25.5,
      26.5,
      27.5,
      28.5,
      29.5,
      30.5,
      31.5
    ],
    "bin_end": [
      0.5,
      1.5,
      2.5,
      3.5,
      4.5,
      5.5,
      6.5,
      7.5,
      8.5,
      9.5,
      10.5,
      11.5,
      12.5,
      13.5,
      14.5,
      15.5,
      16.5,
      17.5,
      18.5,
      19.5,
      20.5,
      21.5,
      22.5,
      23.5,
      24.5,
      25.5,
      26.5,
      27.5,
      28.5,
      29.5,
      30.5,
      31.5,
      32.5
    ],
    "winners_density": [
      0.0,
      0.015151515151515152,
      0.015151515151515152,
      0.015151515151515152,
      0.045454545454545456,
      0.045454545454545456,
      0.16666666666666666,
      0.16666666666666666,
      0.13636363636363635,
      0.15151515151515152,
      0.12121212121212122,
      0.030303030303030304,
      0.06060606060606061,
      0.015151515151515152,
      0.015151515151515152,
      0.0,
      0.0,
      0.0,
      0.0,
      0.0,
      0.0,
      0.0,
      0.0,
      0.0,
      0.0,
      0.0,
      0.0,
      0.0,
      0.0,
      0.0,
      0.0,
      0.0,
      0.0
    ],
    "non_winners_density": [
      0.004372584909497661,
      0.009762050030506406,
      0.01921903599755949,
      0.03223510270490136,
      0.04972544234289201,
      0.07321537522879805,
      0.087248322147651,
      0.1150091519219036,
      0.11928004881025016,
      0.11094163107585926,
      0.10199308521456173,
      0.08673988204189546,
      0.06202969290217612,
      0.048810250152532035,
      0.03101484645108806,
      0.021456172462883873,
      0.012914378686190766,
      0.007016473459426479,
      0.003864144803742119,
      0.0021354484441732766,
      0.0004067520846044336,
      0.0003050640634533252,
      0.0002033760423022168,
      0.0001016880211511084,
      0.0,
      0.0,
      0.0,
      0.0,
      0.0,
      0.0,
      0.0,
      0.0,
      0.0
    ],
    "winners_count": [
      0,
      1,
      1,
      1,
      3,
      3,
      11,
      11,
      9,
      10,
      8,
      2,
      4,
      1,
      1,
      0,
      0,
      0,
      0,
      0,
      0,
      0,
      0,
      0,
      0,
      0,
      0,
      0,
      0,
      0,
      0,
      0,
      0
    ],
    "non_winners_count": [
      43,
      96,
      189,
      317,
      489,
      720,
      858,
      1131,
      1173,
      1091,
      1003,
      853,
      610,
      480,
      305,
      211,
      127,
      69,
      38,
      21,
      4,
      3,
      2,
      1,
      0,
      0,
      0,
      0,
      0,
      0,
      0,
      0,
      0
    ],
    "winners_mean": 7.803030303030303,
    "non_winners_mean": 8.557555419971527
  },
  "Second Round": {
    "bin_center": [
      0.0,
      1.0,
      2.0,
      3.0,
      4.0,
      5.0,
      6.0,
      7.0,
      8.0,
      9.0,
      10.0,
      11.0,
      12.0,
      13.0,
      14.0,
      15.0,
      16.0
    ],
    "bin_start": [
      -0.5,
      0.5,
      1.5,
      2.5,
      3.5,
      4.5,
      5.5,
      6.5,
      7.5,
      8.5,
      9.5,
      10.5,
      11.5,
      12.5,
      13.5,
      14.5,
      15.5
    ],
    "bin_end": [
      0.5,
      1.5,
      2.5,
      3.5,
      4.5,
      5.5,
      6.5,
      7.5,
      8.5,
      9.5,
      10.5,
      11.5,
      12.5,
      13.5,
      14.5,
      15.5,
      16.5
    ],
    "winners_density": [
      0.0,
      0.015151515151515152,
      0.015151515151515152,
      0.06060606060606061,
      0.15151515151515152,
      0.13636363636363635,
      0.22727272727272727,
      0.22727272727272727,
      0.09090909090909091,
      0.06060606060606061,
      0.015151515151515152,
      0.0,
      0.0,
      0.0,
      0.0,
      0.0,
      0.0
    ],
    "non_winners_density": [
      0.006609721374822046,
      0.015558267236119585,
      0.03518405531828351,
      0.06274150905023389,
      0.10006101281269067,
      0.12649989831197886,
      0.14937970307097823,
      0.14632906243644497,
      0.13127923530608093,
      0.09589180394549522,
      0.06253813300793166,
      0.037929631889363435,
      0.019320724018710596,
      0.007931665649786455,
      0.0018303843807199512,
      0.0008135041692088672,
      0.0001016880211511084
    ],
    "winners_count": [
      0,
      1,
      1,
      4,
      10,
      9,
      15,
      15,
      6,
      4,
      1,
      0,
      0,
      0,
      0,
      0,
      0
    ],
    "non_winners_count": [
      65,
      153,
      346,
      617,
      984,
      1244,
      1469,
      1439,
      1291,
      943,
      615,
      373,
      190,
      78,
      18,
      8,
      1
    ],
    "winners_mean": 5.893939393939394,
    "non_winners_mean": 6.55775879601383
  },
  "Sweet 16": {
    "bin_center": [
      0.0,
      1.0,
      2.0,
      3.0,
      4.0,
      5.0,
      6.0,
      7.0,
      8.0
    ],
    "bin_start": [
      -0.5,
      0.5,
      1.5,
      2.5,
      3.5,
      4.5,
      5.5,
      6.5,
      7.5
    ],
    "bin_end": [
      0.5,
      1.5,
      2.5,
      3.5,
      4.5,
      5.5,
      6.5,
      7.5,
      8.5
    ],
    "winners_density": [
      0.0,
      0.030303030303030304,
      0.09090909090909091,
      0.19696969696969696,
      0.25757575757575757,
      0.2878787878787879,
      0.07575757575757576,
      0.06060606060606061,
      0.0
    ],
    "non_winners_density": [
      0.011592434411226357,
      0.03650599959324791,
      0.091925971120602,
      0.1608704494610535,
      0.2167988610941631,
      0.2214765100671141,
      0.16127720154565792,
      0.07972340858246899,
      0.01982916412446614
    ],
    "winners_count": [
      0,
      2,
      6,
      13,
      17,
      19,
      5,
      4,
      0
    ],
    "non_winners_count": [
      114,
      359,
      904,
      1582,
      2132,
      2178,
      1586,
      784,
      195
    ],
    "winners_mean": 4.151515151515151,
    "non_winners_mean": 4.361907667276795
  },
  "Elite 8": {
    "bin_center": [
      0.0,
      1.0,
      2.0,
      3.0,
      4.0
    ],
    "bin_start": [
      -0.5,
      0.5,
      1.5,
      2.5,
      3.5
    ],
    "bin_end": [
      0.5,
      1.5,
      2.5,
      3.5,
      4.5
    ],
    "winners_density": [
      0.030303030303030304,
      0.19696969696969696,
      0.30303030303030304,
      0.3787878787878788,
      0.09090909090909091
    ],
    "non_winners_density": [
      0.04433597722188326,
      0.16402277811673785,
      0.29703070978238766,
      0.32265609111246696,
      0.1719544437665243
    ],
    "winners_count": [
      2,
      13,
      20,
      25,
      6
    ],
    "non_winners_count": [
      436,
      1613,
      2921,
      3173,
      1691
    ],
    "winners_mean": 2.303030303030303,
    "non_winners_mean": 2.413870246085011
  },