{
  "First Round": {
    "bin_center": [
      0.0,
      1.0,
      2.0,
      3.0,
      4.0,
      5.0,
      6.0,
      7.0,
      8.0,
      9.0,
      10.0,
      11.0,
      12.0,
      13.0,
      14.0,
      15.0,
      16.0,
      17.0,
      18.0,
      19.0,
      20.0,
      21.0,
      22.0,
      23.0,
      24.0,
      25.0,
      26.0,
      27.0,
      28.0,
      29.0,
      30.0,
      31.0,
      32.0
    ],
    "bin_start": [
      -0.5,
      0.5,
      1.5,
      2.5,
      3.5,
      4.5,
      5.5,
      6.5,
      7.5,
      8.5,
      9.5,
      10.5,
      11.5,
      12.5,
      13.5,
      14.5,
      15.5,
      16.5,
      17.5,
      18.5,
      19.5,
      20.5,
      21.5,
      22.5,
      23.5,
      24.5,
      25.5,
      26.5,
      27.5,
      28.5,
      29.5,
      30.5,
      31.5
    ],
    "bin_end": [
      0.5,
      1.5,
      2.5,
      3.5,
      4.5,
      5.5,
      6.5,
      7.5,
      8.5,
      9.5,
      10.5,
      11.5,
      12.5,
      13.5,
      14.5,
      15.5,
      16.5,
      17.5,
      18.5,
      19.5,
      20.5,
      21.5,
      22.5,
      23.5,
      24.5,
      25.5,
      26.5,
      27.5,
      28.5,
      29.5,
      30.5,
      31.5,
      32.5
    ],
    "winners_density": [
      0.0,
      0.0,
      0.0,
      0.030303030303030304,
      0.0,
      0.07575757575757576,
      0.19696969696969696,
      0.18181818181818182,
      0.15151515151515152,
      0.16666666666666666,
      0.07575757575757576,
      0.045454545454545456,
      0.045454545454545456,
      0.0,
      0.015151515151515152,
      0.0,
      0.015151515151515152,
      0.0,
      0.0,
      0.0,
      0.0,
      0.0,
      0.0,
      0.0,
      0.0,
      0.0,
      0.0,
      0.0,
      0.0,
      0.0,
      0.0,
      0.0,
      0.0
    ],
    "non_winners_density": [
      0.0041692088671954446,
      0.010677242220866382,
      0.017998779743746186,
      0.0326418547895058,
      0.04901362619483425,
      0.07128330282692699,
      0.09579011592434411,
      0.10839943054708155,
      0.11897498474679682,
      0.10951799877974375,
      0.10595891803945495,
      0.08379092942851332,
      0.06670734187512711,
      0.04860687411022981,
      0.03294691885295912,
      0.017592027659141755,
      0.013422818791946308,
      0.005999593247915396,
      0.0037624567825910106,
      0.0017286963595688429,
      0.000508440105755542,
      0.0004067520846044336,
      0.0,
      0.0001016880211511084,
      0.0,
      0.0,
      0.0,
      0.0,
      0.0,
      0.0,
      0.0,
      0.0,
      0.0
    ],
    "winners_count": [
      0,
      0,
      0,
      2,
      0,
      5,
      13,
      12,
      10,
      11,
      5,
      3,
      3,
      0,
      1,
      0,
      1,
      0,
      0,
      0,
      0,
      0,
      0,
      0,
      0,
      0,
      0,
      0,
      0,
      0,
      0,
      0,
      0
    ],
    "non_winners_count": [
      41,
      105,
      177,
      321,
      482,
      701,
      942,
      1066,
      1170,
      1077,
      1042,
      824,
      656,
      478,
      324,
      173,
      132,
      59,
      37,
      17,
      5,
      4,
      0,
      1,
      0,
      0,
      0,
      0,
      0,
      0,
      0,
      0,
      0
    ],
    "winners_mean": 7.893939393939394,
    "non_winners_mean": 8.545251169412243
  },
  "Second Round": {
    "bin_center": [
      0.0,
      1.0,
      2.0,
      3.0,
      4.0,
      5.0,
      6.0,
      7.0,
      8.0,
      9.0,
      10.0,
      11.0,
      12.0,
      13.0,
      14.0,
      15.0,
      16.0
    ],
    "bin_start": [
      -0.5,
      0.5,
      1.5,
      2.5,
      3.5,
      4.5,
      5.5,
      6.5,
      7.5,
      8.5,
      9.5,
      10.5,
      11.5,
      12.5,
      13.5,
      14.5,
      15.5
    ],
    "bin_end": [
      0.5,
      1.5,
      2.5,
      3.5,
      4.5,
      5.5,
      6.5,
      7.5,
      8.5,
      9.5,
      10.5,
      11.5,
      12.5,
      13.5,
      14.5,
      15.5,
      16.5
    ],
    "winners_density": [
      0.0,
      0.0,
      0.015151515151515152,
      0.06060606060606061,
      0.15151515151515152,
      0.16666666666666666,
      0.22727272727272727,
      0.21212121212121213,
      0.09090909090909091,
      0.045454545454545456,
      0.015151515151515152,
      0.0,
      0.015151515151515152,
      0.0,
      0.0,
      0.0,
      0.0
    ],
    "non_winners_density": [
      0.005186089078706529,
      0.01657514744763067,
      0.035285743339434614,
      0.06274150905023389,
      0.0993491966646329,
      0.13392312385600977,
      0.1478543827537116,
      0.14399023794996949,
      0.12436444986780558,
      0.09365466748017083,
      0.06843603823469595,
      0.0363026235509457,
      0.020642668293675004,
      0.009660362009355298,
      0.0017286963595688429,
      0.0003050640634533252,
      0.0
    ],
    "winners_count": [
      0,
      0,
      1,
      4,
      10,
      11,
      15,
      14,
      6,
      3,
      1,
      0,
      1,
      0,
      0,
      0,
      0
    ],
    "non_winners_count": [
      51,
      163,
      347,
      617,
      977,
      1317,
      1454,
      1416,
      1223,
      921,
      673,
      357,
      203,
      95,
      17,
      3,
      0
    ],
    "winners_mean": 5.96969696969697,
    "non_winners_mean": 6.561012812690665
  },
  "Sweet 16": {
    "bin_center": [
      0.0,
      1.0,
      2.0,
      3.0,
      4.0,
      5.0,
      6.0,
      7.0,
      8.0
    ],
    "bin_start": [
      -0.5,
      0.5,
      1.5,
      2.5,
      3.5,
      4.5,
      5.5,
      6.5,
      7.5
    ],
    "bin_end": [
      0.5,
      1.5,
      2.5,
      3.5,
      4.5,
      5.5,
      6.5,
      7.5,
      8.5
    ],
    "winners_density": [
      0.0,
      0.015151515151515152,
      0.13636363636363635,
      0.22727272727272727,
      0.25757575757575757,
      0.24242424242424243,
      0.10606060606060606,
      0.015151515151515152,
      0.0
    ],
    "non_winners_density": [
      0.009863738051657515,
      0.037014439699003455,
      0.08653650599959324,
      0.1596501932072402,
      0.21964612568639413,
      0.21852755745373195,
      0.16615822656091112,
      0.08135041692088672,
      0.021252796420581657
    ],
    "winners_count": [
      0,
      1,
      9,
      15,
      17,
      16,
      7,
      1,
      0
    ],
    "non_winners_count": [
      97,
      364,
      851,
      1570,
      2160,
      2149,
      1634,
      800,
      209
    ],
    "winners_mean": 3.9545454545454546,
    "non_winners_mean": 4.396684970510474
  },
  "Elite 8": {
    "bin_center": [
      0.0,
      1.0,
      2.0,
      3.0,
      4.0
    ],
    "bin_start": [
      -0.5,
      0.5,
      1.5,
      2.5,
      3.5
    ],
    "bin_end": [
      0.5,
      1.5,
      2.5,
      3.5,
      4.5
    ],
    "winners_density": [
      0.030303030303030304,
      0.21212121212121213,
      0.2878787878787879,
      0.3333333333333333,
      0.13636363636363635
    ],
    "non_winners_density": [
      0.04830181004677649,
      0.15446410412853365,
      0.2991661582265609,
      0.32397803538743136,
      0.17408989221069757
    ],
    "winners_count": [
      2,
      14,
      19,
      22,
      9
    ],
    "non_winners_count": [
      475,
      1519,
      2942,
      3186,
      1712
    ],
    "winners_mean": 2.3333333333333335,
    "non_winners_mean": 2.42109009558674
  },