round,mean_madness,std_madness,losers_mean_madness,losers_std_madness
First Round,15.792853397504368,3.4233436070480683,17.29078453132413,4.317940938350601
Second Round,9.295573960346541,1.5921390801346214,9.426813018656969,2.108440704723366
Sweet 16,4.723653453329268,1.3984570310132836,4.8785532244728556,1.2206319940381054
Elite 8,2.4053872826672884,0.6464917832129216,2.4520996617250175,0.7687849193493335
Final Four,1.1635523965139136,0.4181838611433052,1.2385919660724622,0.542826292202494
Championship,0.6268414968211231,0.3163446133794702,0.6287862652901368,0.3308227254755793
