round,mean_madness,std_madness
First Round,15.861176405182825,2.3487859758049185
Second Round,8.93613794862822,1.6321515120382803
Sweet 16,4.8943742298395,1.0190213067105336
Elite 8,2.406420826202138,0.6512019383732973
Final Four,1.324657487184036,0.5455564691302525
Championship,0.6499521625306819,0.3507473903626078
