round,max_advantage_upsets,max_advantage,max_density_upsets,mode_upsets,mean_upsets,std_upsets,losers_mean_upsets,losers_std_upsets,num_pools
First Round,10.0,0.10033557046979867,9.0,9.0,7.9,2.5865034312755126,8.442953020134228,3.434883330542275,20
Second Round,4.0,0.15369127516778525,4.0,4.0,5.7,2.3473389188611007,6.504697986577181,2.6245443342567425,20
Sweet 16,4.0,0.17751677852348996,4.0,4.0,4.0,1.4142135623730951,4.31006711409396,1.7257911313518637,20
Elite 8,3.0,0.12416107382550334,3.0,3.0,2.45,1.023474474522936,2.3895973154362418,1.0927886740661663,20
Final Four,,,,1.0,0.9,0.7181848464596079,0.998993288590604,0.74297537600578,20
Championship,,,,0.0,0.3,0.4701623459816272,0.4016778523489933,0.49023744785694784,20
Total Upsets,17.0,0.10973154362416107,17.0,17.0,21.25,6.472055314967572,23.04798657718121,8.088481700207087,20
