round,max_advantage_upsets,max_advantage,max_density_upsets,mode_upsets,mean_upsets,std_upsets,num_pools
First Round,6.0,0.07941834451901565,6.0,6.0,7.803030303030303,2.529940093731392,66
Second Round,7.0,0.08094366483628229,6.0,6.0,5.893939393939394,1.810146385163599,66
Sweet 16,5.0,0.0664022778116738,5.0,5.0,4.151515151515151,1.39525629493592,66
Elite 8,3.0,0.056131787675411826,3.0,3.0,2.303030303030303,0.9842655617522251,66
Final Four,,,,1.0,1.0303030303030303,0.6556194245420356,66
Championship,,,,0.0,0.3939393939393939,0.49236596391733095,66
Total Upsets,21.0,0.0751474476306691,21.0,21.0,21.575757575757574,5.31168125544185,66
