{
  "First Round": {
    "bin_center": [
      0.0,
      1.0,
      2.0,
      3.0,
      4.0,
      5.0,
      6.0,
      7.0,
      8.0,
      9.0,
      10.0,
      11.0,
      12.0,
      13.0,
      14.0,
      15.0,
      16.0,
      17.0,
      18.0,
      19.0,
      20.0,
      21.0,
      22.0,
      23.0,
      24.0,
      25.0,
      26.0,
      27.0,
      28.0,
      29.0,
      30.0,
      31.0,
      32.0
    ],
    "bin_start": [
      -0.5,
      0.5,
      1.5,
      2.5,
      3.5,
      4.5,
      5.5,
      6.5,
      7.5,
      8.5,
      9.5,
      10.5,
      11.5,
      12.5,
      13.5,
      14.5,
      15.5,
      16.5,
      17.5,
      18.5,
      19.5,
      20.5,
      21.5,
      22.5,
      23.5,
      24.5,
      25.5,
      26.5,
      27.5,
      28.5,
      29.5,
      30.5,
      31.5
    ],
    "bin_end": [
      0.5,
      1.5,
      2.5,
      3.5,
      4.5,
      5.5,
      6.5,
      7.5,
      8.5,
      9.5,
      10.5,
      11.5,
      12.5,
      13.5,
      14.5,
      15.5,
      16.5,
      17.5,
      18.5,
      19.5,
      20.5,
      21.5,
      22.5,
      23.5,
      24.5,
      25.5,
      26.5,
      27.5,
      28.5,
      29.5,
      30.5,
      31.5,
      32.5
    ],
    "winners_density": [
      0.107,
      0.253,
      0.307,
      0.169,
      0.094,
      0.032,
      0.019,
      0.008,
      0.005,
      0.003,
      0.001,
      0.0,
      0.0,
      0.002,
      0.0,
      0.0,
      0.0,
      0.0,
      0.0,
      0.0,
      0.0,
      0.0,
      0.0,
      0.0,
      0.0,
      0.0,
      0.0,
      0.0,
      0.0,
      0.0,
      0.0,
      0.0,
      0.0
    ],
    "non_winners_density": [
      0.0024444444444444444,
      0.004888888888888889,
      0.010444444444444444,
      0.01577777777777778,
      0.025444444444444443,
      0.03666666666666667,
      0.057666666666666665,
      0.07655555555555556,
      0.09522222222222222,
      0.10877777777777778,
      0.10511111111111111,
      0.10077777777777777,
      0.09166666666666666,
      0.07822222222222222,
      0.06677777777777778,
      0.04455555555555556,
      0.03166666666666667,
      0.019777777777777776,
      0.014777777777777779,
      0.0067777777777777775,
      0.0028888888888888888,
      0.001888888888888889,
      0.0008888888888888889,
      0.0003333333333333333,
      0.0,
      0.0,
      0.0,
      0.0,
      0.0,
      0.0,
      0.0,
      0.0,
      0.0
    ],
    "winners_count": [
      107,
      253,
      307,
      169,
      94,
      32,
      19,
      8,
      5,
      3,
      1,
      0,
      0,
      2,
      0,
      0,
      0,
      0,
      0,
      0,
      0,
      0,
      0,
      0,
      0,
      0,
      0,
      0,
      0,
      0,
      0,
      0,
      0
    ],
    "non_winners_count": [
      22,
      44,
      94,
      142,
      229,
      330,
      519,
      689,
      857,
      979,
      946,
      907,
      825,
      704,
      601,
      401,
      285,
      178,
      133,
      61,
      26,
      17,
      8,
      3,
      0,
      0,
      0,
      0,
      0,
      0,
      0,
      0,
      0
    ],
    "winners_mean": 2.183,
    "non_winners_mean": 10.223
  },
  "Second Round": {
    "bin_center": [
      0.0,
      1.0,
      2.0,
      3.0,
      4.0,
      5.0,
      6.0,
      7.0,
      8.0,
      9.0,
      10.0,
      11.0,
      12.0,
      13.0,
      14.0,
      15.0,
      16.0
    ],
    "bin_start": [
      -0.5,
      0.5,
      1.5,
      2.5,
      3.5,
      4.5,
      5.5,
      6.5,
      7.5,
      8.5,
      9.5,
      10.5,
      11.5,
      12.5,
      13.5,
      14.5,
      15.5
    ],
    "bin_end": [
      0.5,
      1.5,
      2.5,
      3.5,
      4.5,
      5.5,
      6.5,
      7.5,
      8.5,
      9.5,
      10.5,
      11.5,
      12.5,
      13.5,
      14.5,
      15.5,
      16.5
    ],
    "winners_density": [
      0.132,
      0.285,
      0.26,
      0.186,
      0.073,
      0.04,
      0.016,
      0.002,
      0.003,
      0.003,
      0.0,
      0.0,
      0.0,
      0.0,
      0.0,
      0.0,
      0.0
    ],
    "non_winners_density": [
      0.002777777777777778,
      0.0077777777777777776,
      0.013666666666666667,
      0.031,
      0.051444444444444445,
      0.09288888888888888,
      0.11577777777777777,
      0.14477777777777778,
      0.14155555555555555,
      0.12733333333333333,
      0.10366666666666667,
      0.07222222222222222,
      0.049444444444444444,
      0.029444444444444443,
      0.013333333333333334,
      0.0024444444444444444,
      0.00044444444444444447
    ],
    "winners_count": [
      132,
      285,
      260,
      186,
      73,
      40,
      16,
      2,
      3,
      3,
      0,
      0,
      0,
      0,
      0,
      0,
      0
    ],
    "non_winners_count": [
      25,
      70,
      123,
      279,
      463,
      836,
      1042,
      1303,
      1274,
      1146,
      933,
      650,
      445,
      265,
      120,
      22,
      4
    ],
    "winners_mean": 2.016,
    "non_winners_mean": 7.822555555555556
  },
  "Sweet 16": {
    "bin_center": [
      0.0,
      1.0,
      2.0,
      3.0,
      4.0,
      5.0,
      6.0,
      7.0,
      8.0
    ],
    "bin_start": [
      -0.5,
      0.5,
      1.5,
      2.5,
      3.5,
      4.5,
      5.5,
      6.5,
      7.5
    ],
    "bin_end": [
      0.5,
      1.5,
      2.5,
      3.5,
      4.5,
      5.5,
      6.5,
      7.5,
      8.5
    ],
    "winners_density": [
      0.291,
      0.395,
      0.209,
      0.078,
      0.016,
      0.01,
      0.001,
      0.0,
      0.0
    ],
    "non_winners_density": [
      0.011555555555555555,
      0.044222222222222225,
      0.10111111111111111,
      0.1668888888888889,
      0.20666666666666667,
      0.19211111111111112,
      0.14944444444444444,
      0.089,
      0.039
    ],
    "winners_count": [
      291,
      395,
      209,
      78,
      16,
      10,
      1,
      0,
      0
    ],
    "non_winners_count": [
      104,
      398,
      910,
      1502,
      1860,
      1729,
      1345,
      801,
      351
    ],
    "winners_mean": 1.167,
    "non_winners_mean": 4.366
  },
  "Elite 8": {
    "bin_center": [
      0.0,
      1.0,
      2.0,
      3.0,
      4.0
    ],
    "bin_start": [
      -0.5,
      0.5,
      1.5,
      2.5,
      3.5
    ],
    "bin_end": [
      0.5,
      1.5,
      2.5,
      3.5,
      4.5
    ],
    "winners_density": [
      0.392,
      0.401,
      0.166,
      0.037,
      0.004
    ],
    "non_winners_density": [
      0.022555555555555554,
      0.10088888888888889,
      0.2604444444444444,
      0.35555555555555557,
      0.26055555555555554
    ],
    "winners_count": [
      392,
      401,
      166,
      37,
      4
    ],
    "non_winners_count": [
      203,
      908,
      2344,
      3200,
      2345
    ],
    "winners_mean": 0.86,
    "non_winners_mean": 2.7306666666666666
  },
  "Total Upsets": {
    "bin_center": [
      0.0,
      1.0,
      2.0,
      3.0,
      4.0,
      5.0,
      6.0,
      7.0,
      8.0,
      9.0,
      10.0,
      11.0,
      12.0,
      13.0,
      14.0,
      15.0,
      16.0,
      17.0,
      18.0,
      19.0,
      20.0,
      21.0,
      22.0,
      23.0,
      24.0,
      25.0,
      26.0,
      27.0,
      28.0,
      29.0,
      30.0,
      31.0,
      32.0,
      33.0,
      34.0,
      35.0,
      36.0,
      37.0,
      38.0,
      39.0,
      40.0,
      41.0,
      42.0,
      43.0,
      44.0,
      45.0,
      46.0,
      47.0,
      48.0,
      49.0,
      50.0,
      51.0,
      52.0,
      53.0,
      54.0
    ],