{
  "First Round": {
    "bin_center": [
      0.0,
      1.0,
      2.0,
      3.0,
      4.0,
      5.0,
      6.0,
      7.0,
      8.0,
      9.0,
      10.0,
      11.0,
      12.0,
      13.0,
      14.0,
      15.0,
      16.0,
      17.0,
      18.0,
      19.0,
      20.0,
      21.0,
      22.0,
      23.0,
      24.0,
      25.0,
      26.0,
      27.0,
      28.0,
      29.0,
      30.0,
      31.0,
      32.0
    ],
    "bin_start": [
      -0.5,
      0.5,
      1.5,
      2.5,
      3.5,
      4.5,
      5.5,
      6.5,
      7.5,
      8.5,
      9.5,
      10.5,
      11.5,
      12.5,
      13.5,
      14.5,
      15.5,
      16.5,
      17.5,
      18.5,
      19.5,
      20.5,
      21.5,
      22.5,
      23.5,
      24.5,
      25.5,
      26.5,
      27.5,
      28.5,
      29.5,
      30.5,
      31.5
    ],
    "bin_end": [
      0.5,
      1.5,
      2.5,
      3.5,
      4.5,
      5.5,
      6.5,
      7.5,
      8.5,
      9.5,
      10.5,
      11.5,
      12.5,
      13.5,
      14.5,
      15.5,
      16.5,
      17.5,
      18.5,
      19.5,
      20.5,
      21.5,
      22.5,
      23.5,
      24.5,
      25.5,
      26.5,
      27.5,
      28.5,
      29.5,
      30.5,
      31.5,
      32.5
    ],
    "winners_density": [
      0.074,
      0.156,
      0.194,
      0.188,
      0.098,
      0.06,
      0.056,
      0.048,
      0.05,
      0.03,
      0.016,
      0.006,
      0.006,
      0.01,
      0.004,
      0.002,
      0.002,
      0.0,
      0.0,
      0.0,
      0.0,
      0.0,
      0.0,
      0.0,
      0.0,
      0.0,
      0.0,
      0.0,
      0.0,
      0.0,
      0.0,
      0.0,
      0.0
    ],
    "non_winners_density": [
      0.0035789473684210526,
      0.00863157894736842,
      0.012526315789473684,
      0.017789473684210525,
      0.023578947368421053,
      0.033578947368421055,
      0.04989473684210526,
      0.06431578947368422,
      0.08094736842105263,
      0.10326315789473685,
      0.11347368421052631,
      0.11578947368421053,
      0.09705263157894736,
      0.08652631578947369,
      0.06578947368421052,
      0.045052631578947365,
      0.032105263157894734,
      0.023578947368421053,
      0.011578947368421053,
      0.005789473684210527,
      0.0030526315789473684,
      0.0013684210526315789,
      0.0005263157894736842,
      0.00010526315789473685,
      0.00010526315789473685,
      0.0,
      0.0,
      0.0,
      0.0,
      0.0,
      0.0,
      0.0,
      0.0
    ],
    "winners_count": [
      37,
      78,
      97,
      94,
      49,
      30,
      28,
      24,
      25,
      15,
      8,
      3,
      3,
      5,
      2,
      1,
      1,
      0,
      0,
      0,
      0,
      0,
      0,
      0,
      0,
      0,
      0,
      0,
      0,
      0,
      0,
      0,
      0
    ],
    "non_winners_count": [
      34,
      82,
      119,
      169,
      224,
      319,
      474,
      611,
      769,
      981,
      1078,
      1100,
      922,
      822,
      625,
      428,
      305,
      224,
      110,
      55,
      29,
      13,
      5,
      1,
      1,
      0,
      0,
      0,
      0,
      0,
      0,
      0,
      0
    ],
    "winners_mean": 3.688,
    "non_winners_mean": 10.30978947368421
  },
  "Second Round": {
    "bin_center": [
      0.0,
      1.0,
      2.0,
      3.0,
      4.0,
      5.0,
      6.0,
      7.0,
      8.0,
      9.0,
      10.0,
      11.0,
      12.0,
      13.0,
      14.0,
      15.0,
      16.0
    ],
    "bin_start": [
      -0.5,
      0.5,
      1.5,
      2.5,
      3.5,
      4.5,
      5.5,
      6.5,
      7.5,
      8.5,
      9.5,
      10.5,
      11.5,
      12.5,
      13.5,
      14.5,
      15.5
    ],
    "bin_end": [
      0.5,
      1.5,
      2.5,
      3.5,
      4.5,
      5.5,
      6.5,
      7.5,
      8.5,
      9.5,
      10.5,
      11.5,
      12.5,
      13.5,
      14.5,
      15.5,
      16.5
    ],
    "winners_density": [
      0.132,
      0.252,
      0.188,
      0.158,
      0.09,
      0.086,
      0.04,
      0.026,
      0.018,
      0.008,
      0.002,
      0.0,
      0.0,
      0.0,
      0.0,
      0.0,
      0.0
    ],
    "non_winners_density": [
      0.007894736842105263,
      0.01726315789473684,
      0.028526315789473684,
      0.05263157894736842,
      0.07957894736842105,
      0.11305263157894736,
      0.1383157894736842,
      0.14494736842105263,
      0.128,
      0.1071578947368421,
      0.07747368421052632,
      0.047578947368421054,
      0.03557894736842105,
      0.015052631578947368,
      0.005578947368421052,
      0.0012631578947368421,
      0.00010526315789473685
    ],
    "winners_count": [
      66,
      126,
      94,
      79,
      45,
      43,
      20,
      13,
      9,
      4,
      1,
      0,
      0,
      0,
      0,
      0,
      0
    ],
    "non_winners_count": [
      75,
      164,
      271,
      500,
      756,
      1074,
      1314,
      1377,
      1216,
      1018,
      736,
      452,
      338,
      143,
      53,
      12,
      1
    ],
    "winners_mean": 2.55,
    "non_winners_mean": 6.968210526315789
  },
  "Sweet 16": {
    "bin_center": [
      0.0,
      1.0,
      2.0,
      3.0,
      4.0,
      5.0,
      6.0,
      7.0,
      8.0
    ],
    "bin_start": [
      -0.5,
      0.5,
      1.5,
      2.5,
      3.5,
      4.5,
      5.5,
      6.5,
      7.5
    ],
    "bin_end": [
      0.5,
      1.5,
      2.5,
      3.5,
      4.5,
      5.5,
      6.5,
      7.5,
      8.5
    ],
    "winners_density": [
      0.22,
      0.302,
      0.212,
      0.134,
      0.088,
      0.03,
      0.01,
      0.004,
      0.0
    ],
    "non_winners_density": [
      0.018526315789473686,
      0.05042105263157895,
      0.10684210526315789,
      0.18063157894736842,
      0.20957894736842106,
      0.19642105263157894,
      0.13431578947368422,
      0.07926315789473684,
      0.024
    ],
    "winners_count": [
      110,
      151,
      106,
      67,
      44,
      15,
      5,
      2,
      0
    ],
    "non_winners_count": [
      176,
      479,
      1015,
      1716,
      1991,
      1866,
      1276,
      753,
      228
    ],
    "winners_mean": 1.718,
    "non_winners_mean": 4.179157894736842
  },
  "Elite 8": {
    "bin_center": [
      0.0,
      1.0,
      2.0,
      3.0,
      4.0
    ],
    "bin_start": [
      -0.5,
      0.5,
      1.5,
      2.5,
      3.5
    ],
    "bin_end": [
      0.5,
      1.5,
      2.5,
      3.5,
      4.5
    ],
    "winners_density": [
      0.378,
      0.392,
      0.158,
      0.068,
      0.004
    ],
    "non_winners_density": [
      0.07147368421052631,
      0.19705263157894737,
      0.296421052631579,
      0.28021052631578947,
      0.1548421052631579
    ],
    "winners_count": [
      189,
      196,
      79,
      34,
      2
    ],
    "non_winners_count": [
      679,
      1872,
      2816,
      2662,
      1471
    ],
    "winners_mean": 0.928,
    "non_winners_mean": 2.2498947368421054
  },
  "Total Upsets": {
    "bin_center": [
      0.0,
      1.0,
      2.0,
      3.0,
      4.0,
      5.0,
      6.0,
      7.0,
      8.0,
      9.0,
      10.0,
      11.0,
      12.0,
      13.0,
      14.0,
      15.0,
      16.0,
      17.0,
      18.0,
      19.0,
      20.0,
      21.0,
      22.0,
      23.0,
      24.0,
      25.0,
      26.0,
      27.0,
      28.0,
      29.0,
      30.0,
      31.0,
      32.0,
      33.0,
      34.0,
      35.0,
      36.0,
      37.0,
      38.0,
      39.0,
      40.0,
      41.0,
      42.0,
      43.0,
      44.0,
      45.0,
      46.0,
      47.0,
      48.0,
      49.0,
      50.0,
      51.0
    ],