{
  "First Round": {
    "bin_center": [
      0.0,
      1.0,
      2.0,
      3.0,
      4.0,
      5.0,
      6.0,
      7.0,
      8.0,
      9.0,
      10.0,
      11.0,
      12.0,
      13.0,
      14.0,
      15.0,
      16.0,
      17.0,
      18.0,
      19.0,
      20.0,
      21.0,
      22.0,
      23.0,
      24.0,
      25.0,
      26.0,
      27.0,
      28.0,
      29.0,
      30.0,
      31.0,
      32.0
    ],
    "bin_start": [
      -0.5,
      0.5,
      1.5,
      2.5,
      3.5,
      4.5,
      5.5,
      6.5,
      7.5,
      8.5,
      9.5,
      10.5,
      11.5,
      12.5,
      13.5,
      14.5,
      15.5,
      16.5,
      17.5,
      18.5,
      19.5,
      20.5,
      21.5,
      22.5,
      23.5,
      24.5,
      25.5,
      26.5,
      27.5,
      28.5,
      29.5,
      30.5,
      31.5
    ],
    "bin_end": [
      0.5,
      1.5,
      2.5,
      3.5,
      4.5,
      5.5,
      6.5,
      7.5,
      8.5,
      9.5,
      10.5,
      11.5,
      12.5,
      13.5,
      14.5,
      15.5,
      16.5,
      17.5,
      18.5,
      19.5,
      20.5,
      21.5,
      22.5,
      23.5,
      24.5,
      25.5,
      26.5,
      27.5,
      28.5,
      29.5,
      30.5,
      31.5,
      32.5
    ],
    "winners_density": [
      0.06,
      0.174,
      0.198,
      0.172,
      0.098,
      0.076,
      0.066,
      0.042,
      0.042,
      0.018,
      0.02,
      0.01,
      0.012,
      0.008,
      0.002,
      0.0,
      0.002,
      0.0,
      0.0,
      0.0,
      0.0,
      0.0,
      0.0,
      0.0,
      0.0,
      0.0,
      0.0,
      0.0,
      0.0,
      0.0,
      0.0,
      0.0,
      0.0
    ],
    "non_winners_density": [
      0.005263157894736842,
      0.007263157894736842,
      0.015473684210526317,
      0.012736842105263158,
      0.02536842105263158,
      0.032210526315789474,
      0.05052631578947368,
      0.06378947368421052,
      0.08326315789473684,
      0.10463157894736842,
      0.11378947368421052,
      0.10968421052631579,
      0.10536842105263158,
      0.08378947368421052,
      0.06368421052631579,
      0.049473684210526316,
      0.03126315789473684,
      0.021157894736842105,
      0.010421052631578947,
      0.005894736842105263,
      0.0025263157894736842,
      0.0015789473684210526,
      0.0006315789473684211,
      0.0002105263157894737,
      0.0,
      0.0,
      0.0,
      0.0,
      0.0,
      0.0,
      0.0,
      0.0,
      0.0
    ],
    "winners_count": [
      30,
      87,
      99,
      86,
      49,
      38,
      33,
      21,
      21,
      9,
      10,
      5,
      6,
      4,
      1,
      0,
      1,
      0,
      0,
      0,
      0,
      0,
      0,
      0,
      0,
      0,
      0,
      0,
      0,
      0,
      0,
      0,
      0
    ],
    "non_winners_count": [
      50,
      69,
      147,
      121,
      241,
      306,
      480,
      606,
      791,
      994,
      1081,
      1042,
      1001,
      796,
      605,
      470,
      297,
      201,
      99,
      56,
      24,
      15,
      6,
      2,
      0,
      0,
      0,
      0,
      0,
      0,
      0,
      0,
      0
    ],
    "winners_mean": 3.664,
    "non_winners_mean": 10.290105263157894
  },
  "Second Round": {
    "bin_center": [
      0.0,
      1.0,
      2.0,
      3.0,
      4.0,
      5.0,
      6.0,
      7.0,
      8.0,
      9.0,
      10.0,
      11.0,
      12.0,
      13.0,
      14.0,
      15.0,
      16.0
    ],
    "bin_start": [
      -0.5,
      0.5,
      1.5,
      2.5,
      3.5,
      4.5,
      5.5,
      6.5,
      7.5,
      8.5,
      9.5,
      10.5,
      11.5,
      12.5,
      13.5,
      14.5,
      15.5
    ],
    "bin_end": [
      0.5,
      1.5,
      2.5,
      3.5,
      4.5,
      5.5,
      6.5,
      7.5,
      8.5,
      9.5,
      10.5,
      11.5,
      12.5,
      13.5,
      14.5,
      15.5,
      16.5
    ],
    "winners_density": [
      0.148,
      0.224,
      0.234,
      0.12,
      0.106,
      0.082,
      0.042,
      0.026,
      0.01,
      0.006,
      0.0,
      0.002,
      0.0,
      0.0,
      0.0,
      0.0,
      0.0
    ],
    "non_winners_density": [
      0.007789473684210527,
      0.014947368421052631,
      0.032105263157894734,
      0.05431578947368421,
      0.08263157894736842,
      0.11252631578947368,
      0.13873684210526316,
      0.1368421052631579,
      0.13810526315789473,
      0.10357894736842105,
      0.07894736842105263,
      0.0491578947368421,
      0.02968421052631579,
      0.01368421052631579,
      0.004842105263157895,
      0.001894736842105263,
      0.0002105263157894737
    ],
    "winners_count": [
      74,
      112,
      117,
      60,
      53,
      41,
      21,
      13,
      5,
      3,
      0,
      1,
      0,
      0,
      0,
      0,
      0
    ],
    "non_winners_count": [
      74,
      142,
      305,
      516,
      785,
      1069,
      1318,
      1300,
      1312,
      984,
      750,
      467,
      282,
      130,
      46,
      18,
      2
    ],
    "winners_mean": 2.476,
    "non_winners_mean": 6.926526315789474
  },
  "Sweet 16": {
    "bin_center": [
      0.0,
      1.0,
      2.0,
      3.0,
      4.0,
      5.0,
      6.0,
      7.0,
      8.0
    ],
    "bin_start": [
      -0.5,
      0.5,
      1.5,
      2.5,
      3.5,
      4.5,
      5.5,
      6.5,
      7.5
    ],
    "bin_end": [
      0.5,
      1.5,
      2.5,
      3.5,
      4.5,
      5.5,
      6.5,
      7.5,
      8.5
    ],
    "winners_density": [
      0.22,
      0.332,
      0.216,
      0.138,
      0.062,
      0.026,
      0.004,
      0.002,
      0.0
    ],
    "non_winners_density": [
      0.018421052631578946,
      0.04736842105263158,
      0.11294736842105263,
      0.1745263157894737,
      0.21010526315789474,
      0.1994736842105263,
      0.1374736842105263,
      0.07610526315789473,
      0.023578947368421053
    ],
    "winners_count": [
      110,
      166,
      108,
      69,
      31,
      13,
      2,
      1,
      0
    ],
    "non_winners_count": [
      175,
      450,
      1073,
      1658,
      1996,
      1895,
      1306,
      723,
      224
    ],
    "winners_mean": 1.594,
    "non_winners_mean": 4.1808421052631575
  },
  "Elite 8": {
    "bin_center": [
      0.0,
      1.0,
      2.0,
      3.0,
      4.0
    ],
    "bin_start": [
      -0.5,
      0.5,
      1.5,
      2.5,
      3.5
    ],
    "bin_end": [
      0.5,
      1.5,
      2.5,
      3.5,
      4.5
    ],
    "winners_density": [
      0.438,
      0.35,
      0.168,
      0.03,
      0.014
    ],
    "non_winners_density": [
      0.06968421052631579,
      0.1956842105263158,
      0.29873684210526313,
      0.28757894736842105,
      0.1483157894736842
    ],
    "winners_count": [
      219,
      175,
      84,
      15,
      7
    ],
    "non_winners_count": [
      662,
      1859,
      2838,
      2732,
      1409
    ],
    "winners_mean": 0.832,
    "non_winners_mean": 2.2491578947368422
  },
  "Total Upsets": {
    "bin_center": [
      0.0,
      1.0,
      2.0,
      3.0,
      4.0,
      5.0,
      6.0,
      7.0,
      8.0,
      9.0,
      10.0,
      11.0,
      12.0,
      13.0,
      14.0,
      15.0,
      16.0,
      17.0,
      18.0,
      19.0,
      20.0,
      21.0,
      22.0,
      23.0,
      24.0,
      25.0,
      26.0,
      27.0,
      28.0,
      29.0,
      30.0,
      31.0,
      32.0,
      33.0,
      34.0,
      35.0,
      36.0,
      37.0,
      38.0,
      39.0,
      40.0,
      41.0,
      42.0,
      43.0,
      44.0,
      45.0,
      46.0,
      47.0,
      48.0,
      49.0,
      50.0,
      51.0
    ],