{
  "First Round": {
    "bin_center": [
      0.0,
      1.0,
      2.0,
      3.0,
      4.0,
      5.0,
      6.0,
      7.0,
      8.0,
      9.0,
      10.0,
      11.0,
      12.0,
      13.0,
      14.0,
      15.0,
      16.0,
      17.0,
      18.0,
      19.0,
      20.0,
      21.0,
      22.0,
      23.0,
      24.0,
      25.0,
      26.0,
      27.0,
      28.0,
      29.0,
      30.0,
      31.0,
      32.0
    ],
    "bin_start": [
      -0.5,
      0.5,
      1.5,
      2.5,
      3.5,
      4.5,
      5.5,
      6.5,
      7.5,
      8.5,
      9.5,
      10.5,
      11.5,
      12.5,
      13.5,
      14.5,
      15.5,
      16.5,
      17.5,
      18.5,
      19.5,
      20.5,
      21.5,
      22.5,
      23.5,
      24.5,
      25.5,
      26.5,
      27.5,
      28.5,
      29.5,
      30.5,
      31.5
    ],
    "bin_end": [
      0.5,
      1.5,
      2.5,
      3.5,
      4.5,
      5.5,
      6.5,
      7.5,
      8.5,
      9.5,
      10.5,
      11.5,
      12.5,
      13.5,
      14.5,
      15.5,
      16.5,
      17.5,
      18.5,
      19.5,
      20.5,
      21.5,
      22.5,
      23.5,
      24.5,
      25.5,
      26.5,
      27.5,
      28.5,
      29.5,
      30.5,
      31.5,
      32.5
    ],
    "winners_density": [
      0.08,
      0.16,
      0.2,
      0.12,
      0.06,
      0.12,
      0.08,
      0.1,
      0.04,
      0.04,
      0.0,
      0.0,
      0.0,
      0.0,
      0.0,
      0.0,
      0.0,
      0.0,
      0.0,
      0.0,
      0.0,
      0.0,
      0.0,
      0.0,
      0.0,
      0.0,
      0.0,
      0.0,
      0.0,
      0.0,
      0.0,
      0.0,
      0.0
    ],
    "non_winners_density": [
      0.002105263157894737,
      0.009473684210526316,
      0.011578947368421053,
      0.022105263157894735,
      0.028421052631578948,
      0.035789473684210524,
      0.04631578947368421,
      0.06736842105263158,
      0.07789473684210527,
      0.07684210526315789,
      0.12421052631578948,
      0.11263157894736842,
      0.10736842105263159,
      0.08210526315789474,
      0.06526315789473684,
      0.05052631578947368,
      0.03263157894736842,
      0.024210526315789474,
      0.009473684210526316,
      0.008421052631578947,
      0.002105263157894737,
      0.002105263157894737,
      0.0010526315789473684,
      0.0,
      0.0,
      0.0,
      0.0,
      0.0,
      0.0,
      0.0,
      0.0,
      0.0,
      0.0
    ],
    "winners_count": [
      4,
      8,
      10,
      6,
      3,
      6,
      4,
      5,
      2,
      2,
      0,
      0,
      0,
      0,
      0,
      0,
      0,
      0,
      0,
      0,
      0,
      0,
      0,
      0,
      0,
      0,
      0,
      0,
      0,
      0,
      0,
      0,
      0
    ],
    "non_winners_count": [
      2,
      9,
      11,
      21,
      27,
      34,
      44,
      64,
      74,
      73,
      118,
      107,
      102,
      78,
      62,
      48,
      31,
      23,
      9,
      8,
      2,
      2,
      1,
      0,
      0,
      0,
      0,
      0,
      0,
      0,
      0,
      0,
      0
    ],
    "winners_mean": 3.62,
    "non_winners_mean": 10.337894736842106
  },
  "Second Round": {
    "bin_center": [
      0.0,
      1.0,
      2.0,
      3.0,
      4.0,
      5.0,
      6.0,
      7.0,
      8.0,
      9.0,
      10.0,
      11.0,
      12.0,
      13.0,
      14.0,
      15.0,
      16.0
    ],
    "bin_start": [
      -0.5,
      0.5,
      1.5,
      2.5,
      3.5,
      4.5,
      5.5,
      6.5,
      7.5,
      8.5,
      9.5,
      10.5,
      11.5,
      12.5,
      13.5,
      14.5,
      15.5
    ],
    "bin_end": [
      0.5,
      1.5,
      2.5,
      3.5,
      4.5,
      5.5,
      6.5,
      7.5,
      8.5,
      9.5,
      10.5,
      11.5,
      12.5,
      13.5,
      14.5,
      15.5,
      16.5
    ],
    "winners_density": [
      0.1,
      0.24,
      0.32,
      0.08,
      0.16,
      0.08,
      0.02,
      0.0,
      0.0,
      0.0,
      0.0,
      0.0,
      0.0,
      0.0,
      0.0,
      0.0,
      0.0
    ],
    "non_winners_density": [
      0.004210526315789474,
      0.015789473684210527,
      0.030526315789473683,
      0.042105263157894736,
      0.08105263157894736,
      0.12736842105263158,
      0.1431578947368421,
      0.13789473684210526,
      0.11368421052631579,
      0.11263157894736842,
      0.08,
      0.05789473684210526,
      0.029473684210526315,
      0.011578947368421053,
      0.009473684210526316,
      0.003157894736842105,
      0.0
    ],
    "winners_count": [
      5,
      12,
      16,
      4,
      8,
      4,
      1,
      0,
      0,
      0,
      0,
      0,
      0,
      0,
      0,
      0,
      0
    ],
    "non_winners_count": [
      4,
      15,
      29,
      40,
      77,
      121,
      136,
      131,
      108,
      107,
      76,
      55,
      28,
      11,
      9,
      3,
      0
    ],
    "winners_mean": 2.28,
    "non_winners_mean": 7.032631578947369
  },
  "Sweet 16": {
    "bin_center": [
      0.0,
      1.0,
      2.0,
      3.0,
      4.0,
      5.0,
      6.0,
      7.0,
      8.0
    ],
    "bin_start": [
      -0.5,
      0.5,
      1.5,
      2.5,
      3.5,
      4.5,
      5.5,
      6.5,
      7.5
    ],
    "bin_end": [
      0.5,
      1.5,
      2.5,
      3.5,
      4.5,
      5.5,
      6.5,
      7.5,
      8.5
    ],
    "winners_density": [
      0.18,
      0.32,
      0.28,
      0.14,
      0.06,
      0.02,
      0.0,
      0.0,
      0.0
    ],
    "non_winners_density": [
      0.017894736842105262,
      0.045263157894736845,
      0.12526315789473685,
      0.1726315789473684,
      0.21789473684210525,
      0.18526315789473685,
      0.13578947368421052,
      0.07368421052631578,
      0.02631578947368421
    ],
    "winners_count": [
      9,
      16,
      14,
      7,
      3,
      1,
      0,
      0,
      0
    ],
    "non_winners_count": [
      17,
      43,
      119,
      164,
      207,
      176,
      129,
      70,
      25
    ],
    "winners_mean": 1.64,
    "non_winners_mean": 4.152631578947369
  },
  "Elite 8": {
    "bin_center": [
      0.0,
      1.0,
      2.0,
      3.0,
      4.0
    ],
    "bin_start": [
      -0.5,
      0.5,
      1.5,
      2.5,
      3.5
    ],
    "bin_end": [
      0.5,
      1.5,
      2.5,
      3.5,
      4.5
    ],
    "winners_density": [
      0.32,
      0.52,
      0.1,
      0.06,
      0.0
    ],
    "non_winners_density": [
      0.06315789473684211,
      0.2031578947368421,
      0.2926315789473684,
      0.2863157894736842,
      0.15473684210526314
    ],
    "winners_count": [
      16,
      26,
      5,
      3,
      0
    ],
    "non_winners_count": [
      60,
      193,
      278,
      272,
      147
    ],
    "winners_mean": 0.9,
    "non_winners_mean": 2.2663157894736843
  },
  "Total Upsets": {
    "bin_center": [
      0.0,
      1.0,
      2.0,
      3.0,
      4.0,
      5.0,
      6.0,
      7.0,
      8.0,
      9.0,
      10.0,
      11.0,
      12.0,
      13.0,
      14.0,
      15.0,
      16.0,
      17.0,
      18.0,
      19.0,
      20.0,
      21.0,
      22.0,
      23.0,
      24.0,
      25.0,
      26.0,
      27.0,
      28.0,
      29.0,
      30.0,
      31.0,
      32.0,
      33.0,
      34.0,
      35.0,
      36.0,
      37.0,
      38.0,
      39.0,
      40.0,
      41.0,
      42.0,
      43.0,
      44.0,
      45.0,
      46.0,
      47.0,
      48.0,
      49.0,
      50.0
    ],