{
  "First Round": {
    "bin_center": [
      0.0,
      1.0,
      2.0,
      3.0,
      4.0,
      5.0,
      6.0,
      7.0,
      8.0,
      9.0,
      10.0,
      11.0,
      12.0,
      13.0,
      14.0,
      15.0,
      16.0,
      17.0,
      18.0,
      19.0,
      20.0,
      21.0,
      22.0,
      23.0,
      24.0,
      25.0,
      26.0,
      27.0,
      28.0,
      29.0,
      30.0,
      31.0,
      32.0
    ],
    "bin_start": [
      -0.5,
      0.5,
      1.5,
      2.5,
      3.5,
      4.5,
      5.5,
      6.5,
      7.5,
      8.5,
      9.5,
      10.5,
      11.5,
      12.5,
      13.5,
      14.5,
      15.5,
      16.5,
      17.5,
      18.5,
      19.5,
      20.5,
      21.5,
      22.5,
      23.5,
      24.5,
      25.5,
      26.5,
      27.5,
      28.5,
      29.5,
      30.5,
      31.5
    ],
    "bin_end": [
      0.5,
      1.5,
      2.5,
      3.5,
      4.5,
      5.5,
      6.5,
      7.5,
      8.5,
      9.5,
      10.5,
      11.5,
      12.5,
      13.5,
      14.5,
      15.5,
      16.5,
      17.5,
      18.5,
      19.5,
      20.5,
      21.5,
      22.5,
      23.5,
      24.5,
      25.5,
      26.5,
      27.5,
      28.5,
      29.5,
      30.5,
      31.5,
      32.5
    ],
    "winners_density": [
      0.06,
      0.16,
      0.2,
      0.28,
      0.1,
      0.04,
      0.06,
      0.02,
      0.04,
      0.02,
      0.0,
      0.02,
      0.0,
      0.0,
      0.0,
      0.0,
      0.0,
      0.0,
      0.0,
      0.0,
      0.0,
      0.0,
      0.0,
      0.0,
      0.0,
      0.0,
      0.0,
      0.0,
      0.0,
      0.0,
      0.0,
      0.0,
      0.0
    ],
    "non_winners_density": [
      0.0010526315789473684,
      0.00631578947368421,
      0.014736842105263158,
      0.016842105263157894,
      0.02736842105263158,
      0.037894736842105266,
      0.05157894736842105,
      0.06421052631578947,
      0.06736842105263158,
      0.09473684210526316,
      0.12210526315789473,
      0.11894736842105263,
      0.09052631578947369,
      0.0863157894736842,
      0.07473684210526316,
      0.056842105263157895,
      0.021052631578947368,
      0.024210526315789474,
      0.009473684210526316,
      0.009473684210526316,
      0.003157894736842105,
      0.0,
      0.0010526315789473684,
      0.0,
      0.0,
      0.0,
      0.0,
      0.0,
      0.0,
      0.0,
      0.0,
      0.0,
      0.0
    ],
    "winners_count": [
      3,
      8,
      10,
      14,
      5,
      2,
      3,
      1,
      2,
      1,
      0,
      1,
      0,
      0,
      0,
      0,
      0,
      0,
      0,
      0,
      0,
      0,
      0,
      0,
      0,
      0,
      0,
      0,
      0,
      0,
      0,
      0,
      0
    ],
    "non_winners_count": [
      1,
      6,
      14,
      16,
      26,
      36,
      49,
      61,
      64,
      90,
      116,
      113,
      86,
      82,
      71,
      54,
      20,
      23,
      9,
      9,
      3,
      0,
      1,
      0,
      0,
      0,
      0,
      0,
      0,
      0,
      0,
      0,
      0
    ],
    "winners_mean": 3.22,
    "non_winners_mean": 10.357894736842105
  },
  "Second Round": {
    "bin_center": [
      0.0,
      1.0,
      2.0,
      3.0,
      4.0,
      5.0,
      6.0,
      7.0,
      8.0,
      9.0,
      10.0,
      11.0,
      12.0,
      13.0,
      14.0,
      15.0,
      16.0
    ],
    "bin_start": [
      -0.5,
      0.5,
      1.5,
      2.5,
      3.5,
      4.5,
      5.5,
      6.5,
      7.5,
      8.5,
      9.5,
      10.5,
      11.5,
      12.5,
      13.5,
      14.5,
      15.5
    ],
    "bin_end": [
      0.5,
      1.5,
      2.5,
      3.5,
      4.5,
      5.5,
      6.5,
      7.5,
      8.5,
      9.5,
      10.5,
      11.5,
      12.5,
      13.5,
      14.5,
      15.5,
      16.5
    ],
    "winners_density": [
      0.06,
      0.32,
      0.24,
      0.18,
      0.08,
      0.06,
      0.02,
      0.04,
      0.0,
      0.0,
      0.0,
      0.0,
      0.0,
      0.0,
      0.0,
      0.0,
      0.0
    ],
    "non_winners_density": [
      0.009473684210526316,
      0.018947368421052633,
      0.028421052631578948,
      0.05368421052631579,
      0.07789473684210527,
      0.11052631578947368,
      0.1368421052631579,
      0.12631578947368421,
      0.12526315789473685,
      0.11368421052631579,
      0.09052631578947369,
      0.056842105263157895,
      0.028421052631578948,
      0.017894736842105262,
      0.004210526315789474,
      0.0010526315789473684,
      0.0
    ],
    "winners_count": [
      3,
      16,
      12,
      9,
      4,
      3,
      1,
      2,
      0,
      0,
      0,
      0,
      0,
      0,
      0,
      0,
      0
    ],
    "non_winners_count": [
      9,
      18,
      27,
      51,
      74,
      105,
      130,
      120,
      119,
      108,
      86,
      54,
      27,
      17,
      4,
      1,
      0
    ],
    "winners_mean": 2.36,
    "non_winners_mean": 7.010526315789473
  },
  "Sweet 16": {
    "bin_center": [
      0.0,
      1.0,
      2.0,
      3.0,
      4.0,
      5.0,
      6.0,
      7.0,
      8.0
    ],
    "bin_start": [
      -0.5,
      0.5,
      1.5,
      2.5,
      3.5,
      4.5,
      5.5,
      6.5,
      7.5
    ],
    "bin_end": [
      0.5,
      1.5,
      2.5,
      3.5,
      4.5,
      5.5,
      6.5,
      7.5,
      8.5
    ],
    "winners_density": [
      0.24,
      0.36,
      0.16,
      0.16,
      0.06,
      0.0,
      0.02,
      0.0,
      0.0
    ],
    "non_winners_density": [
      0.015789473684210527,
      0.05894736842105263,
      0.10631578947368421,
      0.16421052631578947,
      0.1936842105263158,
      0.20526315789473684,
      0.1463157894736842,
      0.07473684210526316,
      0.034736842105263156
    ],
    "winners_count": [
      12,
      18,
      8,
      8,
      3,
      0,
      1,
      0,
      0
    ],
    "non_winners_count": [
      15,
      56,
      101,
      156,
      184,
      195,
      139,
      71,
      33
    ],
    "winners_mean": 1.52,
    "non_winners_mean": 4.24421052631579
  },
  "Elite 8": {
    "bin_center": [
      0.0,
      1.0,
      2.0,
      3.0,
      4.0
    ],
    "bin_start": [
      -0.5,
      0.5,
      1.5,
      2.5,
      3.5
    ],
    "bin_end": [
      0.5,
      1.5,
      2.5,
      3.5,
      4.5
    ],
    "winners_density": [
      0.4,
      0.44,
      0.12,
      0.04,
      0.0
    ],
    "non_winners_density": [
      0.06526315789473684,
      0.18947368421052632,
      0.3042105263157895,
      0.2694736842105263,
      0.17157894736842105
    ],
    "winners_count": [
      20,
      22,
      6,
      2,
      0
    ],
    "non_winners_count": [
      62,
      180,
      289,
      256,
      163
    ],
    "winners_mean": 0.8,
    "non_winners_mean": 2.2926315789473684
  },
  "Total Upsets": {
    "bin_center": [
      1.0,
      2.0,
      3.0,
      4.0,
      5.0,
      6.0,
      7.0,
      8.0,
      9.0,
      10.0,
      11.0,
      12.0,
      13.0,
      14.0,
      15.0,
      16.0,
      17.0,
      18.0,
      19.0,
      20.0,
      21.0,
      22.0,
      23.0,
      24.0,
      25.0,
      26.0,
      27.0,
      28.0,
      29.0,
      30.0,
      31.0,
      32.0,
      33.0,
      34.0,
      35.0,
      36.0,
      37.0,
      38.0,
      39.0,
      40.0,
      41.0,
      42.0,
      43.0,
      44.0,
      45.0,
      46.0,
      47.0,
      48.0,
      49.0
    ],