{
  "First Round": {
    "bin_center": [
      0.0,
      1.0,
      2.0,
      3.0,
      4.0,
      5.0,
      6.0,
      7.0,
      8.0,
      9.0,
      10.0,
      11.0,
      12.0,
      13.0,
      14.0,
      15.0,
      16.0,
      17.0,
      18.0,
      19.0,
      20.0,
      21.0,
      22.0,
      23.0,
      24.0,
      25.0,
      26.0,
      27.0,
      28.0,
      29.0,
      30.0,
      31.0,
      32.0
    ],
    "bin_start": [
      -0.5,
      0.5,
      1.5,
      2.5,
      3.5,
      4.5,
      5.5,
      6.5,
      7.5,
      8.5,
      9.5,
      10.5,
      11.5,
      12.5,
      13.5,
      14.5,
      15.5,
      16.5,
      17.5,
      18.5,
      19.5,
      20.5,
      21.5,
      22.5,
      23.5,
      24.5,
      25.5,
      26.5,
      27.5,
      28.5,
      29.5,
      30.5,
      31.5
    ],
    "bin_end": [
      0.5,
      1.5,
      2.5,
      3.5,
      4.5,
      5.5,
      6.5,
      7.5,
      8.5,
      9.5,
      10.5,
      11.5,
      12.5,
      13.5,
      14.5,
      15.5,
      16.5,
      17.5,
      18.5,
      19.5,
      20.5,
      21.5,
      22.5,
      23.5,
      24.5,
      25.5,
      26.5,
      27.5,
      28.5,
      29.5,
      30.5,
      31.5,
      32.5
    ],
    "winners_density": [
      0.072,
      0.186,
      0.2,
      0.15,
      0.092,
      0.066,
      0.062,
      0.036,
      0.034,
      0.04,
      0.024,
      0.018,
      0.006,
      0.006,
      0.004,
      0.0,
      0.004,
      0.0,
      0.0,
      0.0,
      0.0,
      0.0,
      0.0,
      0.0,
      0.0,
      0.0,
      0.0,
      0.0,
      0.0,
      0.0,
      0.0,
      0.0,
      0.0
    ],
    "non_winners_density": [
      0.003789473684210526,
      0.006947368421052632,
      0.01136842105263158,
      0.015368421052631578,
      0.022842105263157896,
      0.034736842105263156,
      0.048736842105263155,
      0.06673684210526316,
      0.082,
      0.10094736842105263,
      0.11305263157894736,
      0.11031578947368421,
      0.10147368421052631,
      0.08578947368421053,
      0.06652631578947368,
      0.04968421052631579,
      0.03505263157894737,
      0.019894736842105264,
      0.012526315789473684,
      0.008105263157894737,
      0.0022105263157894735,
      0.0009473684210526315,
      0.0007368421052631579,
      0.0002105263157894737,
      0.0,
      0.0,
      0.0,
      0.0,
      0.0,
      0.0,
      0.0,
      0.0,
      0.0
    ],
    "winners_count": [
      36,
      93,
      100,
      75,
      46,
      33,
      31,
      18,
      17,
      20,
      12,
      9,
      3,
      3,
      2,
      0,
      2,
      0,
      0,
      0,
      0,
      0,
      0,
      0,
      0,
      0,
      0,
      0,
      0,
      0,
      0,
      0,
      0
    ],
    "non_winners_count": [
      36,
      66,
      108,
      146,
      217,
      330,
      463,
      634,
      779,
      959,
      1074,
      1048,
      964,
      815,
      632,
      472,
      333,
      189,
      119,
      77,
      21,
      9,
      7,
      2,
      0,
      0,
      0,
      0,
      0,
      0,
      0,
      0,
      0
    ],
    "winners_mean": 3.698,
    "non_winners_mean": 10.38221052631579
  },
  "Second Round": {
    "bin_center": [
      0.0,
      1.0,
      2.0,
      3.0,
      4.0,
      5.0,
      6.0,
      7.0,
      8.0,
      9.0,
      10.0,
      11.0,
      12.0,
      13.0,
      14.0,
      15.0,
      16.0
    ],
    "bin_start": [
      -0.5,
      0.5,
      1.5,
      2.5,
      3.5,
      4.5,
      5.5,
      6.5,
      7.5,
      8.5,
      9.5,
      10.5,
      11.5,
      12.5,
      13.5,
      14.5,
      15.5
    ],
    "bin_end": [
      0.5,
      1.5,
      2.5,
      3.5,
      4.5,
      5.5,
      6.5,
      7.5,
      8.5,
      9.5,
      10.5,
      11.5,
      12.5,
      13.5,
      14.5,
      15.5,
      16.5
    ],
    "winners_density": [
      0.144,
      0.238,
      0.194,
      0.168,
      0.084,
      0.08,
      0.034,
      0.038,
      0.012,
      0.004,
      0.002,
      0.0,
      0.002,
      0.0,
      0.0,
      0.0,
      0.0
    ],
    "non_winners_density": [
      0.006631578947368421,
      0.01631578947368421,
      0.029894736842105262,
      0.051894736842105264,
      0.08210526315789474,
      0.11326315789473684,
      0.1386315789473684,
      0.1436842105263158,
      0.12842105263157894,
      0.10526315789473684,
      0.0771578947368421,
      0.05147368421052632,
      0.031578947368421054,
      0.01431578947368421,
      0.006842105263157895,
      0.0023157894736842107,
      0.0002105263157894737
    ],
    "winners_count": [
      72,
      119,
      97,
      84,
      42,
      40,
      17,
      19,
      6,
      2,
      1,
      0,
      1,
      0,
      0,
      0,
      0
    ],
    "non_winners_count": [
      63,
      155,
      284,
      493,
      780,
      1076,
      1317,
      1365,
      1220,
      1000,
      733,
      489,
      300,
      136,
      65,
      22,
      2
    ],
    "winners_mean": 2.512,
    "non_winners_mean": 6.975578947368421
  },
  "Sweet 16": {
    "bin_center": [
      0.0,
      1.0,
      2.0,
      3.0,
      4.0,
      5.0,
      6.0,
      7.0,
      8.0
    ],
    "bin_start": [
      -0.5,
      0.5,
      1.5,
      2.5,
      3.5,
      4.5,
      5.5,
      6.5,
      7.5
    ],
    "bin_end": [
      0.5,
      1.5,
      2.5,
      3.5,
      4.5,
      5.5,
      6.5,
      7.5,
      8.5
    ],
    "winners_density": [
      0.27,
      0.298,
      0.208,
      0.116,
      0.072,
      0.024,
      0.01,
      0.002,
      0.0
    ],
    "non_winners_density": [
      0.015789473684210527,
      0.05347368421052632,
      0.11221052631578947,
      0.17894736842105263,
      0.20178947368421052,
      0.1948421052631579,
      0.1425263157894737,
      0.07273684210526316,
      0.02768421052631579
    ],
    "winners_count": [
      135,
      149,
      104,
      58,
      36,
      12,
      5,
      1,
      0
    ],
    "non_winners_count": [
      150,
      508,
      1066,
      1700,
      1917,
      1851,
      1354,
      691,
      263
    ],
    "winners_mean": 1.544,
    "non_winners_mean": 4.181894736842105
  },
  "Elite 8": {
    "bin_center": [
      0.0,
      1.0,
      2.0,
      3.0,
      4.0
    ],
    "bin_start": [
      -0.5,
      0.5,
      1.5,
      2.5,
      3.5
    ],
    "bin_end": [
      0.5,
      1.5,
      2.5,
      3.5,
      4.5
    ],
    "winners_density": [
      0.426,
      0.384,
      0.134,
      0.052,
      0.004
    ],
    "non_winners_density": [
      0.07178947368421053,
      0.2008421052631579,
      0.2890526315789474,
      0.2788421052631579,
      0.15947368421052632
    ],
    "winners_count": [
      213,
      192,
      67,
      26,
      2
    ],
    "non_winners_count": [
      682,
      1908,
      2746,
      2649,
      1515
    ],
    "winners_mean": 0.824,
    "non_winners_mean": 2.2533684210526315
  },
  "Total Upsets": {
    "bin_center": [
      0.0,
      1.0,
      2.0,
      3.0,
      4.0,
      5.0,
      6.0,
      7.0,
      8.0,
      9.0,
      10.0,
      11.0,
      12.0,
      13.0,
      14.0,
      15.0,
      16.0,
      17.0,
      18.0,
      19.0,
      20.0,
      21.0,
      22.0,
      23.0,
      24.0,
      25.0,
      26.0,
      27.0,
      28.0,
      29.0,
      30.0,
      31.0,
      32.0,
      33.0,
      34.0,
      35.0,
      36.0,
      37.0,
      38.0,
      39.0,
      40.0,
      41.0,
      42.0,
      43.0,
      44.0,
      45.0,
      46.0,
      47.0,
      48.0,
      49.0,
      50.0,
      51.0,
      52.0
    ],