{
  "First Round": {
    "bin_center": [
      0.0,
      1.0,
      2.0,
      3.0,
      4.0,
      5.0,
      6.0,
      7.0,
      8.0,
      9.0,
      10.0,
      11.0,
      12.0,
      13.0,
      14.0,
      15.0,
      16.0,
      17.0,
      18.0,
      19.0,
      20.0,
      21.0,
      22.0,
      23.0,
      24.0,
      25.0,
      26.0,
      27.0,
      28.0,
      29.0,
      30.0,
      31.0,
      32.0
    ],
    "bin_start": [
      -0.5,
      0.5,
      1.5,
      2.5,
      3.5,
      4.5,
      5.5,
      6.5,
      7.5,
      8.5,
      9.5,
      10.5,
      11.5,
      12.5,
      13.5,
      14.5,
      15.5,
      16.5,
      17.5,
      18.5,
      19.5,
      20.5,
      21.5,
      22.5,
      23.5,
      24.5,
      25.5,
      26.5,
      27.5,
      28.5,
      29.5,
      30.5,
      31.5
    ],
    "bin_end": [
      0.5,
      1.5,
      2.5,
      3.5,
      4.5,
      5.5,
      6.5,
      7.5,
      8.5,
      9.5,
      10.5,
      11.5,
      12.5,
      13.5,
      14.5,
      15.5,
      16.5,
      17.5,
      18.5,
      19.5,
      20.5,
      21.5,
      22.5,
      23.5,
      24.5,
      25.5,
      26.5,
      27.5,
      28.5,
      29.5,
      30.5,
      31.5,
      32.5
    ],
    "winners_density": [
      0.06,
      0.1,
      0.26,
      0.18,
      0.02,
      0.12,
      0.1,
      0.04,
      0.0,
      0.04,
      0.02,
      0.02,
      0.0,
      0.0,
      0.04,
      0.0,
      0.0,
      0.0,
      0.0,
      0.0,
      0.0,
      0.0,
      0.0,
      0.0,
      0.0,
      0.0,
      0.0,
      0.0,
      0.0,
      0.0,
      0.0,
      0.0,
      0.0
    ],
    "non_winners_density": [
      0.004210526315789474,
      0.005263157894736842,
      0.009473684210526316,
      0.015789473684210527,
      0.011578947368421053,
      0.030526315789473683,
      0.04631578947368421,
      0.07052631578947369,
      0.08421052631578947,
      0.1,
      0.1336842105263158,
      0.10842105263157895,
      0.10210526315789474,
      0.09263157894736843,
      0.06842105263157895,
      0.04736842105263158,
      0.030526315789473683,
      0.015789473684210527,
      0.01263157894736842,
      0.00631578947368421,
      0.002105263157894737,
      0.002105263157894737,
      0.0,
      0.0,
      0.0,
      0.0,
      0.0,
      0.0,
      0.0,
      0.0,
      0.0,
      0.0,
      0.0
    ],
    "winners_count": [
      3,
      5,
      13,
      9,
      1,
      6,
      5,
      2,
      0,
      2,
      1,
      1,
      0,
      0,
      2,
      0,
      0,
      0,
      0,
      0,
      0,
      0,
      0,
      0,
      0,
      0,
      0,
      0,
      0,
      0,
      0,
      0,
      0
    ],
    "non_winners_count": [
      4,
      5,
      9,
      15,
      11,
      29,
      44,
      67,
      80,
      95,
      127,
      103,
      97,
      88,
      65,
      45,
      29,
      15,
      12,
      6,
      2,
      2,
      0,
      0,
      0,
      0,
      0,
      0,
      0,
      0,
      0,
      0,
      0
    ],
    "winners_mean": 4.06,
    "non_winners_mean": 10.433684210526316
  },
  "Second Round": {
    "bin_center": [
      0.0,
      1.0,
      2.0,
      3.0,
      4.0,
      5.0,
      6.0,
      7.0,
      8.0,
      9.0,
      10.0,
      11.0,
      12.0,
      13.0,
      14.0,
      15.0,
      16.0
    ],
    "bin_start": [
      -0.5,
      0.5,
      1.5,
      2.5,
      3.5,
      4.5,
      5.5,
      6.5,
      7.5,
      8.5,
      9.5,
      10.5,
      11.5,
      12.5,
      13.5,
      14.5,
      15.5
    ],
    "bin_end": [
      0.5,
      1.5,
      2.5,
      3.5,
      4.5,
      5.5,
      6.5,
      7.5,
      8.5,
      9.5,
      10.5,
      11.5,
      12.5,
      13.5,
      14.5,
      15.5,
      16.5
    ],
    "winners_density": [
      0.14,
      0.2,
      0.18,
      0.16,
      0.1,
      0.08,
      0.1,
      0.0,
      0.02,
      0.0,
      0.02,
      0.0,
      0.0,
      0.0,
      0.0,
      0.0,
      0.0
    ],
    "non_winners_density": [
      0.00631578947368421,
      0.014736842105263158,
      0.031578947368421054,
      0.04842105263157895,
      0.07894736842105263,
      0.11894736842105263,
      0.13894736842105262,
      0.1463157894736842,
      0.12210526315789473,
      0.11052631578947368,
      0.08842105263157894,
      0.05052631578947368,
      0.023157894736842106,
      0.01368421052631579,
      0.00631578947368421,
      0.0010526315789473684,
      0.0
    ],
    "winners_count": [
      7,
      10,
      9,
      8,
      5,
      4,
      5,
      0,
      1,
      0,
      1,
      0,
      0,
      0,
      0,
      0,
      0
    ],
    "non_winners_count": [
      6,
      14,
      30,
      46,
      75,
      113,
      132,
      139,
      116,
      105,
      84,
      48,
      22,
      13,
      6,
      1,
      0
    ],
    "winners_mean": 2.8,
    "non_winners_mean": 6.963157894736842
  },
  "Sweet 16": {
    "bin_center": [
      0.0,
      1.0,
      2.0,
      3.0,
      4.0,
      5.0,
      6.0,
      7.0,
      8.0
    ],
    "bin_start": [
      -0.5,
      0.5,
      1.5,
      2.5,
      3.5,
      4.5,
      5.5,
      6.5,
      7.5
    ],
    "bin_end": [
      0.5,
      1.5,
      2.5,
      3.5,
      4.5,
      5.5,
      6.5,
      7.5,
      8.5
    ],
    "winners_density": [
      0.22,
      0.24,
      0.26,
      0.18,
      0.02,
      0.06,
      0.02,
      0.0,
      0.0
    ],
    "non_winners_density": [
      0.015789473684210527,
      0.05578947368421053,
      0.1168421052631579,
      0.17578947368421052,
      0.22,
      0.1705263157894737,
      0.1368421052631579,
      0.07368421052631578,
      0.034736842105263156
    ],
    "winners_count": [
      11,
      12,
      13,
      9,
      1,
      3,
      1,
      0,
      0
    ],
    "non_winners_count": [
      15,
      53,
      111,
      167,
      209,
      162,
      130,
      70,
      33
    ],
    "winners_mean": 1.8,
    "non_winners_mean": 4.16421052631579
  },
  "Elite 8": {
    "bin_center": [
      0.0,
      1.0,
      2.0,
      3.0,
      4.0
    ],
    "bin_start": [
      -0.5,
      0.5,
      1.5,
      2.5,
      3.5
    ],
    "bin_end": [
      0.5,
      1.5,
      2.5,
      3.5,
      4.5
    ],
    "winners_density": [
      0.46,
      0.32,
      0.12,
      0.1,
      0.0
    ],
    "non_winners_density": [
      0.06,
      0.21578947368421053,
      0.2905263157894737,
      0.2694736842105263,
      0.16421052631578947
    ],
    "winners_count": [
      23,
      16,
      6,
      5,
      0
    ],
    "non_winners_count": [
      57,
      205,
      276,
      256,
      156
    ],
    "winners_mean": 0.86,
    "non_winners_mean": 2.2621052631578946
  },
  "Total Upsets": {
    "bin_center": [
      0.0,
      1.0,
      2.0,
      3.0,
      4.0,
      5.0,
      6.0,
      7.0,
      8.0,
      9.0,
      10.0,
      11.0,
      12.0,
      13.0,
      14.0,
      15.0,
      16.0,
      17.0,
      18.0,
      19.0,
      20.0,
      21.0,
      22.0,
      23.0,
      24.0,
      25.0,
      26.0,
      27.0,
      28.0,
      29.0,
      30.0,
      31.0,
      32.0,
      33.0,
      34.0,
      35.0,
      36.0,
      37.0,
      38.0,
      39.0,
      40.0,
      41.0,
      42.0,
      43.0,
      44.0,
      45.0,
      46.0,
      47.0,
      48.0,
      49.0,
      50.0,
      51.0
    ],