{
  "First Round": {
    "bin_center": [
      0.0,
      1.0,
      2.0,
      3.0,
      4.0,
      5.0,
      6.0,
      7.0,
      8.0,
      9.0,
      10.0,
      11.0,
      12.0,
      13.0,
      14.0,
      15.0,
      16.0,
      17.0,
      18.0,
      19.0,
      20.0,
      21.0,
      22.0,
      23.0,
      24.0,
      25.0,
      26.0,
      27.0,
      28.0,
      29.0,
      30.0,
      31.0,
      32.0
    ],
    "bin_start": [
      -0.5,
      0.5,
      1.5,
      2.5,
      3.5,
      4.5,
      5.5,
      6.5,
      7.5,
      8.5,
      9.5,
      10.5,
      11.5,
      12.5,
      13.5,
      14.5,
      15.5,
      16.5,
      17.5,
      18.5,
      19.5,
      20.5,
      21.5,
      22.5,
      23.5,
      24.5,
      25.5,
      26.5,
      27.5,
      28.5,
      29.5,
      30.5,
      31.5
    ],
    "bin_end": [
      0.5,
      1.5,
      2.5,
      3.5,
      4.5,
      5.5,
      6.5,
      7.5,
      8.5,
      9.5,
      10.5,
      11.5,
      12.5,
      13.5,
      14.5,
      15.5,
      16.5,
      17.5,
      18.5,
      19.5,
      20.5,
      21.5,
      22.5,
      23.5,
      24.5,
      25.5,
      26.5,
      27.5,
      28.5,
      29.5,
      30.5,
      31.5,
      32.5
    ],
    "winners_density": [
      0.2,
      0.1,
      0.2,
      0.2,
      0.05,
      0.25,
      0.0,
      0.0,
      0.0,
      0.0,
      0.0,
      0.0,
      0.0,
      0.0,
      0.0,
      0.0,
      0.0,
      0.0,
      0.0,
      0.0,
      0.0,
      0.0,
      0.0,
      0.0,
      0.0,
      0.0,
      0.0,
      0.0,
      0.0,
      0.0,
      0.0,
      0.0,
      0.0
    ],
    "non_winners_density": [
      0.005263157894736842,
      0.007894736842105263,
      0.002631578947368421,
      0.021052631578947368,
      0.02894736842105263,
      0.042105263157894736,
      0.05263157894736842,
      0.08947368421052632,
      0.09210526315789473,
      0.10263157894736842,
      0.11052631578947368,
      0.10263157894736842,
      0.08157894736842106,
      0.07894736842105263,
      0.06315789473684211,
      0.05526315789473684,
      0.02631578947368421,
      0.018421052631578946,
      0.013157894736842105,
      0.0,
      0.002631578947368421,
      0.0,
      0.002631578947368421,
      0.0,
      0.0,
      0.0,
      0.0,
      0.0,
      0.0,
      0.0,
      0.0,
      0.0,
      0.0
    ],
    "winners_count": [
      4,
      2,
      4,
      4,
      1,
      5,
      0,
      0,
      0,
      0,
      0,
      0,
      0,
      0,
      0,
      0,
      0,
      0,
      0,
      0,
      0,
      0,
      0,
      0,
      0,
      0,
      0,
      0,
      0,
      0,
      0,
      0,
      0
    ],
    "non_winners_count": [
      2,
      3,
      1,
      8,
      11,
      16,
      20,
      34,
      35,
      39,
      42,
      39,
      31,
      30,
      24,
      21,
      10,
      7,
      5,
      0,
      1,
      0,
      1,
      0,
      0,
      0,
      0,
      0,
      0,
      0,
      0,
      0,
      0
    ],
    "winners_mean": 2.55,
    "non_winners_mean": 10.039473684210526
  },
  "Second Round": {
    "bin_center": [
      0.0,
      1.0,
      2.0,
      3.0,
      4.0,
      5.0,
      6.0,
      7.0,
      8.0,
      9.0,
      10.0,
      11.0,
      12.0,
      13.0,
      14.0,
      15.0,
      16.0
    ],
    "bin_start": [
      -0.5,
      0.5,
      1.5,
      2.5,
      3.5,
      4.5,
      5.5,
      6.5,
      7.5,
      8.5,
      9.5,
      10.5,
      11.5,
      12.5,
      13.5,
      14.5,
      15.5
    ],
    "bin_end": [
      0.5,
      1.5,
      2.5,
      3.5,
      4.5,
      5.5,
      6.5,
      7.5,
      8.5,
      9.5,
      10.5,
      11.5,
      12.5,
      13.5,
      14.5,
      15.5,
      16.5
    ],
    "winners_density": [
      0.1,
      0.25,
      0.2,
      0.25,
      0.05,
      0.05,
      0.05,
      0.05,
      0.0,
      0.0,
      0.0,
      0.0,
      0.0,
      0.0,
      0.0,
      0.0,
      0.0
    ],
    "non_winners_density": [
      0.007894736842105263,
      0.010526315789473684,
      0.03684210526315789,
      0.034210526315789476,
      0.08421052631578947,
      0.11315789473684211,
      0.12105263157894737,
      0.15263157894736842,
      0.14210526315789473,
      0.12894736842105264,
      0.06842105263157895,
      0.05526315789473684,
      0.02368421052631579,
      0.010526315789473684,
      0.007894736842105263,
      0.002631578947368421,
      0.0
    ],
    "winners_count": [
      2,
      5,
      4,
      5,
      1,
      1,
      1,
      1,
      0,
      0,
      0,
      0,
      0,
      0,
      0,
      0,
      0
    ],
    "non_winners_count": [
      3,
      4,
      14,
      13,
      32,
      43,
      46,
      58,
      54,
      49,
      26,
      21,
      9,
      4,
      3,
      1,
      0
    ],
    "winners_mean": 2.5,
    "non_winners_mean": 7.044736842105263
  },
  "Sweet 16": {
    "bin_center": [
      0.0,
      1.0,
      2.0,
      3.0,
      4.0,
      5.0,
      6.0,
      7.0,
      8.0
    ],
    "bin_start": [
      -0.5,
      0.5,
      1.5,
      2.5,
      3.5,
      4.5,
      5.5,
      6.5,
      7.5
    ],
    "bin_end": [
      0.5,
      1.5,
      2.5,
      3.5,
      4.5,
      5.5,
      6.5,
      7.5,
      8.5
    ],
    "winners_density": [
      0.2,
      0.35,
      0.4,
      0.05,
      0.0,
      0.0,
      0.0,
      0.0,
      0.0
    ],
    "non_winners_density": [
      0.002631578947368421,
      0.05526315789473684,
      0.10263157894736842,
      0.14210526315789473,
      0.2236842105263158,
      0.22105263157894736,
      0.15263157894736842,
      0.08421052631578947,
      0.015789473684210527
    ],
    "winners_count": [
      4,
      7,
      8,
      1,
      0,
      0,
      0,
      0,
      0
    ],
    "non_winners_count": [
      1,
      21,
      39,
      54,
      85,
      84,
      58,
      32,
      6
    ],
    "winners_mean": 1.3,
    "non_winners_mean": 4.318421052631579
  },
  "Elite 8": {
    "bin_center": [
      0.0,
      1.0,
      2.0,
      3.0,
      4.0
    ],
    "bin_start": [
      -0.5,
      0.5,
      1.5,
      2.5,
      3.5
    ],
    "bin_end": [
      0.5,
      1.5,
      2.5,
      3.5,
      4.5
    ],
    "winners_density": [
      0.45,
      0.45,
      0.05,
      0.05,
      0.0
    ],
    "non_winners_density": [
      0.06578947368421052,
      0.1631578947368421,
      0.30526315789473685,
      0.27631578947368424,
      0.18947368421052632
    ],
    "winners_count": [
      9,
      9,
      1,
      1,
      0
    ],
    "non_winners_count": [
      25,
      62,
      116,
      105,
      72
    ],
    "winners_mean": 0.7,
    "non_winners_mean": 2.360526315789474
  },
  "Total Upsets": {
    "bin_center": [
      1.0,
      2.0,
      3.0,
      4.0,
      5.0,
      6.0,
      7.0,
      8.0,
      9.0,
      10.0,
      11.0,
      12.0,
      13.0,
      14.0,
      15.0,
      16.0,
      17.0,
      18.0,
      19.0,
      20.0,
      21.0,
      22.0,
      23.0,
      24.0,
      25.0,
      26.0,
      27.0,
      28.0,
      29.0,
      30.0,
      31.0,
      32.0,
      33.0,
      34.0,
      35.0,
      36.0,
      37.0,
      38.0,
      39.0,
      40.0,
      41.0,
      42.0,
      43.0,
      44.0,
      45.0,
      46.0,
      47.0,
      48.0,
      49.0,
      50.0
    ],