round,mean_madness,std_madness
First Round,15.307396832356876,1.2588836050664136
Second Round,6.885677474243851,1.0119178511576281
Sweet 16,3.9278980552956773,0.6851742835734759
Elite 8,1.8447877213122355,0.5791044003030614
Final Four,0.8848457813931208,0.3684873951228263
Championship,0.5938398778223946,0.16376694096456001
