round,mean_madness,std_madness
First Round,14.326970088546165,1.4255173717266125
Second Round,7.354949520927784,1.0574413454659883
Sweet 16,3.6163001314162293,0.47021088112101417
Elite 8,1.7050729409598755,0.4326842375194434
Final Four,1.1544151928861397,0.13771247499914813
Championship,0.5658120012933111,0.1068106837797951
