round,mean_madness,std_madness
First Round,15.666942568939533,1.7002542062958508
Second Round,6.94124892892192,1.2851682890837868
Sweet 16,3.8795620192179756,0.7132559469674686
Elite 8,1.8072005848562438,0.5501733087188915
Final Four,0.9248048619966449,0.3011431127973286
Championship,0.6031196890806099,0.15505207912986388
