round,mean_madness,std_madness
First Round,15.455866243272773,1.5111096045183106
Second Round,6.987101866310409,1.3160335104158765
Sweet 16,3.902907811924084,0.7404162656613882
Elite 8,1.7906344673613734,0.5278643269605868
Final Four,0.8261324787888495,0.32774768597390586
Championship,0.608495068159247,0.14135675539523765
