round,mean_madness,std_madness,losers_mean_madness,losers_std_madness
First Round,15.328560490390018,1.374852096940583,19.099021132800324,3.7103005576303003
Second Round,6.87399099018134,0.9890738287709292,9.619773254653616,2.2746239924425957
Sweet 16,3.8695272193100396,0.7368011125169444,4.814338512157264,1.2921996057476919
Elite 8,1.8220742884851717,0.5071166634780718,2.4116540034305984,0.9084313318560664
Final Four,1.0972458628395552,0.2678499179261224,1.2801065180175188,0.5764382159208971
Championship,0.5933432716409569,0.10176194285680688,0.6405501067900842,0.3708801366467511
