round,mean_madness,std_madness
First Round,15.963675858384736,1.9792410922864085
Second Round,7.133605528648931,1.3277557120332908
Sweet 16,3.8931458648382518,0.7078793814014936
Elite 8,1.794911046410202,0.5497776160674908
Final Four,1.19368736519632,0.3626525751655421
Championship,0.6140681209486968,0.18514693479483132
