round,max_advantage_upsets,max_advantage,max_density_upsets,mode_upsets,mean_upsets,std_upsets,losers_mean_upsets,losers_std_upsets,num_pools
First Round,3.0,0.26315789473684215,3.0,3.0,3.22,2.334866163187946,10.357894736842105,3.6901455953980267,50
Second Round,1.0,0.30105263157894735,1.0,1.0,2.36,1.6704490414256883,7.010526315789473,2.815725528049117,50
Sweet 16,1.0,0.30105263157894735,1.0,1.0,1.52,1.345213737664019,4.24421052631579,1.825360283945333,50
Elite 8,0.0,0.33473684210526317,1.0,1.0,0.8,0.8,2.2926315789473684,1.149209532016009,50
Final Four,,,,0.0,0.1,0.30304576336566325,0.9547368421052631,0.7834160581846703,50
Championship,,,,0.0,0.0,0.0,0.3831578947368421,0.48615627367922865,50
Total Upsets,6.0,0.19578947368421054,6.0,6.0,8.0,4.720169488482378,25.243157894736843,8.825252674260547,50
