round,max_advantage_upsets,max_advantage,max_density_upsets,mode_upsets,mean_upsets,std_upsets,num_pools
First Round,2.0,0.2505263157894737,2.0,2.0,4.06,3.2644141894067307,50
Second Round,1.0,0.18526315789473685,1.0,1.0,2.8,2.23606797749979,50
Sweet 16,0.0,0.20421052631578948,2.0,2.0,1.8,1.4832396974191329,50
Elite 8,0.0,0.4,0.0,0.0,0.86,0.9800000000000001,50
Final Four,,,,0.0,0.24,0.4763809143009448,50
Championship,,,,0.0,0.06,0.2398979374820952,50
Total Upsets,7.0,0.11473684210526315,7.0,7.0,9.82,7.254488265894432,50
