round,max_advantage_upsets,max_advantage,max_density_upsets,mode_upsets,mean_upsets,std_upsets,num_pools
First Round,2.0,0.18842105263157896,2.0,2.0,3.62,2.544720023892609,50
Second Round,2.0,0.2894736842105263,2.0,2.0,2.28,1.5236797563792728,50
Sweet 16,1.0,0.27473684210526317,1.0,1.0,1.64,1.2126005112979295,50
Elite 8,1.0,0.3168421052631579,1.0,1.0,0.9,0.806225774829855,50
Final Four,,,,0.0,0.18,0.3880879344916036,50
Championship,,,,0.0,0.02,0.14142135623730948,50
Total Upsets,4.0,0.13473684210526318,4.0,4.0,8.64,4.832225160316932,50
