round,max_advantage_upsets,max_advantage,max_density_upsets,mode_upsets,mean_upsets,std_upsets,num_pools
First Round,2.0,0.1825263157894737,2.0,2.0,3.664,2.8863651882601413,500
Second Round,1.0,0.20905263157894738,2.0,2.0,2.476,2.0023546139482886,500
Sweet 16,1.0,0.28463157894736846,1.0,1.0,1.594,1.3346025625631024,500
Elite 8,0.0,0.3683157894736842,0.0,0.0,0.832,0.9076210663046556,500
Final Four,,,,0.0,0.164,0.41647437112457136,500
Championship,,,,0.0,0.038,0.19138771777999253,500
Total Upsets,5.0,0.11294736842105263,5.0,5.0,8.768,6.298108922525872,500
