round,max_advantage_upsets,max_advantage,max_density_upsets,mode_upsets,mean_upsets,std_upsets,num_pools
First Round,5.0,0.20789473684210527,5.0,5.0,2.55,1.8020821290940099,20
Second Round,1.0,0.2394736842105263,1.0,1.0,2.5,1.8303005217723127,20
Sweet 16,2.0,0.2973684210526316,2.0,2.0,1.3,0.8426149773176359,20
Elite 8,0.0,0.3842105263157895,0.0,0.0,0.7,0.7810249675906653,20
Final Four,,,,0.0,0.1,0.30779350562554625,20
Championship,,,,0.0,0.0,0.0,20
Total Upsets,8.0,0.2,8.0,8.0,7.15,3.5394208565809184,20
