{
  "First Round": {
    "bin_center": [
      0.0,
      1.0,
      2.0,
      3.0,
      4.0,
      5.0,
      6.0,
      7.0,
      8.0,
      9.0,
      10.0,
      11.0,
      12.0,
      13.0,
      14.0,
      15.0,
      16.0,
      17.0,
      18.0,
      19.0,
      20.0,
      21.0,
      22.0,
      23.0,
      24.0,
      25.0,
      26.0,
      27.0,
      28.0,
      29.0,
      30.0,
      31.0,
      32.0
    ],
    "bin_start": [
      -0.5,
      0.5,
      1.5,
      2.5,
      3.5,
      4.5,
      5.5,
      6.5,
      7.5,
      8.5,
      9.5,
      10.5,
      11.5,
      12.5,
      13.5,
      14.5,
      15.5,
      16.5,
      17.5,
      18.5,
      19.5,
      20.5,
      21.5,
      22.5,
      23.5,
      24.5,
      25.5,
      26.5,
      27.5,
      28.5,
      29.5,
      30.5,
      31.5
    ],
    "bin_end": [
      0.5,
      1.5,
      2.5,
      3.5,
      4.5,
      5.5,
      6.5,
      7.5,
      8.5,
      9.5,
      10.5,
      11.5,
      12.5,
      13.5,
      14.5,
      15.5,
      16.5,
      17.5,
      18.5,
      19.5,
      20.5,
      21.5,
      22.5,
      23.5,
      24.5,
      25.5,
      26.5,
      27.5,
      28.5,
      29.5,
      30.5,
      31.5,
      32.5
    ],
    "winners_density": [
      0.0165,
      0.036,
      0.061,
      0.089,
      0.1385,
      0.153,
      0.1275,
      0.1205,
      0.0995,
      0.0695,
      0.0435,
      0.0265,
      0.011,
      0.0055,
      0.0015,
      0.0005,
      0.0005,
      0.0,
      0.0,
      0.0,
      0.0,
      0.0,
      0.0,
      0.0,
      0.0,
      0.0,
      0.0,
      0.0,
      0.0,
      0.0,
      0.0,
      0.0,
      0.0
    ],
    "non_winners_density": [
      0.0005,
      0.003,
      0.006625,
      0.0175,
      0.031625,
      0.058125,
      0.082875,
      0.106625,
      0.121625,
      0.1245,
      0.112,
      0.100875,
      0.08175,
      0.06025,
      0.038375,
      0.0215,
      0.01525,
      0.007375,
      0.004375,
      0.00275,
      0.00125,
      0.00075,
      0.000375,
      0.000125,
      0.0,
      0.0,
      0.0,
      0.0,
      0.0,
      0.0,
      0.0,
      0.0,
      0.0
    ],
    "winners_count": [
      33,
      72,
      122,
      178,
      277,
      306,
      255,
      241,
      199,
      139,
      87,
      53,
      22,
      11,
      3,
      1,
      1,
      0,
      0,
      0,
      0,
      0,
      0,
      0,
      0,
      0,
      0,
      0,
      0,
      0,
      0,
      0,
      0
    ],
    "non_winners_count": [
      4,
      24,
      53,
      140,
      253,
      465,
      663,
      853,
      973,
      996,
      896,
      807,
      654,
      482,
      307,
      172,
      122,
      59,
      35,
      22,
      10,
      6,
      3,
      1,
      0,
      0,
      0,
      0,
      0,
      0,
      0,
      0,
      0
    ],
    "winners_mean": 5.7405,
    "non_winners_mean": 9.228875
  },
  "Second Round": {
    "bin_center": [
      0.0,
      1.0,
      2.0,
      3.0,
      4.0,
      5.0,
      6.0,
      7.0,
      8.0,
      9.0,
      10.0,
      11.0,
      12.0,
      13.0,
      14.0,
      15.0,
      16.0
    ],
    "bin_start": [
      -0.5,
      0.5,
      1.5,
      2.5,
      3.5,
      4.5,
      5.5,
      6.5,
      7.5,
      8.5,
      9.5,
      10.5,
      11.5,
      12.5,
      13.5,
      14.5,
      15.5
    ],
    "bin_end": [
      0.5,
      1.5,
      2.5,
      3.5,
      4.5,
      5.5,
      6.5,
      7.5,
      8.5,
      9.5,
      10.5,
      11.5,
      12.5,
      13.5,
      14.5,
      15.5,
      16.5
    ],
    "winners_density": [
      0.0215,
      0.043,
      0.104,
      0.158,
      0.1865,
      0.168,
      0.138,
      0.088,
      0.0545,
      0.022,
      0.013,
      0.0025,
      0.001,
      0.0,
      0.0,
      0.0,
      0.0
    ],
    "non_winners_density": [
      0.000625,
      0.0045,
      0.018,
      0.03575,
      0.078375,
      0.119375,
      0.15025,
      0.171375,
      0.149875,
      0.117875,
      0.0735,
      0.041875,
      0.024,
      0.010125,
      0.003375,
      0.00075,
      0.000375
    ],
    "winners_count": [
      43,
      86,
      208,
      316,
      373,
      336,
      276,
      176,
      109,
      44,
      26,
      5,
      2,
      0,
      0,
      0,
      0
    ],
    "non_winners_count": [
      5,
      36,
      144,
      286,
      627,
      955,
      1202,
      1371,
      1199,
      943,
      588,
      335,
      192,
      81,
      27,
      6,
      3
    ],
    "winners_mean": 4.5585,
    "non_winners_mean": 7.098875
  },
  "Sweet 16": {
    "bin_center": [
      0.0,
      1.0,
      2.0,
      3.0,
      4.0,
      5.0,
      6.0,
      7.0,
      8.0
    ],
    "bin_start": [
      -0.5,
      0.5,
      1.5,
      2.5,
      3.5,
      4.5,
      5.5,
      6.5,
      7.5
    ],
    "bin_end": [
      0.5,
      1.5,
      2.5,
      3.5,
      4.5,
      5.5,
      6.5,
      7.5,
      8.5
    ],
    "winners_density": [
      0.034,
      0.106,
      0.188,
      0.233,
      0.23,
      0.137,
      0.056,
      0.015,
      0.001
    ],
    "non_winners_density": [
      0.002125,
      0.01575,
      0.060875,
      0.13925,
      0.2215,
      0.251125,
      0.186875,
      0.09675,
      0.02575
    ],
    "winners_count": [
      68,
      212,
      376,
      466,
      460,
      274,
      112,
      30,
      2
    ],
    "non_winners_count": [
      17,
      126,
      487,
      1114,
      1772,
      2009,
      1495,
      774,
      206
    ],
    "winners_mean": 3.235,
    "non_winners_mean": 4.701375
  },
  "Elite 8": {
    "bin_center": [
      0.0,
      1.0,
      2.0,
      3.0,
      4.0
    ],
    "bin_start": [
      -0.5,
      0.5,
      1.5,
      2.5,
      3.5
    ],
    "bin_end": [
      0.5,
      1.5,
      2.5,
      3.5,
      4.5
    ],
    "winners_density": [
      0.1145,
      0.2765,
      0.3385,
      0.2115,
      0.059
    ],
    "non_winners_density": [
      0.02175,
      0.12575,
      0.286875,
      0.353375,
      0.21225
    ],
    "winners_count": [
      229,
      553,
      677,
      423,
      118
    ],
    "non_winners_count": [
      174,
      1006,
      2295,
      2827,
      1698
    ],
    "winners_mean": 1.824,
    "non_winners_mean": 2.608625
  },
  "Total Upsets": {
    "bin_center": [
      0.0,
      1.0,
      2.0,
      3.0,
      4.0,
      5.0,
      6.0,
      7.0,
      8.0,
      9.0,
      10.0,
      11.0,
      12.0,
      13.0,
      14.0,
      15.0,
      16.0,
      17.0,
      18.0,
      19.0,
      20.0,
      21.0,
      22.0,
      23.0,
      24.0,
      25.0,
      26.0,
      27.0,
      28.0,
      29.0,
      30.0,
      31.0,
      32.0,
      33.0,
      34.0,
      35.0,
      36.0,
      37.0,
      38.0,
      39.0,
      40.0,
      41.0,
      42.0,
      43.0,
      44.0,
      45.0,
      46.0,
      47.0,
      48.0,
      49.0,
      50.0,
      51.0,
      52.0,
      53.0
    ],
    "bin_start": [
      -0.5,
      0.5,
      1.5,
      2.5,
      3.5,
      4.5,
      5.5,
      6.5,
      7.5,
      8.5,
      9.5,
      10.5,
      11.5,
      12.5,
      13.5,
      14.5,
      15.5,
      16.5,
      17.5,
      18.5,
      19.5,
      20.5,
      21.5,
      22.5,
      23.5,
      24.5,
      25.5,
      26.5,
      27.5,
      28.5,
      29.5,
      30.5,
      31.5,
      32.5,
      33.5,
      34.5,
      35.5,
      36.5,
      37.5,
      38.5,
      39.5,
      40.5,
      41.5,
      42.5,
      43.5,
      44.5,
      45.5,
      46.5,
      47.5,
      48.5,
      49.5,
      50.5,
      51.5,
      52.5
    ],