{
  "First Round": {
    "bin_center": [
      0.0,
      1.0,
      2.0,
      3.0,
      4.0,
      5.0,
      6.0,
      7.0,
      8.0,
      9.0,
      10.0,
      11.0,
      12.0,
      13.0,
      14.0,
      15.0,
      16.0,
      17.0,
      18.0,
      19.0,
      20.0,
      21.0,
      22.0,
      23.0,
      24.0,
      25.0,
      26.0,
      27.0,
      28.0,
      29.0,
      30.0,
      31.0,
      32.0
    ],
    "bin_start": [
      -0.5,
      0.5,
      1.5,
      2.5,
      3.5,
      4.5,
      5.5,
      6.5,
      7.5,
      8.5,
      9.5,
      10.5,
      11.5,
      12.5,
      13.5,
      14.5,
      15.5,
      16.5,
      17.5,
      18.5,
      19.5,
      20.5,
      21.5,
      22.5,
      23.5,
      24.5,
      25.5,
      26.5,
      27.5,
      28.5,
      29.5,
      30.5,
      31.5
    ],
    "bin_end": [
      0.5,
      1.5,
      2.5,
      3.5,
      4.5,
      5.5,
      6.5,
      7.5,
      8.5,
      9.5,
      10.5,
      11.5,
      12.5,
      13.5,
      14.5,
      15.5,
      16.5,
      17.5,
      18.5,
      19.5,
      20.5,
      21.5,
      22.5,
      23.5,
      24.5,
      25.5,
      26.5,
      27.5,
      28.5,
      29.5,
      30.5,
      31.5,
      32.5
    ],
    "winners_density": [
      0.025,
      0.02,
      0.05,
      0.075,
      0.135,
      0.17,
      0.15,
      0.115,
      0.08,
      0.08,
      0.045,
      0.025,
      0.015,
      0.01,
      0.005,
      0.0,
      0.0,
      0.0,
      0.0,
      0.0,
      0.0,
      0.0,
      0.0,
      0.0,
      0.0,
      0.0,
      0.0,
      0.0,
      0.0,
      0.0,
      0.0,
      0.0,
      0.0
    ],
    "non_winners_density": [
      0.0,
      0.0,
      0.00875,
      0.0125,
      0.02875,
      0.06625,
      0.08875,
      0.08875,
      0.15125,
      0.10375,
      0.09625,
      0.09875,
      0.08375,
      0.08375,
      0.04375,
      0.02125,
      0.01375,
      0.005,
      0.0025,
      0.00125,
      0.0,
      0.0,
      0.00125,
      0.0,
      0.0,
      0.0,
      0.0,
      0.0,
      0.0,
      0.0,
      0.0,
      0.0,
      0.0
    ],
    "winners_count": [
      5,
      4,
      10,
      15,
      27,
      34,
      30,
      23,
      16,
      16,
      9,
      5,
      3,
      2,
      1,
      0,
      0,
      0,
      0,
      0,
      0,
      0,
      0,
      0,
      0,
      0,
      0,
      0,
      0,
      0,
      0,
      0,
      0
    ],
    "non_winners_count": [
      0,
      0,
      7,
      10,
      23,
      53,
      71,
      71,
      121,
      83,
      77,
      79,
      67,
      67,
      35,
      17,
      11,
      4,
      2,
      1,
      0,
      0,
      1,
      0,
      0,
      0,
      0,
      0,
      0,
      0,
      0,
      0,
      0
    ],
    "winners_mean": 5.905,
    "non_winners_mean": 9.27375
  },
  "Second Round": {
    "bin_center": [
      0.0,
      1.0,
      2.0,
      3.0,
      4.0,
      5.0,
      6.0,
      7.0,
      8.0,
      9.0,
      10.0,
      11.0,
      12.0,
      13.0,
      14.0,
      15.0,
      16.0
    ],
    "bin_start": [
      -0.5,
      0.5,
      1.5,
      2.5,
      3.5,
      4.5,
      5.5,
      6.5,
      7.5,
      8.5,
      9.5,
      10.5,
      11.5,
      12.5,
      13.5,
      14.5,
      15.5
    ],
    "bin_end": [
      0.5,
      1.5,
      2.5,
      3.5,
      4.5,
      5.5,
      6.5,
      7.5,
      8.5,
      9.5,
      10.5,
      11.5,
      12.5,
      13.5,
      14.5,
      15.5,
      16.5
    ],
    "winners_density": [
      0.015,
      0.05,
      0.11,
      0.125,
      0.16,
      0.17,
      0.16,
      0.125,
      0.055,
      0.015,
      0.01,
      0.005,
      0.0,
      0.0,
      0.0,
      0.0,
      0.0
    ],
    "non_winners_density": [
      0.00375,
      0.00625,
      0.01625,
      0.045,
      0.08625,
      0.1125,
      0.15,
      0.15625,
      0.155,
      0.11,
      0.07875,
      0.04625,
      0.01875,
      0.01125,
      0.0025,
      0.00125,
      0.0
    ],
    "winners_count": [
      3,
      10,
      22,
      25,
      32,
      34,
      32,
      25,
      11,
      3,
      2,
      1,
      0,
      0,
      0,
      0,
      0
    ],
    "non_winners_count": [
      3,
      5,
      13,
      36,
      69,
      90,
      120,
      125,
      124,
      88,
      63,
      37,
      15,
      9,
      2,
      1,
      0
    ],
    "winners_mean": 4.7,
    "non_winners_mean": 7.02625
  },
  "Sweet 16": {
    "bin_center": [
      0.0,
      1.0,
      2.0,
      3.0,
      4.0,
      5.0,
      6.0,
      7.0,
      8.0
    ],
    "bin_start": [
      -0.5,
      0.5,
      1.5,
      2.5,
      3.5,
      4.5,
      5.5,
      6.5,
      7.5
    ],
    "bin_end": [
      0.5,
      1.5,
      2.5,
      3.5,
      4.5,
      5.5,
      6.5,
      7.5,
      8.5
    ],
    "winners_density": [
      0.02,
      0.09,
      0.21,
      0.275,
      0.155,
      0.135,
      0.11,
      0.005,
      0.0
    ],
    "non_winners_density": [
      0.0025,
      0.0175,
      0.06875,
      0.14375,
      0.23125,
      0.22625,
      0.18,
      0.1075,
      0.0225
    ],
    "winners_count": [
      4,
      18,
      42,
      55,
      31,
      27,
      22,
      1,
      0
    ],
    "non_winners_count": [
      2,
      14,
      55,
      115,
      185,
      181,
      144,
      86,
      18
    ],
    "winners_mean": 3.325,
    "non_winners_mean": 4.655
  },
  "Elite 8": {
    "bin_center": [
      0.0,
      1.0,
      2.0,
      3.0,
      4.0
    ],
    "bin_start": [
      -0.5,
      0.5,
      1.5,
      2.5,
      3.5
    ],
    "bin_end": [
      0.5,
      1.5,
      2.5,
      3.5,
      4.5
    ],
    "winners_density": [
      0.1,
      0.285,
      0.355,
      0.195,
      0.065
    ],
    "non_winners_density": [
      0.02875,
      0.13375,
      0.26875,
      0.35125,
      0.2175
    ],
    "winners_count": [
      20,
      57,
      71,
      39,
      13
    ],
    "non_winners_count": [
      23,
      107,
      215,
      281,
      174
    ],
    "winners_mean": 1.84,
    "non_winners_mean": 2.595
  },
  "Total Upsets": {
    "bin_center": [
      0.0,
      1.0,
      2.0,
      3.0,
      4.0,
      5.0,
      6.0,
      7.0,
      8.0,
      9.0,
      10.0,
      11.0,
      12.0,
      13.0,
      14.0,
      15.0,
      16.0,
      17.0,
      18.0,
      19.0,
      20.0,
      21.0,
      22.0,
      23.0,
      24.0,
      25.0,
      26.0,
      27.0,
      28.0,
      29.0,
      30.0,
      31.0,
      32.0,
      33.0,
      34.0,
      35.0,
      36.0,
      37.0,
      38.0,
      39.0,
      40.0,
      41.0,
      42.0,
      43.0,
      44.0,
      45.0,
      46.0,
      47.0,
      48.0,
      49.0
    ],
    "bin_start": [
      -0.5,
      0.5,
      1.5,
      2.5,
      3.5,
      4.5,
      5.5,
      6.5,
      7.5,
      8.5,
      9.5,
      10.5,
      11.5,
      12.5,
      13.5,
      14.5,
      15.5,
      16.5,
      17.5,
      18.5,
      19.5,
      20.5,
      21.5,
      22.5,
      23.5,
      24.5,
      25.5,
      26.5,
      27.5,
      28.5,
      29.5,
      30.5,
      31.5,
      32.5,
      33.5,
      34.5,
      35.5,
      36.5,
      37.5,
      38.5,
      39.5,
      40.5,
      41.5,
      42.5,
      43.5,
      44.5,
      45.5,
      46.5,
      47.5,
      48.5
    ],