round,mean_madness,std_madness
First Round,14.718976604500128,2.735923701960049
Second Round,8.53667008599864,1.496816844809844
Sweet 16,4.381522884000768,0.9555748811409529
Elite 8,2.3025083439042047,0.6413994601736773
Final Four,0.933033995546414,0.4150011151538912
Championship,0.6105050433437111,0.24173466300242819
