round,mean_madness,std_madness
First Round,14.523507537615245,2.484978715438689
Second Round,8.377292508258455,1.5556057481584349
Sweet 16,4.558495521224507,0.9746890409597826
Elite 8,2.2818748195074394,0.6449907874352134
Final Four,0.9457638467903345,0.4084245898406731
Championship,0.6105097925169702,0.2408327380177504
