round,max_advantage_upsets,max_advantage,max_density_upsets,mode_upsets,mean_upsets,std_upsets,num_pools
First Round,3.0,0.11125,7.0,7.0,5.715,2.7465933444905892,200
Second Round,3.0,0.12875,4.0,4.0,4.48,2.0565991344936427,200
Sweet 16,2.0,0.13875,3.0,3.0,3.2,1.5,200
Elite 8,1.0,0.11499999999999999,2.0,2.0,1.875,1.122218784373172,200
Final Four,,,,0.0,0.655,0.7131041915033864,200
Championship,,,,0.0,0.22,0.415285819114726,200
Total Upsets,14.0,0.06,17.0,17.0,16.145,6.4213686235879655,200
