round,max_advantage_upsets,max_advantage,max_density_upsets,mode_upsets,mean_upsets,std_upsets,num_pools
First Round,4.0,0.10625000000000001,5.0,5.0,5.905,2.725064219426764,200
Second Round,2.0,0.09375,5.0,5.0,4.7,2.1354156504062622,200
Sweet 16,2.0,0.14125,3.0,3.0,3.325,1.5522161576275386,200
Elite 8,1.0,0.15124999999999997,2.0,2.0,1.84,1.055651457631732,200
Final Four,,,,0.0,0.675,0.7154961029711023,200
Championship,,,,0.0,0.26,0.4397349590046876,200
Total Upsets,13.0,0.07125000000000001,13.0,13.0,16.705,6.522114304426134,200
