{
  "First Round": {
    "bin_center": [
      0.0,
      1.0,
      2.0,
      3.0,
      4.0,
      5.0,
      6.0,
      7.0,
      8.0,
      9.0,
      10.0,
      11.0,
      12.0,
      13.0,
      14.0,
      15.0,
      16.0,
      17.0,
      18.0,
      19.0,
      20.0,
      21.0,
      22.0,
      23.0,
      24.0,
      25.0,
      26.0,
      27.0,
      28.0,
      29.0,
      30.0,
      31.0,
      32.0
    ],
    "bin_start": [
      -0.5,
      0.5,
      1.5,
      2.5,
      3.5,
      4.5,
      5.5,
      6.5,
      7.5,
      8.5,
      9.5,
      10.5,
      11.5,
      12.5,
      13.5,
      14.5,
      15.5,
      16.5,
      17.5,
      18.5,
      19.5,
      20.5,
      21.5,
      22.5,
      23.5,
      24.5,
      25.5,
      26.5,
      27.5,
      28.5,
      29.5,
      30.5,
      31.5
    ],
    "bin_end": [
      0.5,
      1.5,
      2.5,
      3.5,
      4.5,
      5.5,
      6.5,
      7.5,
      8.5,
      9.5,
      10.5,
      11.5,
      12.5,
      13.5,
      14.5,
      15.5,
      16.5,
      17.5,
      18.5,
      19.5,
      20.5,
      21.5,
      22.5,
      23.5,
      24.5,
      25.5,
      26.5,
      27.5,
      28.5,
      29.5,
      30.5,
      31.5,
      32.5
    ],
    "winners_density": [
      0.0,
      0.0,
      0.007518796992481203,
      0.05263157894736842,
      0.022556390977443608,
      0.10526315789473684,
      0.08270676691729323,
      0.19548872180451127,
      0.09022556390977443,
      0.09774436090225563,
      0.10526315789473684,
      0.06766917293233082,
      0.06766917293233082,
      0.05263157894736842,
      0.03007518796992481,
      0.015037593984962405,
      0.0,
      0.0,
      0.007518796992481203,
      0.0,
      0.0,
      0.0,
      0.0,
      0.0,
      0.0,
      0.0,
      0.0,
      0.0,
      0.0,
      0.0,
      0.0,
      0.0,
      0.0
    ],
    "non_winners_density": [
      0.0033529770371875634,
      0.0080268238162975,
      0.013005486689697216,
      0.01767933346880715,
      0.025198130461288357,
      0.035866693761430604,
      0.05608616134931924,
      0.07112375533428165,
      0.0860597439544808,
      0.0953058321479374,
      0.11420442999390368,
      0.11074984759195286,
      0.10627921154236944,
      0.08616134931924406,
      0.06309693151798415,
      0.045417598049177,
      0.02895752895752896,
      0.016968095915464335,
      0.007925218451534242,
      0.004877057508636456,
      0.0019305019305019305,
      0.001219264377159114,
      0.0003048160942897785,
      0.0001016053647632595,
      0.0001016053647632595,
      0.0,
      0.0,
      0.0,
      0.0,
      0.0,
      0.0,
      0.0,
      0.0
    ],
    "winners_count": [
      0,
      0,
      1,
      7,
      3,
      14,
      11,
      26,
      12,
      13,
      14,
      9,
      9,
      7,
      4,
      2,
      0,
      0,
      1,
      0,
      0,
      0,
      0,
      0,
      0,
      0,
      0,
      0,
      0,
      0,
      0,
      0,
      0
    ],
    "non_winners_count": [
      33,
      79,
      128,
      174,
      248,
      353,
      552,
      700,
      847,
      938,
      1124,
      1090,
      1046,
      848,
      621,
      447,
      285,
      167,
      78,
      48,
      19,
      12,
      3,
      1,
      1,
      0,
      0,
      0,
      0,
      0,
      0,
      0,
      0
    ],
    "winners_mean": 8.330827067669173,
    "non_winners_mean": 10.130969315179842
  },
  "Second Round": {
    "bin_center": [
      0.0,
      1.0,
      2.0,
      3.0,
      4.0,
      5.0,
      6.0,
      7.0,
      8.0,
      9.0,
      10.0,
      11.0,
      12.0,
      13.0,
      14.0,
      15.0,
      16.0
    ],
    "bin_start": [
      -0.5,
      0.5,
      1.5,
      2.5,
      3.5,
      4.5,
      5.5,
      6.5,
      7.5,
      8.5,
      9.5,
      10.5,
      11.5,
      12.5,
      13.5,
      14.5,
      15.5
    ],
    "bin_end": [
      0.5,
      1.5,
      2.5,
      3.5,
      4.5,
      5.5,
      6.5,
      7.5,
      8.5,
      9.5,
      10.5,
      11.5,
      12.5,
      13.5,
      14.5,
      15.5,
      16.5
    ],
    "winners_density": [
      0.0,
      0.015037593984962405,
      0.05263157894736842,
      0.09774436090225563,
      0.13533834586466165,
      0.17293233082706766,
      0.24812030075187969,
      0.11278195488721804,
      0.06766917293233082,
      0.06766917293233082,
      0.022556390977443608,
      0.007518796992481203,
      0.0,
      0.0,
      0.0,
      0.0,
      0.0
    ],
    "non_winners_density": [
      0.005994716521032311,
      0.017374517374517374,
      0.03007518796992481,
      0.058016663279821176,
      0.0870757976021134,
      0.11704938020727494,
      0.13909774436090225,
      0.15088396667344037,
      0.1376752692542166,
      0.10323105059947166,
      0.07264783580573055,
      0.04247104247104247,
      0.020727494411704937,
      0.012599065230644179,
      0.004369030684820158,
      0.0007112375533428165,
      0.0
    ],
    "winners_count": [
      0,
      2,
      7,
      13,
      18,
      23,
      33,
      15,
      9,
      9,
      3,
      1,
      0,
      0,
      0,
      0,
      0
    ],
    "non_winners_count": [
      59,
      171,
      296,
      571,
      857,
      1152,
      1369,
      1485,
      1355,
      1016,
      715,
      418,
      204,
      124,
      43,
      7,
      0
    ],
    "winners_mean": 5.556390977443609,
    "non_winners_mean": 6.784393415972364
  },
  "Sweet 16": {
    "bin_center": [
      0.0,
      1.0,
      2.0,
      3.0,
      4.0,
      5.0,
      6.0,
      7.0,
      8.0
    ],
    "bin_start": [
      -0.5,
      0.5,
      1.5,
      2.5,
      3.5,
      4.5,
      5.5,
      6.5,
      7.5
    ],
    "bin_end": [
      0.5,
      1.5,
      2.5,
      3.5,
      4.5,
      5.5,
      6.5,
      7.5,
      8.5
    ],
    "winners_density": [
      0.015037593984962405,
      0.09022556390977443,
      0.16541353383458646,
      0.2631578947368421,
      0.19548872180451127,
      0.15789473684210525,
      0.07518796992481203,
      0.03759398496240601,
      0.0
    ],
    "non_winners_density": [
      0.017577728104043892,
      0.05374923795976427,
      0.10810810810810811,
      0.17984149563096932,
      0.2225157488315383,
      0.19833367201788255,
      0.13452550294655558,
      0.06716114610851454,
      0.01818736029262345
    ],
    "winners_count": [
      2,
      12,
      22,
      35,
      26,
      21,
      10,
      5,
      0
    ],
    "non_winners_count": [
      173,
      529,
      1064,
      1770,
      2190,
      1952,
      1324,
      661,
      179
    ],
    "winners_mean": 3.4962406015037595,
    "non_winners_mean": 4.114001219264377
  },
  "Elite 8": {
    "bin_center": [
      0.0,
      1.0,
      2.0,
      3.0,
      4.0
    ],
    "bin_start": [
      -0.5,
      0.5,
      1.5,
      2.5,
      3.5
    ],
    "bin_end": [
      0.5,
      1.5,
      2.5,
      3.5,
      4.5
    ],
    "winners_density": [
      0.12030075187969924,
      0.2631578947368421,
      0.37593984962406013,
      0.19548872180451127,
      0.045112781954887216
    ],
    "non_winners_density": [
      0.07244462507620403,
      0.20646210119894332,
      0.29902458849827274,
      0.28632391790286527,
      0.13574476732371468
    ],
    "winners_count": [
      16,
      35,
      50,
      26,
      6
    ],
    "non_winners_count": [
      713,
      2032,
      2943,
      2818,
      1336
    ],
    "winners_mean": 1.781954887218045,
    "non_winners_mean": 2.206462101198943
  },