{
  "First Round": {
    "bin_center": [
      0.0,
      1.0,
      2.0,
      3.0,
      4.0,
      5.0,
      6.0,
      7.0,
      8.0,
      9.0,
      10.0,
      11.0,
      12.0,
      13.0,
      14.0,
      15.0,
      16.0,
      17.0,
      18.0,
      19.0,
      20.0,
      21.0,
      22.0,
      23.0,
      24.0,
      25.0,
      26.0,
      27.0,
      28.0,
      29.0,
      30.0,
      31.0,
      32.0
    ],
    "bin_start": [
      -0.5,
      0.5,
      1.5,
      2.5,
      3.5,
      4.5,
      5.5,
      6.5,
      7.5,
      8.5,
      9.5,
      10.5,
      11.5,
      12.5,
      13.5,
      14.5,
      15.5,
      16.5,
      17.5,
      18.5,
      19.5,
      20.5,
      21.5,
      22.5,
      23.5,
      24.5,
      25.5,
      26.5,
      27.5,
      28.5,
      29.5,
      30.5,
      31.5
    ],
    "bin_end": [
      0.5,
      1.5,
      2.5,
      3.5,
      4.5,
      5.5,
      6.5,
      7.5,
      8.5,
      9.5,
      10.5,
      11.5,
      12.5,
      13.5,
      14.5,
      15.5,
      16.5,
      17.5,
      18.5,
      19.5,
      20.5,
      21.5,
      22.5,
      23.5,
      24.5,
      25.5,
      26.5,
      27.5,
      28.5,
      29.5,
      30.5,
      31.5,
      32.5
    ],
    "winners_density": [
      0.05,
      0.0,
      0.05,
      0.0,
      0.0,
      0.15,
      0.1,
      0.1,
      0.0,
      0.0,
      0.15,
      0.15,
      0.2,
      0.05,
      0.0,
      0.0,
      0.0,
      0.0,
      0.0,
      0.0,
      0.0,
      0.0,
      0.0,
      0.0,
      0.0,
      0.0,
      0.0,
      0.0,
      0.0,
      0.0,
      0.0,
      0.0,
      0.0
    ],
    "non_winners_density": [
      0.002702702702702703,
      0.008783783783783784,
      0.013513513513513514,
      0.01756756756756757,
      0.01891891891891892,
      0.038513513513513516,
      0.05202702702702703,
      0.06824324324324324,
      0.09256756756756757,
      0.10270270270270271,
      0.10337837837837838,
      0.11148648648648649,
      0.12027027027027028,
      0.0918918918918919,
      0.06351351351351352,
      0.03445945945945946,
      0.03175675675675676,
      0.01418918918918919,
      0.006756756756756757,
      0.004054054054054054,
      0.0013513513513513514,
      0.0,
      0.0013513513513513514,
      0.0,
      0.0,
      0.0,
      0.0,
      0.0,
      0.0,
      0.0,
      0.0,
      0.0,
      0.0
    ],
    "winners_count": [
      1,
      0,
      1,
      0,
      0,
      3,
      2,
      2,
      0,
      0,
      3,
      3,
      4,
      1,
      0,
      0,
      0,
      0,
      0,
      0,
      0,
      0,
      0,
      0,
      0,
      0,
      0,
      0,
      0,
      0,
      0,
      0,
      0
    ],
    "non_winners_count": [
      4,
      13,
      20,
      26,
      28,
      57,
      77,
      101,
      137,
      152,
      153,
      165,
      178,
      136,
      94,
      51,
      47,
      21,
      10,
      6,
      2,
      0,
      2,
      0,
      0,
      0,
      0,
      0,
      0,
      0,
      0,
      0,
      0
    ],
    "winners_mean": 8.35,
    "non_winners_mean": 10.12027027027027
  },
  "Second Round": {
    "bin_center": [
      0.0,
      1.0,
      2.0,
      3.0,
      4.0,
      5.0,
      6.0,
      7.0,
      8.0,
      9.0,
      10.0,
      11.0,
      12.0,
      13.0,
      14.0,
      15.0,
      16.0
    ],
    "bin_start": [
      -0.5,
      0.5,
      1.5,
      2.5,
      3.5,
      4.5,
      5.5,
      6.5,
      7.5,
      8.5,
      9.5,
      10.5,
      11.5,
      12.5,
      13.5,
      14.5,
      15.5
    ],
    "bin_end": [
      0.5,
      1.5,
      2.5,
      3.5,
      4.5,
      5.5,
      6.5,
      7.5,
      8.5,
      9.5,
      10.5,
      11.5,
      12.5,
      13.5,
      14.5,
      15.5,
      16.5
    ],
    "winners_density": [
      0.05,
      0.0,
      0.0,
      0.25,
      0.15,
      0.05,
      0.1,
      0.1,
      0.15,
      0.1,
      0.05,
      0.0,
      0.0,
      0.0,
      0.0,
      0.0,
      0.0
    ],
    "non_winners_density": [
      0.006756756756756757,
      0.014864864864864866,
      0.03648648648648649,
      0.05067567567567568,
      0.09391891891891892,
      0.12905405405405404,
      0.14864864864864866,
      0.1304054054054054,
      0.13243243243243244,
      0.10743243243243243,
      0.0722972972972973,
      0.03783783783783784,
      0.025,
      0.010135135135135136,
      0.002702702702702703,
      0.0006756756756756757,
      0.0006756756756756757
    ],
    "winners_count": [
      1,
      0,
      0,
      5,
      3,
      1,
      2,
      2,
      3,
      2,
      1,
      0,
      0,
      0,
      0,
      0,
      0
    ],
    "non_winners_count": [
      10,
      22,
      54,
      75,
      139,
      191,
      220,
      193,
      196,
      159,
      107,
      56,
      37,
      15,
      4,
      1,
      1
    ],
    "winners_mean": 5.5,
    "non_winners_mean": 6.721621621621622
  },
  "Sweet 16": {
    "bin_center": [
      0.0,
      1.0,
      2.0,
      3.0,
      4.0,
      5.0,
      6.0,
      7.0,
      8.0
    ],
    "bin_start": [
      -0.5,
      0.5,
      1.5,
      2.5,
      3.5,
      4.5,
      5.5,
      6.5,
      7.5
    ],
    "bin_end": [
      0.5,
      1.5,
      2.5,
      3.5,
      4.5,
      5.5,
      6.5,
      7.5,
      8.5
    ],
    "winners_density": [
      0.0,
      0.1,
      0.25,
      0.25,
      0.1,
      0.15,
      0.1,
      0.05,
      0.0
    ],
    "non_winners_density": [
      0.016891891891891893,
      0.05067567567567568,
      0.11824324324324324,
      0.1804054054054054,
      0.2195945945945946,
      0.20540540540540542,
      0.1331081081081081,
      0.060810810810810814,
      0.014864864864864866
    ],
    "winners_count": [
      0,
      2,
      5,
      5,
      2,
      3,
      2,
      1,
      0
    ],
    "non_winners_count": [
      25,
      75,
      175,
      267,
      325,
      304,
      197,
      90,
      22
    ],
    "winners_mean": 3.45,
    "non_winners_mean": 4.077027027027027
  },
  "Elite 8": {
    "bin_center": [
      0.0,
      1.0,
      2.0,
      3.0,
      4.0
    ],
    "bin_start": [
      -0.5,
      0.5,
      1.5,
      2.5,
      3.5
    ],
    "bin_end": [
      0.5,
      1.5,
      2.5,
      3.5,
      4.5
    ],
    "winners_density": [
      0.1,
      0.4,
      0.3,
      0.15,
      0.05
    ],
    "non_winners_density": [
      0.07162162162162163,
      0.19324324324324324,
      0.3452702702702703,
      0.26756756756756755,
      0.1222972972972973
    ],
    "winners_count": [
      2,
      8,
      6,
      3,
      1
    ],
    "non_winners_count": [
      106,
      286,
      511,
      396,
      181
    ],
    "winners_mean": 1.65,
    "non_winners_mean": 2.175675675675676
  },
  "Total Upsets": {
    "bin_center": [
      0.0,
      1.0,
      2.0,
      3.0,
      4.0,
      5.0,
      6.0,
      7.0,
      8.0,
      9.0,
      10.0,
      11.0,
      12.0,
      13.0,
      14.0,
      15.0,
      16.0,
      17.0,
      18.0,
      19.0,
      20.0,
      21.0,
      22.0,
      23.0,
      24.0,
      25.0,
      26.0,
      27.0,
      28.0,
      29.0,
      30.0,
      31.0,
      32.0,
      33.0,
      34.0,
      35.0,
      36.0,
      37.0,
      38.0,
      39.0,
      40.0,
      41.0,
      42.0,
      43.0,
      44.0,
      45.0,
      46.0,
      47.0,
      48.0,
      49.0
    ],