{
  "First Round": {
    "bin_center": [
      0.0,
      1.0,
      2.0,
      3.0,
      4.0,
      5.0,
      6.0,
      7.0,
      8.0,
      9.0,
      10.0,
      11.0,
      12.0,
      13.0,
      14.0,
      15.0,
      16.0,
      17.0,
      18.0,
      19.0,
      20.0,
      21.0,
      22.0,
      23.0,
      24.0,
      25.0,
      26.0,
      27.0,
      28.0,
      29.0,
      30.0,
      31.0,
      32.0
    ],
    "bin_start": [
      -0.5,
      0.5,
      1.5,
      2.5,
      3.5,
      4.5,
      5.5,
      6.5,
      7.5,
      8.5,
      9.5,
      10.5,
      11.5,
      12.5,
      13.5,
      14.5,
      15.5,
      16.5,
      17.5,
      18.5,
      19.5,
      20.5,
      21.5,
      22.5,
      23.5,
      24.5,
      25.5,
      26.5,
      27.5,
      28.5,
      29.5,
      30.5,
      31.5
    ],
    "bin_end": [
      0.5,
      1.5,
      2.5,
      3.5,
      4.5,
      5.5,
      6.5,
      7.5,
      8.5,
      9.5,
      10.5,
      11.5,
      12.5,
      13.5,
      14.5,
      15.5,
      16.5,
      17.5,
      18.5,
      19.5,
      20.5,
      21.5,
      22.5,
      23.5,
      24.5,
      25.5,
      26.5,
      27.5,
      28.5,
      29.5,
      30.5,
      31.5,
      32.5
    ],
    "winners_density": [
      0.0,
      0.007518796992481203,
      0.05263157894736842,
      0.045112781954887216,
      0.06015037593984962,
      0.06766917293233082,
      0.09774436090225563,
      0.06766917293233082,
      0.14285714285714285,
      0.12781954887218044,
      0.08270676691729323,
      0.11278195488721804,
      0.045112781954887216,
      0.03759398496240601,
      0.03007518796992481,
      0.022556390977443608,
      0.0,
      0.0,
      0.0,
      0.0,
      0.0,
      0.0,
      0.0,
      0.0,
      0.0,
      0.0,
      0.0,
      0.0,
      0.0,
      0.0,
      0.0,
      0.0,
      0.0
    ],
    "non_winners_density": [
      0.003048160942897785,
      0.007925218451534242,
      0.013107092054460475,
      0.01615525299735826,
      0.02621418410892095,
      0.03556187766714083,
      0.04938020727494412,
      0.07539118065433854,
      0.08575492786019102,
      0.09957325746799431,
      0.11247713879292827,
      0.11176590123958545,
      0.09855720382036172,
      0.08890469416785206,
      0.06584027636659216,
      0.04399512294249136,
      0.029262345051818735,
      0.01839057102214997,
      0.009550904287746393,
      0.005893111156269051,
      0.0019305019305019305,
      0.001016053647632595,
      0.000203210729526519,
      0.0001016053647632595,
      0.0,
      0.0,
      0.0,
      0.0,
      0.0,
      0.0,
      0.0,
      0.0,
      0.0
    ],
    "winners_count": [
      0,
      1,
      7,
      6,
      8,
      9,
      13,
      9,
      19,
      17,
      11,
      15,
      6,
      5,
      4,
      3,
      0,
      0,
      0,
      0,
      0,
      0,
      0,
      0,
      0,
      0,
      0,
      0,
      0,
      0,
      0,
      0,
      0
    ],
    "non_winners_count": [
      30,
      78,
      129,
      159,
      258,
      350,
      486,
      742,
      844,
      980,
      1107,
      1100,
      970,
      875,
      648,
      433,
      288,
      181,
      94,
      58,
      19,
      10,
      2,
      1,
      0,
      0,
      0,
      0,
      0,
      0,
      0,
      0,
      0
    ],
    "winners_mean": 8.037593984962406,
    "non_winners_mean": 10.177301361511887
  },
  "Second Round": {
    "bin_center": [
      0.0,
      1.0,
      2.0,
      3.0,
      4.0,
      5.0,
      6.0,
      7.0,
      8.0,
      9.0,
      10.0,
      11.0,
      12.0,
      13.0,
      14.0,
      15.0,
      16.0
    ],
    "bin_start": [
      -0.5,
      0.5,
      1.5,
      2.5,
      3.5,
      4.5,
      5.5,
      6.5,
      7.5,
      8.5,
      9.5,
      10.5,
      11.5,
      12.5,
      13.5,
      14.5,
      15.5
    ],
    "bin_end": [
      0.5,
      1.5,
      2.5,
      3.5,
      4.5,
      5.5,
      6.5,
      7.5,
      8.5,
      9.5,
      10.5,
      11.5,
      12.5,
      13.5,
      14.5,
      15.5,
      16.5
    ],
    "winners_density": [
      0.015037593984962405,
      0.022556390977443608,
      0.06015037593984962,
      0.11278195488721804,
      0.12781954887218044,
      0.17293233082706766,
      0.16541353383458646,
      0.17293233082706766,
      0.06766917293233082,
      0.05263157894736842,
      0.022556390977443608,
      0.007518796992481203,
      0.0,
      0.0,
      0.0,
      0.0,
      0.0
    ],
    "non_winners_density": [
      0.007213980898191425,
      0.014529567161146109,
      0.03302174354805934,
      0.05710221499695184,
      0.09256248729932941,
      0.11704938020727494,
      0.13696403170087382,
      0.1442796179638285,
      0.13442389758179232,
      0.10546636862426337,
      0.07132696606380817,
      0.04470636049583418,
      0.023775655354602722,
      0.010770168664905507,
      0.004673846779109937,
      0.0019305019305019305,
      0.000203210729526519
    ],
    "winners_count": [
      2,
      3,
      8,
      15,
      17,
      23,
      22,
      23,
      9,
      7,
      3,
      1,
      0,
      0,
      0,
      0,
      0
    ],
    "non_winners_count": [
      71,
      143,
      325,
      562,
      911,
      1152,
      1348,
      1420,
      1323,
      1038,
      702,
      440,
      234,
      106,
      46,
      19,
      2
    ],
    "winners_mean": 5.383458646616542,
    "non_winners_mean": 6.791709002235318
  },
  "Sweet 16": {
    "bin_center": [
      0.0,
      1.0,
      2.0,
      3.0,
      4.0,
      5.0,
      6.0,
      7.0,
      8.0
    ],
    "bin_start": [
      -0.5,
      0.5,
      1.5,
      2.5,
      3.5,
      4.5,
      5.5,
      6.5,
      7.5
    ],
    "bin_end": [
      0.5,
      1.5,
      2.5,
      3.5,
      4.5,
      5.5,
      6.5,
      7.5,
      8.5
    ],
    "winners_density": [
      0.03007518796992481,
      0.08270676691729323,
      0.21052631578947367,
      0.24060150375939848,
      0.2631578947368421,
      0.12781954887218044,
      0.03759398496240601,
      0.007518796992481203,
      0.0
    ],
    "non_winners_density": [
      0.016764885185937817,
      0.05456208087787035,
      0.10902255639097744,
      0.18380410485673643,
      0.21895956106482423,
      0.19782564519406626,
      0.13452550294655558,
      0.06380816907132697,
      0.020727494411704937
    ],
    "winners_count": [
      4,
      11,
      28,
      32,
      35,
      17,
      5,
      1,
      0
    ],
    "non_winners_count": [
      165,
      537,
      1073,
      1809,
      2155,
      1947,
      1324,
      628,
      204
    ],
    "winners_mean": 3.1954887218045114,
    "non_winners_mean": 4.108616134931925
  },
  "Elite 8": {
    "bin_center": [
      0.0,
      1.0,
      2.0,
      3.0,
      4.0
    ],
    "bin_start": [
      -0.5,
      0.5,
      1.5,
      2.5,
      3.5
    ],
    "bin_end": [
      0.5,
      1.5,
      2.5,
      3.5,
      4.5
    ],
    "winners_density": [
      0.13533834586466165,
      0.3082706766917293,
      0.3383458646616541,
      0.19548872180451127,
      0.022556390977443608
    ],
    "non_winners_density": [
      0.07498475919528551,
      0.20188985978459661,
      0.3097947571631782,
      0.27626498679130257,
      0.13706563706563707
    ],
    "winners_count": [
      18,
      41,
      45,
      26,
      3
    ],
    "non_winners_count": [
      738,
      1987,
      3049,
      2719,
      1349
    ],
    "winners_mean": 1.6616541353383458,
    "non_winners_mean": 2.198536882747409
  },