round,mean_madness,std_madness,losers_mean_madness,losers_std_madness
First Round,17.417095245244894,2.468611981297481,18.93960192790044,3.49910421888819
Second Round,8.62626424237433,1.725024218744296,9.373961587554955,2.0882082918356497
Sweet 16,4.415458613942584,1.1099576807860851,4.7847089993200775,1.2840053633703516
Elite 8,2.2136199744901064,0.7707141496772643,2.3641071141008956,0.8916131153819075
Final Four,1.163857648296652,0.47609842952945486,1.2430134976124203,0.5500139144401219
Championship,0.6112962992278204,0.3098285282827392,0.6418329639303888,0.35909764945258776
