round,mean_madness,std_madness
First Round,17.185391987978687,2.210826043796989
Second Round,8.596933245189827,1.6207859715262958
Sweet 16,4.375031269620638,1.0358276183226203
Elite 8,2.1346761408064463,0.781694699775323
Final Four,1.1445888103605115,0.4244021782196792
Championship,0.6326169111288031,0.3066121329756952
