round,max_advantage_upsets,max_advantage,max_density_upsets,mode_upsets,mean_upsets,std_upsets,num_pools
First Round,8.0,0.057102214996951825,8.0,8.0,8.037593984962406,3.277643603955483,133
Second Round,5.0,0.05588295061979272,5.0,5.0,5.383458646616542,2.2029433643049043,133
Sweet 16,2.0,0.10150375939849623,4.0,4.0,3.1954887218045114,1.416649900858404,133
Elite 8,1.0,0.10638081690713269,2.0,2.0,1.6616541353383458,1.0103763762732278,133
Final Four,,,,0.0,0.5037593984962406,0.6230917553713551,133
Championship,,,,0.0,0.16541353383458646,0.372958100007095,133
Total Upsets,18.0,0.06157285104653525,18.0,18.0,18.94736842105263,6.867506348794451,133
