round,max_advantage_upsets,max_advantage,max_density_upsets,mode_upsets,mean_upsets,std_upsets,losers_mean_upsets,losers_std_upsets,num_pools
First Round,5.0,0.11148648648648649,12.0,12.0,8.35,3.6231892028984634,10.12027027027027,3.5331052007244863,20
Second Round,3.0,0.19932432432432431,3.0,3.0,5.5,2.6172504656604803,6.721621621621622,2.6571306547268736,20
Sweet 16,2.0,0.13175675675675674,2.0,2.0,3.45,1.6874537030686203,4.077027027027027,1.701989876529846,20
Elite 8,1.0,0.20675675675675678,1.0,1.0,1.65,1.0136567466356647,2.175675675675676,1.098009354906588,20
Final Four,,,,0.0,0.55,0.6863327411532597,0.8554054054054054,0.74119003871092,20
Championship,,,,0.0,0.15,0.36634754853252327,0.3331081081081081,0.47132483110986745,20
Total Upsets,11.0,0.08783783783783784,11.0,11.0,19.65,8.026674280173577,24.28310810810811,8.147971796325638,20
