{
  "First Round": {
    "bin_center": [
      0.0,
      1.0,
      2.0,
      3.0,
      4.0,
      5.0,
      6.0,
      7.0,
      8.0,
      9.0,
      10.0,
      11.0,
      12.0,
      13.0,
      14.0,
      15.0,
      16.0,
      17.0,
      18.0,
      19.0,
      20.0,
      21.0,
      22.0,
      23.0,
      24.0,
      25.0,
      26.0,
      27.0,
      28.0,
      29.0,
      30.0,
      31.0,
      32.0
    ],
    "bin_start": [
      -0.5,
      0.5,
      1.5,
      2.5,
      3.5,
      4.5,
      5.5,
      6.5,
      7.5,
      8.5,
      9.5,
      10.5,
      11.5,
      12.5,
      13.5,
      14.5,
      15.5,
      16.5,
      17.5,
      18.5,
      19.5,
      20.5,
      21.5,
      22.5,
      23.5,
      24.5,
      25.5,
      26.5,
      27.5,
      28.5,
      29.5,
      30.5,
      31.5
    ],
    "bin_end": [
      0.5,
      1.5,
      2.5,
      3.5,
      4.5,
      5.5,
      6.5,
      7.5,
      8.5,
      9.5,
      10.5,
      11.5,
      12.5,
      13.5,
      14.5,
      15.5,
      16.5,
      17.5,
      18.5,
      19.5,
      20.5,
      21.5,
      22.5,
      23.5,
      24.5,
      25.5,
      26.5,
      27.5,
      28.5,
      29.5,
      30.5,
      31.5,
      32.5
    ],
    "winners_density": [
      0.018018018018018018,
      0.06606606606606606,
      0.13813813813813813,
      0.09309309309309309,
      0.08108108108108109,
      0.09309309309309309,
      0.1021021021021021,
      0.12612612612612611,
      0.08108108108108109,
      0.06606606606606606,
      0.04504504504504504,
      0.05405405405405406,
      0.015015015015015015,
      0.012012012012012012,
      0.006006006006006006,
      0.003003003003003003,
      0.0,
      0.0,
      0.0,
      0.0,
      0.0,
      0.0,
      0.0,
      0.0,
      0.0,
      0.0,
      0.0,
      0.0,
      0.0,
      0.0,
      0.0,
      0.0,
      0.0
    ],
    "non_winners_density": [
      0.00486693590141866,
      0.010665838252045149,
      0.01532567049808429,
      0.017293155224189706,
      0.026405716060888474,
      0.036760898829864344,
      0.05032618825722274,
      0.06503054778916847,
      0.08543025784405095,
      0.09961685823754789,
      0.10831521176348763,
      0.11369990680335508,
      0.09671740706223465,
      0.08522315418867143,
      0.06710158434296365,
      0.04825515170342756,
      0.02920161540851196,
      0.019260639950295123,
      0.011287149218183702,
      0.005281143212177695,
      0.001863932898415657,
      0.001139070104587346,
      0.0005177591384487936,
      0.0004142073107590349,
      0.0,
      0.0,
      0.0,
      0.0,
      0.0,
      0.0,
      0.0,
      0.0,
      0.0
    ],
    "winners_count": [
      6,
      22,
      46,
      31,
      27,
      31,
      34,
      42,
      27,
      22,
      15,
      18,
      5,
      4,
      2,
      1,
      0,
      0,
      0,
      0,
      0,
      0,
      0,
      0,
      0,
      0,
      0,
      0,
      0,
      0,
      0,
      0,
      0
    ],
    "non_winners_count": [
      47,
      103,
      148,
      167,
      255,
      355,
      486,
      628,
      825,
      962,
      1046,
      1098,
      934,
      823,
      648,
      466,
      282,
      186,
      109,
      51,
      18,
      11,
      5,
      4,
      0,
      0,
      0,
      0,
      0,
      0,
      0,
      0,
      0
    ],
    "winners_mean": 5.66066066066066,
    "non_winners_mean": 10.165682924303614
  },
  "Second Round": {
    "bin_center": [
      0.0,
      1.0,
      2.0,
      3.0,
      4.0,
      5.0,
      6.0,
      7.0,
      8.0,
      9.0,
      10.0,
      11.0,
      12.0,
      13.0,
      14.0,
      15.0,
      16.0
    ],
    "bin_start": [
      -0.5,
      0.5,
      1.5,
      2.5,
      3.5,
      4.5,
      5.5,
      6.5,
      7.5,
      8.5,
      9.5,
      10.5,
      11.5,
      12.5,
      13.5,
      14.5,
      15.5
    ],
    "bin_end": [
      0.5,
      1.5,
      2.5,
      3.5,
      4.5,
      5.5,
      6.5,
      7.5,
      8.5,
      9.5,
      10.5,
      11.5,
      12.5,
      13.5,
      14.5,
      15.5,
      16.5
    ],
    "winners_density": [
      0.057057057057057055,
      0.12612612612612611,
      0.13213213213213212,
      0.16216216216216217,
      0.14714714714714713,
      0.14414414414414414,
      0.1111111111111111,
      0.05105105105105105,
      0.03903903903903904,
      0.015015015015015015,
      0.012012012012012012,
      0.003003003003003003,
      0.0,
      0.0,
      0.0,
      0.0,
      0.0
    ],
    "non_winners_density": [
      0.009423216319768044,
      0.020917469193331262,
      0.03065134099616858,
      0.05436470953712333,
      0.07579993786890339,
      0.11421766594180387,
      0.14238376307341824,
      0.1442476959718339,
      0.13213213213213212,
      0.1043802423112768,
      0.07693900797349074,
      0.04608056332194263,
      0.027958993476234855,
      0.012529771150460806,
      0.006834420627524076,
      0.0010355182768975871,
      0.00010355182768975873
    ],
    "winners_count": [
      19,
      42,
      44,
      54,
      49,
      48,
      37,
      17,
      13,
      5,
      4,
      1,
      0,
      0,
      0,
      0,
      0
    ],
    "non_winners_count": [
      91,
      202,
      296,
      525,
      732,
      1103,
      1375,
      1393,
      1276,
      1008,
      743,
      445,
      270,
      121,
      66,
      10,
      1
    ],
    "winners_mean": 3.810810810810811,
    "non_winners_mean": 6.867660764212489
  },
  "Sweet 16": {
    "bin_center": [
      0.0,
      1.0,
      2.0,
      3.0,
      4.0,
      5.0,
      6.0,
      7.0,
      8.0
    ],
    "bin_start": [
      -0.5,
      0.5,
      1.5,
      2.5,
      3.5,
      4.5,
      5.5,
      6.5,
      7.5
    ],
    "bin_end": [
      0.5,
      1.5,
      2.5,
      3.5,
      4.5,
      5.5,
      6.5,
      7.5,
      8.5
    ],
    "winners_density": [
      0.12612612612612611,
      0.18018018018018017,
      0.2132132132132132,
      0.21021021021021022,
      0.18618618618618618,
      0.06006006006006006,
      0.021021021021021023,
      0.003003003003003003,
      0.0
    ],
    "non_winners_density": [
      0.01853577715646681,
      0.05395050222636429,
      0.11256083669876774,
      0.17924821373097236,
      0.21580200890545717,
      0.1959200579890235,
      0.13006109557833695,
      0.0717614165890028,
      0.022160091125608367
    ],
    "winners_count": [
      42,
      60,
      71,
      70,
      62,
      20,
      7,
      1,
      0
    ],
    "non_winners_count": [
      179,
      521,
      1087,
      1731,
      2084,
      1892,
      1256,
      693,
      214
    ],
    "winners_mean": 2.4294294294294296,
    "non_winners_mean": 4.119602360981672
  },
  "Elite 8": {
    "bin_center": [
      0.0,
      1.0,
      2.0,
      3.0,
      4.0
    ],
    "bin_start": [
      -0.5,
      0.5,
      1.5,
      2.5,
      3.5
    ],
    "bin_end": [
      0.5,
      1.5,
      2.5,
      3.5,
      4.5
    ],
    "winners_density": [
      0.25825825825825827,
      0.33633633633633636,
      0.29429429429429427,
      0.0990990990990991,
      0.012012012012012012
    ],
    "non_winners_density": [
      0.07724966345656001,
      0.20130475302889095,
      0.3000931966449208,
      0.2766904835870353,
      0.14466190328259293
    ],
    "winners_count": [
      86,
      112,
      98,
      33,
      4
    ],
    "non_winners_count": [
      746,
      1944,
      2898,
      2672,
      1397
    ],
    "winners_mean": 1.2702702702702702,
    "non_winners_mean": 2.21021021021021
  },