{
  "First Round": {
    "bin_center": [
      0.0,
      1.0,
      2.0,
      3.0,
      4.0,
      5.0,
      6.0,
      7.0,
      8.0,
      9.0,
      10.0,
      11.0,
      12.0,
      13.0,
      14.0,
      15.0,
      16.0,
      17.0,
      18.0,
      19.0,
      20.0,
      21.0,
      22.0,
      23.0,
      24.0,
      25.0,
      26.0,
      27.0,
      28.0,
      29.0,
      30.0,
      31.0,
      32.0
    ],
    "bin_start": [
      -0.5,
      0.5,
      1.5,
      2.5,
      3.5,
      4.5,
      5.5,
      6.5,
      7.5,
      8.5,
      9.5,
      10.5,
      11.5,
      12.5,
      13.5,
      14.5,
      15.5,
      16.5,
      17.5,
      18.5,
      19.5,
      20.5,
      21.5,
      22.5,
      23.5,
      24.5,
      25.5,
      26.5,
      27.5,
      28.5,
      29.5,
      30.5,
      31.5
    ],
    "bin_end": [
      0.5,
      1.5,
      2.5,
      3.5,
      4.5,
      5.5,
      6.5,
      7.5,
      8.5,
      9.5,
      10.5,
      11.5,
      12.5,
      13.5,
      14.5,
      15.5,
      16.5,
      17.5,
      18.5,
      19.5,
      20.5,
      21.5,
      22.5,
      23.5,
      24.5,
      25.5,
      26.5,
      27.5,
      28.5,
      29.5,
      30.5,
      31.5,
      32.5
    ],
    "winners_density": [
      0.03903903903903904,
      0.06606606606606606,
      0.11411411411411411,
      0.11411411411411411,
      0.10510510510510511,
      0.1021021021021021,
      0.11411411411411411,
      0.10510510510510511,
      0.057057057057057055,
      0.06606606606606606,
      0.021021021021021023,
      0.04804804804804805,
      0.03003003003003003,
      0.012012012012012012,
      0.003003003003003003,
      0.0,
      0.003003003003003003,
      0.0,
      0.0,
      0.0,
      0.0,
      0.0,
      0.0,
      0.0,
      0.0,
      0.0,
      0.0,
      0.0,
      0.0,
      0.0,
      0.0,
      0.0,
      0.0
    ],
    "non_winners_density": [
      0.003417210313762038,
      0.00818059438749094,
      0.015015015015015015,
      0.01718960339649995,
      0.024852438645542093,
      0.03624313969141555,
      0.05353629491560526,
      0.06979393186289738,
      0.08108108108108109,
      0.10303406855130993,
      0.11369990680335508,
      0.10665838252045148,
      0.10520865693279487,
      0.08439473956715336,
      0.06430568499534017,
      0.04473438956197577,
      0.029512270891581236,
      0.01936419177798488,
      0.010148079113596355,
      0.004970487729108419,
      0.003417210313762038,
      0.0008284146215180698,
      0.00020710365537951746,
      0.00020710365537951746,
      0.0,
      0.0,
      0.0,
      0.0,
      0.0,
      0.0,
      0.0,
      0.0,
      0.0
    ],
    "winners_count": [
      13,
      22,
      38,
      38,
      35,
      34,
      38,
      35,
      19,
      22,
      7,
      16,
      10,
      4,
      1,
      0,
      1,
      0,
      0,
      0,
      0,
      0,
      0,
      0,
      0,
      0,
      0,
      0,
      0,
      0,
      0,
      0,
      0
    ],
    "non_winners_count": [
      33,
      79,
      145,
      166,
      240,
      350,
      517,
      674,
      783,
      995,
      1098,
      1030,
      1016,
      815,
      621,
      432,
      285,
      187,
      98,
      48,
      33,
      8,
      2,
      2,
      0,
      0,
      0,
      0,
      0,
      0,
      0,
      0,
      0
    ],
    "winners_mean": 5.384384384384385,
    "non_winners_mean": 10.170860515688101
  },
  "Second Round": {
    "bin_center": [
      0.0,
      1.0,
      2.0,
      3.0,
      4.0,
      5.0,
      6.0,
      7.0,
      8.0,
      9.0,
      10.0,
      11.0,
      12.0,
      13.0,
      14.0,
      15.0,
      16.0
    ],
    "bin_start": [
      -0.5,
      0.5,
      1.5,
      2.5,
      3.5,
      4.5,
      5.5,
      6.5,
      7.5,
      8.5,
      9.5,
      10.5,
      11.5,
      12.5,
      13.5,
      14.5,
      15.5
    ],
    "bin_end": [
      0.5,
      1.5,
      2.5,
      3.5,
      4.5,
      5.5,
      6.5,
      7.5,
      8.5,
      9.5,
      10.5,
      11.5,
      12.5,
      13.5,
      14.5,
      15.5,
      16.5
    ],
    "winners_density": [
      0.07507507507507508,
      0.1111111111111111,
      0.17117117117117117,
      0.1891891891891892,
      0.12912912912912913,
      0.0990990990990991,
      0.09309309309309309,
      0.06006006006006006,
      0.03903903903903904,
      0.024024024024024024,
      0.006006006006006006,
      0.003003003003003003,
      0.0,
      0.0,
      0.0,
      0.0,
      0.0
    ],
    "non_winners_density": [
      0.007869938904421662,
      0.01863932898415657,
      0.028787408097752924,
      0.05105105105105105,
      0.08615512063787926,
      0.1139070104587346,
      0.14186600393496945,
      0.14517966242104174,
      0.13026819923371646,
      0.10727969348659004,
      0.07673190431811122,
      0.044941493217355286,
      0.02920161540851196,
      0.011183597390493943,
      0.005591798695246971,
      0.0013461737599668635,
      0.0
    ],
    "winners_count": [
      25,
      37,
      57,
      63,
      43,
      33,
      31,
      20,
      13,
      8,
      2,
      1,
      0,
      0,
      0,
      0,
      0
    ],
    "non_winners_count": [
      76,
      180,
      278,
      493,
      832,
      1100,
      1370,
      1402,
      1258,
      1036,
      741,
      434,
      282,
      108,
      54,
      13,
      0
    ],
    "winners_mean": 3.6336336336336337,
    "non_winners_mean": 6.874598736667703
  },
  "Sweet 16": {
    "bin_center": [
      0.0,
      1.0,
      2.0,
      3.0,
      4.0,
      5.0,
      6.0,
      7.0,
      8.0
    ],
    "bin_start": [
      -0.5,
      0.5,
      1.5,
      2.5,
      3.5,
      4.5,
      5.5,
      6.5,
      7.5
    ],
    "bin_end": [
      0.5,
      1.5,
      2.5,
      3.5,
      4.5,
      5.5,
      6.5,
      7.5,
      8.5
    ],
    "winners_density": [
      0.13213213213213212,
      0.23723723723723725,
      0.19519519519519518,
      0.2222222222222222,
      0.12312312312312312,
      0.06306306306306306,
      0.018018018018018018,
      0.009009009009009009,
      0.0
    ],
    "non_winners_density": [
      0.01853577715646681,
      0.05281143212177695,
      0.10790100445272859,
      0.18080149114631874,
      0.21383452417935175,
      0.2015118566842705,
      0.12705809257533396,
      0.074246660453557,
      0.023299161230195712
    ],
    "winners_count": [
      44,
      79,
      65,
      74,
      41,
      21,
      6,
      3,
      0
    ],
    "non_winners_count": [
      179,
      510,
      1042,
      1746,
      2065,
      1946,
      1227,
      717,
      225
    ],
    "winners_mean": 2.2732732732732734,
    "non_winners_mean": 4.142383763073418
  },
  "Elite 8": {
    "bin_center": [
      0.0,
      1.0,
      2.0,
      3.0,
      4.0
    ],
    "bin_start": [
      -0.5,
      0.5,
      1.5,
      2.5,
      3.5
    ],
    "bin_end": [
      0.5,
      1.5,
      2.5,
      3.5,
      4.5
    ],
    "winners_density": [
      0.3003003003003003,
      0.3483483483483483,
      0.22822822822822822,
      0.1021021021021021,
      0.021021021021021023
    ],
    "non_winners_density": [
      0.07093300196748473,
      0.1974733354043699,
      0.3080666873770322,
      0.27907217562389974,
      0.14445479962721341
    ],
    "winners_count": [
      100,
      116,
      76,
      34,
      7
    ],
    "non_winners_count": [
      685,
      1907,
      2975,
      2695,
      1395
    ],
    "winners_mean": 1.1951951951951951,
    "non_winners_mean": 2.2286424355389873
  },