{
  "First Round": {
    "bin_center": [
      0.0,
      1.0,
      2.0,
      3.0,
      4.0,
      5.0,
      6.0,
      7.0,
      8.0,
      9.0,
      10.0,
      11.0,
      12.0,
      13.0,
      14.0,
      15.0,
      16.0,
      17.0,
      18.0,
      19.0,
      20.0,
      21.0,
      22.0,
      23.0,
      24.0,
      25.0,
      26.0,
      27.0,
      28.0,
      29.0,
      30.0,
      31.0,
      32.0
    ],
    "bin_start": [
      -0.5,
      0.5,
      1.5,
      2.5,
      3.5,
      4.5,
      5.5,
      6.5,
      7.5,
      8.5,
      9.5,
      10.5,
      11.5,
      12.5,
      13.5,
      14.5,
      15.5,
      16.5,
      17.5,
      18.5,
      19.5,
      20.5,
      21.5,
      22.5,
      23.5,
      24.5,
      25.5,
      26.5,
      27.5,
      28.5,
      29.5,
      30.5,
      31.5
    ],
    "bin_end": [
      0.5,
      1.5,
      2.5,
      3.5,
      4.5,
      5.5,
      6.5,
      7.5,
      8.5,
      9.5,
      10.5,
      11.5,
      12.5,
      13.5,
      14.5,
      15.5,
      16.5,
      17.5,
      18.5,
      19.5,
      20.5,
      21.5,
      22.5,
      23.5,
      24.5,
      25.5,
      26.5,
      27.5,
      28.5,
      29.5,
      30.5,
      31.5,
      32.5
    ],
    "winners_density": [
      0.030303030303030304,
      0.12121212121212122,
      0.09090909090909091,
      0.12121212121212122,
      0.06060606060606061,
      0.15151515151515152,
      0.12121212121212122,
      0.06060606060606061,
      0.06060606060606061,
      0.06060606060606061,
      0.06060606060606061,
      0.030303030303030304,
      0.030303030303030304,
      0.0,
      0.0,
      0.0,
      0.0,
      0.0,
      0.0,
      0.0,
      0.0,
      0.0,
      0.0,
      0.0,
      0.0,
      0.0,
      0.0,
      0.0,
      0.0,
      0.0,
      0.0,
      0.0,
      0.0
    ],
    "non_winners_density": [
      0.003134796238244514,
      0.013584117032392894,
      0.009404388714733543,
      0.02089864158829676,
      0.027168234064785787,
      0.03657262277951933,
      0.0438871473354232,
      0.0741901776384535,
      0.08150470219435736,
      0.08359456635318704,
      0.10031347962382445,
      0.09822361546499478,
      0.1044932079414838,
      0.08986415882967608,
      0.08045977011494253,
      0.051201671891327065,
      0.03239289446185998,
      0.022988505747126436,
      0.012539184952978056,
      0.011494252873563218,
      0.0,
      0.0010449320794148381,
      0.0,
      0.0,
      0.0010449320794148381,
      0.0,
      0.0,
      0.0,
      0.0,
      0.0,
      0.0,
      0.0,
      0.0
    ],
    "winners_count": [
      1,
      4,
      3,
      4,
      2,
      5,
      4,
      2,
      2,
      2,
      2,
      1,
      1,
      0,
      0,
      0,
      0,
      0,
      0,
      0,
      0,
      0,
      0,
      0,
      0,
      0,
      0,
      0,
      0,
      0,
      0,
      0,
      0
    ],
    "non_winners_count": [
      3,
      13,
      9,
      20,
      26,
      35,
      42,
      71,
      78,
      80,
      96,
      94,
      100,
      86,
      77,
      49,
      31,
      22,
      12,
      11,
      0,
      1,
      0,
      0,
      1,
      0,
      0,
      0,
      0,
      0,
      0,
      0,
      0
    ],
    "winners_mean": 5.151515151515151,
    "non_winners_mean": 10.374085684430511
  },
  "Second Round": {
    "bin_center": [
      0.0,
      1.0,
      2.0,
      3.0,
      4.0,
      5.0,
      6.0,
      7.0,
      8.0,
      9.0,
      10.0,
      11.0,
      12.0,
      13.0,
      14.0,
      15.0,
      16.0
    ],
    "bin_start": [
      -0.5,
      0.5,
      1.5,
      2.5,
      3.5,
      4.5,
      5.5,
      6.5,
      7.5,
      8.5,
      9.5,
      10.5,
      11.5,
      12.5,
      13.5,
      14.5,
      15.5
    ],
    "bin_end": [
      0.5,
      1.5,
      2.5,
      3.5,
      4.5,
      5.5,
      6.5,
      7.5,
      8.5,
      9.5,
      10.5,
      11.5,
      12.5,
      13.5,
      14.5,
      15.5,
      16.5
    ],
    "winners_density": [
      0.09090909090909091,
      0.12121212121212122,
      0.12121212121212122,
      0.15151515151515152,
      0.15151515151515152,
      0.24242424242424243,
      0.09090909090909091,
      0.0,
      0.030303030303030304,
      0.0,
      0.0,
      0.0,
      0.0,
      0.0,
      0.0,
      0.0,
      0.0
    ],
    "non_winners_density": [
      0.008359456635318705,
      0.018808777429467086,
      0.022988505747126436,
      0.06896551724137931,
      0.06896551724137931,
      0.109717868338558,
      0.13270637408568442,
      0.15256008359456635,
      0.11912225705329153,
      0.11912225705329153,
      0.08463949843260188,
      0.04806687565308255,
      0.03239289446185998,
      0.008359456635318705,
      0.00522466039707419,
      0.0,
      0.0
    ],
    "winners_count": [
      3,
      4,
      4,
      5,
      5,
      8,
      3,
      0,
      1,
      0,
      0,
      0,
      0,
      0,
      0,
      0,
      0
    ],
    "non_winners_count": [
      8,
      18,
      22,
      66,
      66,
      105,
      127,
      146,
      114,
      114,
      81,
      46,
      31,
      8,
      5,
      0,
      0
    ],
    "winners_mean": 3.4242424242424243,
    "non_winners_mean": 6.931034482758621
  },
  "Sweet 16": {
    "bin_center": [
      0.0,
      1.0,
      2.0,
      3.0,
      4.0,
      5.0,
      6.0,
      7.0,
      8.0
    ],
    "bin_start": [
      -0.5,
      0.5,
      1.5,
      2.5,
      3.5,
      4.5,
      5.5,
      6.5,
      7.5
    ],
    "bin_end": [
      0.5,
      1.5,
      2.5,
      3.5,
      4.5,
      5.5,
      6.5,
      7.5,
      8.5
    ],
    "winners_density": [
      0.18181818181818182,
      0.15151515151515152,
      0.15151515151515152,
      0.24242424242424243,
      0.18181818181818182,
      0.09090909090909091,
      0.0,
      0.0,
      0.0
    ],
    "non_winners_density": [
      0.02089864158829676,
      0.054336468129571575,
      0.12434691745036573,
      0.16927899686520376,
      0.21839080459770116,
      0.18808777429467086,
      0.12748171368861025,
      0.07523510971786834,
      0.0219435736677116
    ],
    "winners_count": [
      6,
      5,
      5,
      8,
      6,
      3,
      0,
      0,
      0
    ],
    "non_winners_count": [
      20,
      52,
      119,
      162,
      209,
      180,
      122,
      72,
      21
    ],
    "winners_mean": 2.3636363636363638,
    "non_winners_mean": 4.091954022988506
  },
  "Elite 8": {
    "bin_center": [
      0.0,
      1.0,
      2.0,
      3.0,
      4.0
    ],
    "bin_start": [
      -0.5,
      0.5,
      1.5,
      2.5,
      3.5
    ],
    "bin_end": [
      0.5,
      1.5,
      2.5,
      3.5,
      4.5
    ],
    "winners_density": [
      0.3333333333333333,
      0.3333333333333333,
      0.24242424242424243,
      0.09090909090909091,
      0.0
    ],
    "non_winners_density": [
      0.07732497387669801,
      0.1974921630094044,
      0.30929989550679204,
      0.27063740856844304,
      0.1452455590386625
    ],
    "winners_count": [
      11,
      11,
      8,
      3,
      0
    ],
    "non_winners_count": [
      74,
      189,
      296,
      259,
      139
    ],
    "winners_mean": 1.0909090909090908,
    "non_winners_mean": 2.2089864158829675
  },
  "Total Upsets": {
    "bin_center": [
      1.0,
      2.0,
      3.0,
      4.0,
      5.0,
      6.0,
      7.0,
      8.0,
      9.0,
      10.0,
      11.0,
      12.0,
      13.0,
      14.0,
      15.0,
      16.0,
      17.0,
      18.0,
      19.0,
      20.0,
      21.0,
      22.0,
      23.0,
      24.0,
      25.0,
      26.0,
      27.0,
      28.0,
      29.0,
      30.0,
      31.0,
      32.0,
      33.0,
      34.0,
      35.0,
      36.0,
      37.0,
      38.0,
      39.0,
      40.0,
      41.0,
      42.0,
      43.0,
      44.0,
      45.0,
      46.0,
      47.0,
      48.0
    ],