{
  "First Round": {
    "bin_center": [
      0.0,
      1.0,
      2.0,
      3.0,
      4.0,
      5.0,
      6.0,
      7.0,
      8.0,
      9.0,
      10.0,
      11.0,
      12.0,
      13.0,
      14.0,
      15.0,
      16.0,
      17.0,
      18.0,
      19.0,
      20.0,
      21.0,
      22.0,
      23.0,
      24.0,
      25.0,
      26.0,
      27.0,
      28.0,
      29.0,
      30.0,
      31.0,
      32.0
    ],
    "bin_start": [
      -0.5,
      0.5,
      1.5,
      2.5,
      3.5,
      4.5,
      5.5,
      6.5,
      7.5,
      8.5,
      9.5,
      10.5,
      11.5,
      12.5,
      13.5,
      14.5,
      15.5,
      16.5,
      17.5,
      18.5,
      19.5,
      20.5,
      21.5,
      22.5,
      23.5,
      24.5,
      25.5,
      26.5,
      27.5,
      28.5,
      29.5,
      30.5,
      31.5
    ],
    "bin_end": [
      0.5,
      1.5,
      2.5,
      3.5,
      4.5,
      5.5,
      6.5,
      7.5,
      8.5,
      9.5,
      10.5,
      11.5,
      12.5,
      13.5,
      14.5,
      15.5,
      16.5,
      17.5,
      18.5,
      19.5,
      20.5,
      21.5,
      22.5,
      23.5,
      24.5,
      25.5,
      26.5,
      27.5,
      28.5,
      29.5,
      30.5,
      31.5,
      32.5
    ],
    "winners_density": [
      0.05,
      0.2,
      0.1,
      0.0,
      0.2,
      0.0,
      0.2,
      0.0,
      0.0,
      0.1,
      0.05,
      0.05,
      0.05,
      0.0,
      0.0,
      0.0,
      0.0,
      0.0,
      0.0,
      0.0,
      0.0,
      0.0,
      0.0,
      0.0,
      0.0,
      0.0,
      0.0,
      0.0,
      0.0,
      0.0,
      0.0,
      0.0,
      0.0
    ],
    "non_winners_density": [
      0.008620689655172414,
      0.013793103448275862,
      0.015517241379310345,
      0.02413793103448276,
      0.029310344827586206,
      0.029310344827586206,
      0.05344827586206897,
      0.07586206896551724,
      0.10344827586206896,
      0.12586206896551724,
      0.12758620689655173,
      0.09310344827586207,
      0.07758620689655173,
      0.07931034482758621,
      0.05344827586206897,
      0.05172413793103448,
      0.010344827586206896,
      0.006896551724137931,
      0.006896551724137931,
      0.0034482758620689655,
      0.0034482758620689655,
      0.006896551724137931,
      0.0,
      0.0,
      0.0,
      0.0,
      0.0,
      0.0,
      0.0,
      0.0,
      0.0,
      0.0,
      0.0
    ],
    "winners_count": [
      1,
      4,
      2,
      0,
      4,
      0,
      4,
      0,
      0,
      2,
      1,
      1,
      1,
      0,
      0,
      0,
      0,
      0,
      0,
      0,
      0,
      0,
      0,
      0,
      0,
      0,
      0,
      0,
      0,
      0,
      0,
      0,
      0
    ],
    "non_winners_count": [
      5,
      8,
      9,
      14,
      17,
      17,
      31,
      44,
      60,
      73,
      74,
      54,
      45,
      46,
      31,
      30,
      6,
      4,
      4,
      2,
      2,
      4,
      0,
      0,
      0,
      0,
      0,
      0,
      0,
      0,
      0,
      0,
      0
    ],
    "winners_mean": 4.95,
    "non_winners_mean": 9.66551724137931
  },
  "Second Round": {
    "bin_center": [
      0.0,
      1.0,
      2.0,
      3.0,
      4.0,
      5.0,
      6.0,
      7.0,
      8.0,
      9.0,
      10.0,
      11.0,
      12.0,
      13.0,
      14.0,
      15.0,
      16.0
    ],
    "bin_start": [
      -0.5,
      0.5,
      1.5,
      2.5,
      3.5,
      4.5,
      5.5,
      6.5,
      7.5,
      8.5,
      9.5,
      10.5,
      11.5,
      12.5,
      13.5,
      14.5,
      15.5
    ],
    "bin_end": [
      0.5,
      1.5,
      2.5,
      3.5,
      4.5,
      5.5,
      6.5,
      7.5,
      8.5,
      9.5,
      10.5,
      11.5,
      12.5,
      13.5,
      14.5,
      15.5,
      16.5
    ],
    "winners_density": [
      0.05,
      0.35,
      0.1,
      0.15,
      0.15,
      0.0,
      0.05,
      0.0,
      0.15,
      0.0,
      0.0,
      0.0,
      0.0,
      0.0,
      0.0,
      0.0,
      0.0
    ],
    "non_winners_density": [
      0.010344827586206896,
      0.01206896551724138,
      0.03793103448275862,
      0.04310344827586207,
      0.06551724137931035,
      0.13620689655172413,
      0.15862068965517243,
      0.13448275862068965,
      0.1206896551724138,
      0.11724137931034483,
      0.05517241379310345,
      0.05344827586206897,
      0.022413793103448276,
      0.015517241379310345,
      0.015517241379310345,
      0.0017241379310344827,
      0.0
    ],
    "winners_count": [
      1,
      7,
      2,
      3,
      3,
      0,
      1,
      0,
      3,
      0,
      0,
      0,
      0,
      0,
      0,
      0,
      0
    ],
    "non_winners_count": [
      6,
      7,
      22,
      25,
      38,
      79,
      92,
      78,
      70,
      68,
      32,
      31,
      13,
      9,
      9,
      1,
      0
    ],
    "winners_mean": 3.1,
    "non_winners_mean": 6.927586206896552
  },
  "Sweet 16": {
    "bin_center": [
      0.0,
      1.0,
      2.0,
      3.0,
      4.0,
      5.0,
      6.0,
      7.0,
      8.0
    ],
    "bin_start": [
      -0.5,
      0.5,
      1.5,
      2.5,
      3.5,
      4.5,
      5.5,
      6.5,
      7.5
    ],
    "bin_end": [
      0.5,
      1.5,
      2.5,
      3.5,
      4.5,
      5.5,
      6.5,
      7.5,
      8.5
    ],
    "winners_density": [
      0.2,
      0.2,
      0.4,
      0.05,
      0.1,
      0.0,
      0.05,
      0.0,
      0.0
    ],
    "non_winners_density": [
      0.022413793103448276,
      0.05,
      0.11551724137931034,
      0.16724137931034483,
      0.23103448275862068,
      0.18620689655172415,
      0.12931034482758622,
      0.06724137931034482,
      0.03103448275862069
    ],
    "winners_count": [
      4,
      4,
      8,
      1,
      2,
      0,
      1,
      0,
      0
    ],
    "non_winners_count": [
      13,
      29,
      67,
      97,
      134,
      108,
      75,
      39,
      18
    ],
    "winners_mean": 1.85,
    "non_winners_mean": 4.132758620689655
  },
  "Elite 8": {
    "bin_center": [
      0.0,
      1.0,
      2.0,
      3.0,
      4.0
    ],
    "bin_start": [
      -0.5,
      0.5,
      1.5,
      2.5,
      3.5
    ],
    "bin_end": [
      0.5,
      1.5,
      2.5,
      3.5,
      4.5
    ],
    "winners_density": [
      0.2,
      0.45,
      0.3,
      0.0,
      0.05
    ],
    "non_winners_density": [
      0.06724137931034482,
      0.19310344827586207,
      0.31724137931034485,
      0.28448275862068967,
      0.13793103448275862
    ],
    "winners_count": [
      4,
      9,
      6,
      0,
      1
    ],
    "non_winners_count": [
      39,
      112,
      184,
      165,
      80
    ],
    "winners_mean": 1.25,
    "non_winners_mean": 2.2327586206896552
  },
  "Total Upsets": {
    "bin_center": [
      0.0,
      1.0,
      2.0,
      3.0,
      4.0,
      5.0,
      6.0,
      7.0,
      8.0,
      9.0,
      10.0,
      11.0,
      12.0,
      13.0,
      14.0,
      15.0,
      16.0,
      17.0,
      18.0,
      19.0,
      20.0,
      21.0,
      22.0,
      23.0,
      24.0,
      25.0,
      26.0,
      27.0,
      28.0,
      29.0,
      30.0,
      31.0,
      32.0,
      33.0,
      34.0,
      35.0,
      36.0,
      37.0,
      38.0,
      39.0,
      40.0,
      41.0,
      42.0,
      43.0,
      44.0,
      45.0,
      46.0,
      47.0,
      48.0,
      49.0,
      50.0
    ],