{
  "First Round": {
    "bin_center": [
      0.0,
      1.0,
      2.0,
      3.0,
      4.0,
      5.0,
      6.0,
      7.0,
      8.0,
      9.0,
      10.0,
      11.0,
      12.0,
      13.0,
      14.0,
      15.0,
      16.0,
      17.0,
      18.0,
      19.0,
      20.0,
      21.0,
      22.0,
      23.0,
      24.0,
      25.0,
      26.0,
      27.0,
      28.0,
      29.0,
      30.0,
      31.0,
      32.0
    ],
    "bin_start": [
      -0.5,
      0.5,
      1.5,
      2.5,
      3.5,
      4.5,
      5.5,
      6.5,
      7.5,
      8.5,
      9.5,
      10.5,
      11.5,
      12.5,
      13.5,
      14.5,
      15.5,
      16.5,
      17.5,
      18.5,
      19.5,
      20.5,
      21.5,
      22.5,
      23.5,
      24.5,
      25.5,
      26.5,
      27.5,
      28.5,
      29.5,
      30.5,
      31.5
    ],
    "bin_end": [
      0.5,
      1.5,
      2.5,
      3.5,
      4.5,
      5.5,
      6.5,
      7.5,
      8.5,
      9.5,
      10.5,
      11.5,
      12.5,
      13.5,
      14.5,
      15.5,
      16.5,
      17.5,
      18.5,
      19.5,
      20.5,
      21.5,
      22.5,
      23.5,
      24.5,
      25.5,
      26.5,
      27.5,
      28.5,
      29.5,
      30.5,
      31.5,
      32.5
    ],
    "winners_density": [
      0.0,
      0.12121212121212122,
      0.09090909090909091,
      0.15151515151515152,
      0.0,
      0.12121212121212122,
      0.06060606060606061,
      0.09090909090909091,
      0.12121212121212122,
      0.06060606060606061,
      0.09090909090909091,
      0.030303030303030304,
      0.0,
      0.0,
      0.0,
      0.0,
      0.030303030303030304,
      0.030303030303030304,
      0.0,
      0.0,
      0.0,
      0.0,
      0.0,
      0.0,
      0.0,
      0.0,
      0.0,
      0.0,
      0.0,
      0.0,
      0.0,
      0.0,
      0.0
    ],
    "non_winners_density": [
      0.00522466039707419,
      0.013584117032392894,
      0.012539184952978056,
      0.024033437826541274,
      0.024033437826541274,
      0.03134796238244514,
      0.04911180773249739,
      0.0522466039707419,
      0.07210031347962383,
      0.10867293625914315,
      0.11703239289446186,
      0.10031347962382445,
      0.09926854754440961,
      0.09299895506792058,
      0.07001044932079414,
      0.04493207941483804,
      0.034482758620689655,
      0.02089864158829676,
      0.01671891327063741,
      0.006269592476489028,
      0.0020898641588296763,
      0.0020898641588296763,
      0.0,
      0.0,
      0.0,
      0.0,
      0.0,
      0.0,
      0.0,
      0.0,
      0.0,
      0.0,
      0.0
    ],
    "winners_count": [
      0,
      4,
      3,
      5,
      0,
      4,
      2,
      3,
      4,
      2,
      3,
      1,
      0,
      0,
      0,
      0,
      1,
      1,
      0,
      0,
      0,
      0,
      0,
      0,
      0,
      0,
      0,
      0,
      0,
      0,
      0,
      0,
      0
    ],
    "non_winners_count": [
      5,
      13,
      12,
      23,
      23,
      30,
      47,
      50,
      69,
      104,
      112,
      96,
      95,
      89,
      67,
      43,
      33,
      20,
      16,
      6,
      2,
      2,
      0,
      0,
      0,
      0,
      0,
      0,
      0,
      0,
      0,
      0,
      0
    ],
    "winners_mean": 6.121212121212121,
    "non_winners_mean": 10.31974921630094
  },
  "Second Round": {
    "bin_center": [
      0.0,
      1.0,
      2.0,
      3.0,
      4.0,
      5.0,
      6.0,
      7.0,
      8.0,
      9.0,
      10.0,
      11.0,
      12.0,
      13.0,
      14.0,
      15.0,
      16.0
    ],
    "bin_start": [
      -0.5,
      0.5,
      1.5,
      2.5,
      3.5,
      4.5,
      5.5,
      6.5,
      7.5,
      8.5,
      9.5,
      10.5,
      11.5,
      12.5,
      13.5,
      14.5,
      15.5
    ],
    "bin_end": [
      0.5,
      1.5,
      2.5,
      3.5,
      4.5,
      5.5,
      6.5,
      7.5,
      8.5,
      9.5,
      10.5,
      11.5,
      12.5,
      13.5,
      14.5,
      15.5,
      16.5
    ],
    "winners_density": [
      0.030303030303030304,
      0.12121212121212122,
      0.030303030303030304,
      0.15151515151515152,
      0.18181818181818182,
      0.15151515151515152,
      0.15151515151515152,
      0.12121212121212122,
      0.030303030303030304,
      0.030303030303030304,
      0.0,
      0.0,
      0.0,
      0.0,
      0.0,
      0.0,
      0.0
    ],
    "non_winners_density": [
      0.011494252873563218,
      0.01671891327063741,
      0.03761755485893417,
      0.0522466039707419,
      0.07836990595611286,
      0.10762800417972831,
      0.15047021943573669,
      0.1400208986415883,
      0.12748171368861025,
      0.11285266457680251,
      0.07628004179728318,
      0.04493207941483804,
      0.017763845350052248,
      0.01567398119122257,
      0.0073145245559038665,
      0.003134796238244514,
      0.0
    ],
    "winners_count": [
      1,
      4,
      1,
      5,
      6,
      5,
      5,
      4,
      1,
      1,
      0,
      0,
      0,
      0,
      0,
      0,
      0
    ],
    "non_winners_count": [
      11,
      16,
      36,
      50,
      75,
      103,
      144,
      134,
      122,
      108,
      73,
      43,
      17,
      15,
      7,
      3,
      0
    ],
    "winners_mean": 4.393939393939394,
    "non_winners_mean": 6.84221525600836
  },
  "Sweet 16": {
    "bin_center": [
      0.0,
      1.0,
      2.0,
      3.0,
      4.0,
      5.0,
      6.0,
      7.0,
      8.0
    ],
    "bin_start": [
      -0.5,
      0.5,
      1.5,
      2.5,
      3.5,
      4.5,
      5.5,
      6.5,
      7.5
    ],
    "bin_end": [
      0.5,
      1.5,
      2.5,
      3.5,
      4.5,
      5.5,
      6.5,
      7.5,
      8.5
    ],
    "winners_density": [
      0.15151515151515152,
      0.18181818181818182,
      0.18181818181818182,
      0.21212121212121213,
      0.09090909090909091,
      0.12121212121212122,
      0.030303030303030304,
      0.030303030303030304,
      0.0
    ],
    "non_winners_density": [
      0.018808777429467086,
      0.05642633228840126,
      0.10762800417972831,
      0.17659352142110762,
      0.24555903866248693,
      0.1755485893416928,
      0.12852664576802508,
      0.07210031347962383,
      0.018808777429467086
    ],
    "winners_count": [
      5,
      6,
      6,
      7,
      3,
      4,
      1,
      1,
      0
    ],
    "non_winners_count": [
      18,
      54,
      103,
      169,
      235,
      168,
      123,
      69,
      18
    ],
    "winners_mean": 2.5454545454545454,
    "non_winners_mean": 4.087774294670846
  },
  "Elite 8": {
    "bin_center": [
      0.0,
      1.0,
      2.0,
      3.0,
      4.0
    ],
    "bin_start": [
      -0.5,
      0.5,
      1.5,
      2.5,
      3.5
    ],
    "bin_end": [
      0.5,
      1.5,
      2.5,
      3.5,
      4.5
    ],
    "winners_density": [
      0.2727272727272727,
      0.30303030303030304,
      0.3333333333333333,
      0.06060606060606061,
      0.030303030303030304
    ],
    "non_winners_density": [
      0.07732497387669801,
      0.21839080459770116,
      0.3051201671891327,
      0.2601880877742947,
      0.13897596656217345
    ],
    "winners_count": [
      9,
      10,
      11,
      2,
      1
    ],
    "non_winners_count": [
      74,
      209,
      292,
      249,
      133
    ],
    "winners_mean": 1.2727272727272727,
    "non_winners_mean": 2.1650992685475443
  },