{
  "First Round": {
    "bin_center": [
      0.0,
      1.0,
      2.0,
      3.0,
      4.0,
      5.0,
      6.0,
      7.0,
      8.0,
      9.0,
      10.0,
      11.0,
      12.0,
      13.0,
      14.0,
      15.0,
      16.0,
      17.0,
      18.0,
      19.0,
      20.0,
      21.0,
      22.0,
      23.0,
      24.0,
      25.0,
      26.0,
      27.0,
      28.0,
      29.0,
      30.0,
      31.0,
      32.0
    ],
    "bin_start": [
      -0.5,
      0.5,
      1.5,
      2.5,
      3.5,
      4.5,
      5.5,
      6.5,
      7.5,
      8.5,
      9.5,
      10.5,
      11.5,
      12.5,
      13.5,
      14.5,
      15.5,
      16.5,
      17.5,
      18.5,
      19.5,
      20.5,
      21.5,
      22.5,
      23.5,
      24.5,
      25.5,
      26.5,
      27.5,
      28.5,
      29.5,
      30.5,
      31.5
    ],
    "bin_end": [
      0.5,
      1.5,
      2.5,
      3.5,
      4.5,
      5.5,
      6.5,
      7.5,
      8.5,
      9.5,
      10.5,
      11.5,
      12.5,
      13.5,
      14.5,
      15.5,
      16.5,
      17.5,
      18.5,
      19.5,
      20.5,
      21.5,
      22.5,
      23.5,
      24.5,
      25.5,
      26.5,
      27.5,
      28.5,
      29.5,
      30.5,
      31.5,
      32.5
    ],
    "winners_density": [
      0.03303303303303303,
      0.0990990990990991,
      0.12612612612612611,
      0.09009009009009009,
      0.0990990990990991,
      0.07207207207207207,
      0.10810810810810811,
      0.09009009009009009,
      0.1021021021021021,
      0.06306306306306306,
      0.042042042042042045,
      0.03903903903903904,
      0.015015015015015015,
      0.012012012012012012,
      0.003003003003003003,
      0.0,
      0.0,
      0.006006006006006006,
      0.0,
      0.0,
      0.0,
      0.0,
      0.0,
      0.0,
      0.0,
      0.0,
      0.0,
      0.0,
      0.0,
      0.0,
      0.0,
      0.0,
      0.0
    ],
    "non_winners_density": [
      0.003003003003003003,
      0.010872941907424665,
      0.014911463187325256,
      0.018846432639536087,
      0.024645334990162575,
      0.032825929377653516,
      0.048462255358807084,
      0.06358082220151186,
      0.08895101998550274,
      0.09619964792378585,
      0.1091436263850057,
      0.11369990680335508,
      0.10541576058817438,
      0.08356632494563529,
      0.06792999896448172,
      0.04898001449725588,
      0.02858030444237341,
      0.020399710054882468,
      0.01056228642435539,
      0.005281143212177695,
      0.0023816920368644507,
      0.0012426219322771047,
      0.0005177591384487936,
      0.0,
      0.0,
      0.0,
      0.0,
      0.0,
      0.0,
      0.0,
      0.0,
      0.0,
      0.0
    ],
    "winners_count": [
      11,
      33,
      42,
      30,
      33,
      24,
      36,
      30,
      34,
      21,
      14,
      13,
      5,
      4,
      1,
      0,
      0,
      2,
      0,
      0,
      0,
      0,
      0,
      0,
      0,
      0,
      0,
      0,
      0,
      0,
      0,
      0,
      0
    ],
    "non_winners_count": [
      29,
      105,
      144,
      182,
      238,
      317,
      468,
      614,
      859,
      929,
      1054,
      1098,
      1018,
      807,
      656,
      473,
      276,
      197,
      102,
      51,
      23,
      12,
      5,
      0,
      0,
      0,
      0,
      0,
      0,
      0,
      0,
      0,
      0
    ],
    "winners_mean": 5.372372372372372,
    "non_winners_mean": 10.232059645852749
  },
  "Second Round": {
    "bin_center": [
      0.0,
      1.0,
      2.0,
      3.0,
      4.0,
      5.0,
      6.0,
      7.0,
      8.0,
      9.0,
      10.0,
      11.0,
      12.0,
      13.0,
      14.0,
      15.0,
      16.0
    ],
    "bin_start": [
      -0.5,
      0.5,
      1.5,
      2.5,
      3.5,
      4.5,
      5.5,
      6.5,
      7.5,
      8.5,
      9.5,
      10.5,
      11.5,
      12.5,
      13.5,
      14.5,
      15.5
    ],
    "bin_end": [
      0.5,
      1.5,
      2.5,
      3.5,
      4.5,
      5.5,
      6.5,
      7.5,
      8.5,
      9.5,
      10.5,
      11.5,
      12.5,
      13.5,
      14.5,
      15.5,
      16.5
    ],
    "winners_density": [
      0.08408408408408409,
      0.1111111111111111,
      0.15015015015015015,
      0.15315315315315314,
      0.15315315315315314,
      0.14714714714714713,
      0.07207207207207207,
      0.057057057057057055,
      0.04804804804804805,
      0.012012012012012012,
      0.006006006006006006,
      0.003003003003003003,
      0.003003003003003003,
      0.0,
      0.0,
      0.0,
      0.0
    ],
    "non_winners_density": [
      0.007559283421352387,
      0.019881950916433674,
      0.032929481205343274,
      0.05260432846639743,
      0.0795278036657347,
      0.1151496323910117,
      0.13886300093196646,
      0.1447654551102827,
      0.13068240654447552,
      0.10293051672362018,
      0.07693900797349074,
      0.048772910841876356,
      0.02702702702702703,
      0.015636325981153568,
      0.005074039556798178,
      0.0012426219322771047,
      0.0004142073107590349
    ],
    "winners_count": [
      28,
      37,
      50,
      51,
      51,
      49,
      24,
      19,
      16,
      4,
      2,
      1,
      1,
      0,
      0,
      0,
      0
    ],
    "non_winners_count": [
      73,
      192,
      318,
      508,
      768,
      1112,
      1341,
      1398,
      1262,
      994,
      743,
      471,
      261,
      151,
      49,
      12,
      4
    ],
    "winners_mean": 3.6726726726726726,
    "non_winners_mean": 6.885575230402817
  },
  "Sweet 16": {
    "bin_center": [
      0.0,
      1.0,
      2.0,
      3.0,
      4.0,
      5.0,
      6.0,
      7.0,
      8.0
    ],
    "bin_start": [
      -0.5,
      0.5,
      1.5,
      2.5,
      3.5,
      4.5,
      5.5,
      6.5,
      7.5
    ],
    "bin_end": [
      0.5,
      1.5,
      2.5,
      3.5,
      4.5,
      5.5,
      6.5,
      7.5,
      8.5
    ],
    "winners_density": [
      0.0960960960960961,
      0.23723723723723725,
      0.21921921921921922,
      0.2042042042042042,
      0.15015015015015015,
      0.06306306306306306,
      0.03003003003003003,
      0.0,
      0.0
    ],
    "non_winners_density": [
      0.01718960339649995,
      0.05912809361085223,
      0.10448379413896655,
      0.17541679610645128,
      0.2114528321424873,
      0.19881950916433674,
      0.14031272651962307,
      0.06886196541368955,
      0.0243346795070933
    ],
    "winners_count": [
      32,
      79,
      73,
      68,
      50,
      21,
      10,
      0,
      0
    ],
    "non_winners_count": [
      166,
      571,
      1009,
      1694,
      2042,
      1920,
      1355,
      665,
      235
    ],
    "winners_mean": 2.3843843843843846,
    "non_winners_mean": 4.1528424976700835
  },
  "Elite 8": {
    "bin_center": [
      0.0,
      1.0,
      2.0,
      3.0,
      4.0
    ],
    "bin_start": [
      -0.5,
      0.5,
      1.5,
      2.5,
      3.5
    ],
    "bin_end": [
      0.5,
      1.5,
      2.5,
      3.5,
      4.5
    ],
    "winners_density": [
      0.29429429429429427,
      0.33933933933933935,
      0.25225225225225223,
      0.0990990990990991,
      0.015015015015015015
    ],
    "non_winners_density": [
      0.07238272755514134,
      0.20016568292430362,
      0.30216423319871594,
      0.2771046908977943,
      0.14818266542404473
    ],
    "winners_count": [
      98,
      113,
      84,
      33,
      5
    ],
    "non_winners_count": [
      699,
      1933,
      2918,
      2676,
      1431
    ],
    "winners_mean": 1.2012012012012012,
    "non_winners_mean": 2.2285388837112974
  },