{
  "First Round": {
    "bin_center": [
      0.0,
      1.0,
      2.0,
      3.0,
      4.0,
      5.0,
      6.0,
      7.0,
      8.0,
      9.0,
      10.0,
      11.0,
      12.0,
      13.0,
      14.0,
      15.0,
      16.0,
      17.0,
      18.0,
      19.0,
      20.0,
      21.0,
      22.0,
      23.0,
      24.0,
      25.0,
      26.0,
      27.0,
      28.0,
      29.0,
      30.0,
      31.0,
      32.0
    ],
    "bin_start": [
      -0.5,
      0.5,
      1.5,
      2.5,
      3.5,
      4.5,
      5.5,
      6.5,
      7.5,
      8.5,
      9.5,
      10.5,
      11.5,
      12.5,
      13.5,
      14.5,
      15.5,
      16.5,
      17.5,
      18.5,
      19.5,
      20.5,
      21.5,
      22.5,
      23.5,
      24.5,
      25.5,
      26.5,
      27.5,
      28.5,
      29.5,
      30.5,
      31.5
    ],
    "bin_end": [
      0.5,
      1.5,
      2.5,
      3.5,
      4.5,
      5.5,
      6.5,
      7.5,
      8.5,
      9.5,
      10.5,
      11.5,
      12.5,
      13.5,
      14.5,
      15.5,
      16.5,
      17.5,
      18.5,
      19.5,
      20.5,
      21.5,
      22.5,
      23.5,
      24.5,
      25.5,
      26.5,
      27.5,
      28.5,
      29.5,
      30.5,
      31.5,
      32.5
    ],
    "winners_density": [
      0.030303030303030304,
      0.09090909090909091,
      0.21212121212121213,
      0.030303030303030304,
      0.06060606060606061,
      0.06060606060606061,
      0.06060606060606061,
      0.12121212121212122,
      0.09090909090909091,
      0.06060606060606061,
      0.06060606060606061,
      0.06060606060606061,
      0.06060606060606061,
      0.0,
      0.0,
      0.0,
      0.0,
      0.0,
      0.0,
      0.0,
      0.0,
      0.0,
      0.0,
      0.0,
      0.0,
      0.0,
      0.0,
      0.0,
      0.0,
      0.0,
      0.0,
      0.0,
      0.0
    ],
    "non_winners_density": [
      0.00522466039707419,
      0.0073145245559038665,
      0.013584117032392894,
      0.02089864158829676,
      0.024033437826541274,
      0.03970741901776385,
      0.0438871473354232,
      0.06583072100313479,
      0.06583072100313479,
      0.1013584117032393,
      0.12330198537095088,
      0.12121212121212122,
      0.09299895506792058,
      0.09822361546499478,
      0.08254963427377221,
      0.03657262277951933,
      0.024033437826541274,
      0.01671891327063741,
      0.009404388714733543,
      0.0020898641588296763,
      0.003134796238244514,
      0.0020898641588296763,
      0.0,
      0.0,
      0.0,
      0.0,
      0.0,
      0.0,
      0.0,
      0.0,
      0.0,
      0.0,
      0.0
    ],
    "winners_count": [
      1,
      3,
      7,
      1,
      2,
      2,
      2,
      4,
      3,
      2,
      2,
      2,
      2,
      0,
      0,
      0,
      0,
      0,
      0,
      0,
      0,
      0,
      0,
      0,
      0,
      0,
      0,
      0,
      0,
      0,
      0,
      0,
      0
    ],
    "non_winners_count": [
      5,
      7,
      13,
      20,
      23,
      38,
      42,
      63,
      63,
      97,
      118,
      116,
      89,
      94,
      79,
      35,
      23,
      16,
      9,
      2,
      3,
      2,
      0,
      0,
      0,
      0,
      0,
      0,
      0,
      0,
      0,
      0,
      0
    ],
    "winners_mean": 5.636363636363637,
    "non_winners_mean": 10.202716823406478
  },
  "Second Round": {
    "bin_center": [
      0.0,
      1.0,
      2.0,
      3.0,
      4.0,
      5.0,
      6.0,
      7.0,
      8.0,
      9.0,
      10.0,
      11.0,
      12.0,
      13.0,
      14.0,
      15.0,
      16.0
    ],
    "bin_start": [
      -0.5,
      0.5,
      1.5,
      2.5,
      3.5,
      4.5,
      5.5,
      6.5,
      7.5,
      8.5,
      9.5,
      10.5,
      11.5,
      12.5,
      13.5,
      14.5,
      15.5
    ],
    "bin_end": [
      0.5,
      1.5,
      2.5,
      3.5,
      4.5,
      5.5,
      6.5,
      7.5,
      8.5,
      9.5,
      10.5,
      11.5,
      12.5,
      13.5,
      14.5,
      15.5,
      16.5
    ],
    "winners_density": [
      0.06060606060606061,
      0.18181818181818182,
      0.12121212121212122,
      0.15151515151515152,
      0.18181818181818182,
      0.030303030303030304,
      0.18181818181818182,
      0.09090909090909091,
      0.0,
      0.0,
      0.0,
      0.0,
      0.0,
      0.0,
      0.0,
      0.0,
      0.0
    ],
    "non_winners_density": [
      0.008359456635318705,
      0.022988505747126436,
      0.03657262277951933,
      0.04806687565308255,
      0.08463949843260188,
      0.12225705329153605,
      0.12957157784743992,
      0.14315569487983282,
      0.14106583072100312,
      0.09195402298850575,
      0.07001044932079414,
      0.055381400208986416,
      0.027168234064785787,
      0.01567398119122257,
      0.0020898641588296763,
      0.0010449320794148381,
      0.0
    ],
    "winners_count": [
      2,
      6,
      4,
      5,
      6,
      1,
      6,
      3,
      0,
      0,
      0,
      0,
      0,
      0,
      0,
      0,
      0
    ],
    "non_winners_count": [
      8,
      22,
      35,
      46,
      81,
      117,
      124,
      137,
      135,
      88,
      67,
      53,
      26,
      15,
      2,
      1,
      0
    ],
    "winners_mean": 3.484848484848485,
    "non_winners_mean": 6.8098223615465
  },
  "Sweet 16": {
    "bin_center": [
      0.0,
      1.0,
      2.0,
      3.0,
      4.0,
      5.0,
      6.0,
      7.0,
      8.0
    ],
    "bin_start": [
      -0.5,
      0.5,
      1.5,
      2.5,
      3.5,
      4.5,
      5.5,
      6.5,
      7.5
    ],
    "bin_end": [
      0.5,
      1.5,
      2.5,
      3.5,
      4.5,
      5.5,
      6.5,
      7.5,
      8.5
    ],
    "winners_density": [
      0.15151515151515152,
      0.15151515151515152,
      0.2727272727272727,
      0.15151515151515152,
      0.18181818181818182,
      0.09090909090909091,
      0.0,
      0.0,
      0.0
    ],
    "non_winners_density": [
      0.0219435736677116,
      0.03970741901776385,
      0.12330198537095088,
      0.18808777429467086,
      0.1974921630094044,
      0.20376175548589343,
      0.1452455590386625,
      0.05329153605015674,
      0.027168234064785787
    ],
    "winners_count": [
      5,
      5,
      9,
      5,
      6,
      3,
      0,
      0,
      0
    ],
    "non_winners_count": [
      21,
      38,
      118,
      180,
      189,
      195,
      139,
      51,
      26
    ],
    "winners_mean": 2.3333333333333335,
    "non_winners_mean": 4.121212121212121
  },
  "Elite 8": {
    "bin_center": [
      0.0,
      1.0,
      2.0,
      3.0,
      4.0
    ],
    "bin_start": [
      -0.5,
      0.5,
      1.5,
      2.5,
      3.5
    ],
    "bin_end": [
      0.5,
      1.5,
      2.5,
      3.5,
      4.5
    ],
    "winners_density": [
      0.3333333333333333,
      0.3333333333333333,
      0.24242424242424243,
      0.030303030303030304,
      0.06060606060606061
    ],
    "non_winners_density": [
      0.08045977011494253,
      0.19540229885057472,
      0.3019853709508882,
      0.2769070010449321,
      0.1452455590386625
    ],
    "winners_count": [
      11,
      11,
      8,
      1,
      2
    ],
    "non_winners_count": [
      77,
      187,
      289,
      265,
      139
    ],
    "winners_mean": 1.1515151515151516,
    "non_winners_mean": 2.211076280041797
  },