round,mean_madness,std_madness,losers_mean_madness,losers_std_madness
First Round,16.235548003747954,1.855555988453483,19.12627448323206,3.6868053022405283
Second Round,7.653726384892861,1.6699244850554922,9.442577300178815,2.158342623217353
Sweet 16,4.112796971797275,0.971251978365074,4.811645273497068,1.3081095418191784
Elite 8,1.9126449458656696,0.6640761892230322,2.3819736386073456,0.914612510255405
Final Four,1.1557296517677866,0.37916991786230303,1.245102275117429,0.55060843055228
Championship,0.615415750428166,0.20363409099748173,0.6422119096620693,0.3661308368996757
