round,mean_madness,std_madness,losers_mean_madness,losers_std_madness
First Round,16.129120863700265,1.7781614215359969,19.169577011221705,3.6703796984618315
Second Round,7.365932728934375,1.298242547435669,9.421885953741358,2.0500087811488883
Sweet 16,4.247988236919931,0.8549879978761794,4.774431112162447,1.3238642195114658
Elite 8,1.7988421069552436,0.5470913187545038,2.4179829772917336,0.9053821514741611
Final Four,1.0819747622746583,0.27392886236946223,1.2284258136826725,0.544161446528371
Championship,0.5914206658225161,0.13528711253862083,0.6238505962581479,0.35238666127331886
