round,mean_madness,std_madness
First Round,16.14219794232882,1.9172253376512576
Second Round,7.577427603745605,1.53692694992638
Sweet 16,4.073719827434887,0.8593959775855988
Elite 8,1.9593791195669623,0.688080661493323
Final Four,0.9266875061317374,0.3636968024194634
Championship,0.5937083890250398,0.17901570881303502
