round,mean_madness,std_madness
First Round,16.23723711180338,1.961556989671824
Second Round,7.640214385529829,1.5207627236936465
Sweet 16,4.101269621787466,0.9401421978321053
Elite 8,1.9679457501166777,0.6675610003891347
Final Four,0.9601498083560951,0.41827302954334905
Championship,0.5891987040045199,0.21384876641757591
