round,mean_madness,std_madness
First Round,15.406701168584306,2.5140696889946965
Second Round,7.442760144421091,1.335328251872564
Sweet 16,3.9223185489277697,1.0017902343421485
Elite 8,2.091131921342963,0.560152796666678
Final Four,1.1931866622922862,0.3543542365442915
Championship,0.5256302805071672,0.10225824919170935
