round,mean_madness,std_madness
First Round,16.312418535808764,1.7028994765532253
Second Round,7.609388940744319,1.7883391469994387
Sweet 16,3.9030896308710483,1.174706464064001
Elite 8,1.8720440373262388,0.5526478458865047
Final Four,0.8759854432473518,0.41337786971677865
Championship,0.5734355703268602,0.15272804630481146
