round,max_advantage_upsets,max_advantage,max_density_upsets,mode_upsets,mean_upsets,std_upsets,num_pools
First Round,2.0,0.19853709508881923,2.0,2.0,5.636363636363637,3.5913885372296264,33
Second Round,1.0,0.1588296760710554,1.0,1.0,3.484848484848485,2.1337293020950234,33
Sweet 16,2.0,0.14942528735632182,2.0,2.0,2.3333333333333335,1.5308279927654653,33
Elite 8,0.0,0.2528735632183908,0.0,0.0,1.1515151515151516,1.1042949792902181,33
Final Four,,,,0.0,0.30303030303030304,0.5854938345559502,33
Championship,,,,0.0,0.06060606060606061,0.24230584229877994,33
Total Upsets,3.0,0.08881922675026123,3.0,3.0,12.969696969696969,7.18788900811783,33
