round,max_advantage_upsets,max_advantage,max_density_upsets,mode_upsets,mean_upsets,std_upsets,num_pools
First Round,3.0,0.12748171368861025,3.0,3.0,6.121212121212121,3.998163030901974,33
Second Round,1.0,0.10449320794148381,4.0,4.0,4.393939393939394,2.1872827191052835,33
Sweet 16,0.0,0.13270637408568442,3.0,3.0,2.5454545454545454,1.8437594842637888,33
Elite 8,0.0,0.1954022988505747,2.0,2.0,1.2727272727272727,1.0231480615838868,33
Final Four,,,,0.0,0.48484848484848486,0.6671399834935375,33
Championship,,,,0.0,0.15151515151515152,0.36410954062720957,33
Total Upsets,2.0,0.0877742946708464,2.0,2.0,14.969696969696969,8.674186184811731,33
