round,max_advantage_upsets,max_advantage,max_density_upsets,mode_upsets,mean_upsets,std_upsets,num_pools
First Round,1.0,0.18620689655172415,1.0,1.0,4.95,3.5843409436045564,20
Second Round,1.0,0.3379310344827586,1.0,1.0,3.1,2.507987240796891,20
Sweet 16,2.0,0.28448275862068967,2.0,2.0,1.85,1.49248115565993,20
Elite 8,1.0,0.25689655172413794,1.0,1.0,1.25,0.9420721840708386,20
Final Four,,,,0.0,0.35,0.5871429486123998,20
Championship,,,,0.0,0.05,0.22360679774997894,20
Total Upsets,7.0,0.14310344827586208,7.0,7.0,11.55,7.331268648740134,20
