round,max_advantage_upsets,max_advantage,max_density_upsets,mode_upsets,mean_upsets,std_upsets,num_pools
First Round,2.0,0.12281246764005384,2.0,2.0,5.66066066066066,3.2441467988388535,333
Second Round,3.0,0.10779745262503884,3.0,3.0,3.810810810810811,2.308803546657945,333
Sweet 16,1.0,0.12622967795381587,2.0,2.0,2.4294294294294296,1.5515095735223507,333
Elite 8,0.0,0.18100859480169826,1.0,1.0,1.2702702702702702,0.9919733051171751,333
Final Four,,,,0.0,0.38738738738738737,0.5516323723076739,333
Championship,,,,0.0,0.08108108108108109,0.27337036756731337,333
Total Upsets,5.0,0.06668737703220462,5.0,5.0,13.63963963963964,7.1887375956066695,333
