round,max_advantage_upsets,max_advantage,max_density_upsets,mode_upsets,mean_upsets,std_upsets,num_pools
First Round,2.0,0.0990990990990991,2.0,2.0,5.384384384384385,3.2681917743410143,333
Second Round,2.0,0.14238376307341824,3.0,3.0,3.6336336336336337,2.354028751156447,333
Sweet 16,1.0,0.1844258051154603,1.0,1.0,2.2732732732732734,1.5769855039524214,333
Elite 8,0.0,0.22936729833281558,1.0,1.0,1.1951951951951951,1.0430843503278322,333
Final Four,,,,0.0,0.30930930930930933,0.5464594175265325,333
Championship,,,,0.0,0.06906906906906907,0.2539531512827118,333
Total Upsets,5.0,0.05798902350626488,9.0,9.0,12.864864864864865,7.419016009910753,333
