round,max_advantage_upsets,max_advantage,max_density_upsets,mode_upsets,mean_upsets,std_upsets,losers_mean_upsets,losers_std_upsets,num_pools
First Round,2.0,0.11121466293880086,2.0,2.0,5.372372372372372,3.366423961381757,10.232059645852749,3.7022470127370326,333
Second Round,2.0,0.11722066894480687,3.0,3.0,3.6726726726726726,2.3591374469194077,6.885575230402817,2.769240366167589,333
Sweet 16,1.0,0.17810914362638502,1.0,1.0,2.3843843843843846,1.525359996694522,4.1528424976700835,1.773798358463973,333
Elite 8,0.0,0.2219115667391529,1.0,1.0,1.2012012012012012,1.0186246387719433,2.2285388837112974,1.1433730468971341,333
Final Four,,,,0.0,0.35435435435435436,0.5813004381178312,0.8928238583410997,0.7578297723764068,333
Championship,,,,0.0,0.1021021021021021,0.30323818885871684,0.3542508025266646,0.4782856588231333,333
Total Upsets,6.0,0.05426115770943357,16.0,16.0,13.087087087087086,7.312927069631501,24.746090918504713,8.703243334583535,333
