{
  "First Round": {
    "bin_center": [
      0.0,
      1.0,
      2.0,
      3.0,
      4.0,
      5.0,
      6.0,
      7.0,
      8.0,
      9.0,
      10.0,
      11.0,
      12.0,
      13.0,
      14.0,
      15.0,
      16.0,
      17.0,
      18.0,
      19.0,
      20.0,
      21.0,
      22.0,
      23.0,
      24.0,
      25.0,
      26.0,
      27.0,
      28.0,
      29.0,
      30.0,
      31.0,
      32.0
    ],
    "bin_start": [
      -0.5,
      0.5,
      1.5,
      2.5,
      3.5,
      4.5,
      5.5,
      6.5,
      7.5,
      8.5,
      9.5,
      10.5,
      11.5,
      12.5,
      13.5,
      14.5,
      15.5,
      16.5,
      17.5,
      18.5,
      19.5,
      20.5,
      21.5,
      22.5,
      23.5,
      24.5,
      25.5,
      26.5,
      27.5,
      28.5,
      29.5,
      30.5,
      31.5
    ],
    "bin_end": [
      0.5,
      1.5,
      2.5,
      3.5,
      4.5,
      5.5,
      6.5,
      7.5,
      8.5,
      9.5,
      10.5,
      11.5,
      12.5,
      13.5,
      14.5,
      15.5,
      16.5,
      17.5,
      18.5,
      19.5,
      20.5,
      21.5,
      22.5,
      23.5,
      24.5,
      25.5,
      26.5,
      27.5,
      28.5,
      29.5,
      30.5,
      31.5,
      32.5
    ],
    "winners_density": [
      0.1,
      0.3,
      0.25,
      0.1,
      0.1,
      0.1,
      0.0,
      0.05,
      0.0,
      0.0,
      0.0,
      0.0,
      0.0,
      0.0,
      0.0,
      0.0,
      0.0,
      0.0,
      0.0,
      0.0,
      0.0,
      0.0,
      0.0,
      0.0,
      0.0,
      0.0,
      0.0,
      0.0,
      0.0,
      0.0,
      0.0,
      0.0,
      0.0
    ],
    "non_winners_density": [
      0.005263157894736842,
      0.013157894736842105,
      0.02894736842105263,
      0.034210526315789476,
      0.06842105263157895,
      0.08157894736842106,
      0.08421052631578947,
      0.09736842105263158,
      0.08421052631578947,
      0.11578947368421053,
      0.10526315789473684,
      0.07894736842105263,
      0.05263157894736842,
      0.04473684210526316,
      0.03684210526315789,
      0.03684210526315789,
      0.007894736842105263,
      0.021052631578947368,
      0.002631578947368421,
      0.0,
      0.0,
      0.0,
      0.0,
      0.0,
      0.0,
      0.0,
      0.0,
      0.0,
      0.0,
      0.0,
      0.0,
      0.0,
      0.0
    ],
    "winners_count": [
      2,
      6,
      5,
      2,
      2,
      2,
      0,
      1,
      0,
      0,
      0,
      0,
      0,
      0,
      0,
      0,
      0,
      0,
      0,
      0,
      0,
      0,
      0,
      0,
      0,
      0,
      0,
      0,
      0,
      0,
      0,
      0,
      0
    ],
    "non_winners_count": [
      2,
      5,
      11,
      13,
      26,
      31,
      32,
      37,
      32,
      44,
      40,
      30,
      20,
      17,
      14,
      14,
      3,
      8,
      1,
      0,
      0,
      0,
      0,
      0,
      0,
      0,
      0,
      0,
      0,
      0,
      0,
      0,
      0
    ],
    "winners_mean": 2.35,
    "non_winners_mean": 8.492105263157894
  },
  "Second Round": {
    "bin_center": [
      0.0,
      1.0,
      2.0,
      3.0,
      4.0,
      5.0,
      6.0,
      7.0,
      8.0,
      9.0,
      10.0,
      11.0,
      12.0,
      13.0,
      14.0,
      15.0,
      16.0
    ],
    "bin_start": [
      -0.5,
      0.5,
      1.5,
      2.5,
      3.5,
      4.5,
      5.5,
      6.5,
      7.5,
      8.5,
      9.5,
      10.5,
      11.5,
      12.5,
      13.5,
      14.5,
      15.5
    ],
    "bin_end": [
      0.5,
      1.5,
      2.5,
      3.5,
      4.5,
      5.5,
      6.5,
      7.5,
      8.5,
      9.5,
      10.5,
      11.5,
      12.5,
      13.5,
      14.5,
      15.5,
      16.5
    ],
    "winners_density": [
      0.2,
      0.25,
      0.3,
      0.05,
      0.05,
      0.05,
      0.05,
      0.05,
      0.0,
      0.0,
      0.0,
      0.0,
      0.0,
      0.0,
      0.0,
      0.0,
      0.0
    ],
    "non_winners_density": [
      0.007894736842105263,
      0.021052631578947368,
      0.03684210526315789,
      0.0868421052631579,
      0.1,
      0.12631578947368421,
      0.15526315789473685,
      0.12631578947368421,
      0.12631578947368421,
      0.06315789473684211,
      0.05789473684210526,
      0.05,
      0.015789473684210527,
      0.021052631578947368,
      0.005263157894736842,
      0.0,
      0.0
    ],
    "winners_count": [
      4,
      5,
      6,
      1,
      1,
      1,
      1,
      1,
      0,
      0,
      0,
      0,
      0,
      0,
      0,
      0,
      0
    ],
    "non_winners_count": [
      3,
      8,
      14,
      33,
      38,
      48,
      59,
      48,
      48,
      24,
      22,
      19,
      6,
      8,
      2,
      0,
      0
    ],
    "winners_mean": 2.1,
    "non_winners_mean": 6.447368421052632
  },
  "Sweet 16": {
    "bin_center": [
      0.0,
      1.0,
      2.0,
      3.0,
      4.0,
      5.0,
      6.0,
      7.0,
      8.0
    ],
    "bin_start": [
      -0.5,
      0.5,
      1.5,
      2.5,
      3.5,
      4.5,
      5.5,
      6.5,
      7.5
    ],
    "bin_end": [
      0.5,
      1.5,
      2.5,
      3.5,
      4.5,
      5.5,
      6.5,
      7.5,
      8.5
    ],
    "winners_density": [
      0.35,
      0.3,
      0.15,
      0.15,
      0.05,
      0.0,
      0.0,
      0.0,
      0.0
    ],
    "non_winners_density": [
      0.021052631578947368,
      0.05789473684210526,
      0.09210526315789473,
      0.12105263157894737,
      0.2789473684210526,
      0.19210526315789472,
      0.1394736842105263,
      0.07368421052631578,
      0.02368421052631579
    ],
    "winners_count": [
      7,
      6,
      3,
      3,
      1,
      0,
      0,
      0,
      0
    ],
    "non_winners_count": [
      8,
      22,
      35,
      46,
      106,
      73,
      53,
      28,
      9
    ],
    "winners_mean": 1.25,
    "non_winners_mean": 4.223684210526316
  },
  "Elite 8": {
    "bin_center": [
      0.0,
      1.0,
      2.0,
      3.0,
      4.0
    ],
    "bin_start": [
      -0.5,
      0.5,
      1.5,
      2.5,
      3.5
    ],
    "bin_end": [
      0.5,
      1.5,
      2.5,
      3.5,
      4.5
    ],
    "winners_density": [
      0.45,
      0.4,
      0.15,
      0.0,
      0.0
    ],
    "non_winners_density": [
      0.060526315789473685,
      0.16842105263157894,
      0.3026315789473684,
      0.3157894736842105,
      0.15263157894736842
    ],
    "winners_count": [
      9,
      8,
      3,
      0,
      0
    ],
    "non_winners_count": [
      23,
      64,
      115,
      120,
      58
    ],
    "winners_mean": 0.7,
    "non_winners_mean": 2.331578947368421
  },
  "Total Upsets": {
    "bin_center": [
      0.0,
      1.0,
      2.0,
      3.0,
      4.0,
      5.0,
      6.0,
      7.0,
      8.0,
      9.0,
      10.0,
      11.0,
      12.0,
      13.0,
      14.0,
      15.0,
      16.0,
      17.0,
      18.0,
      19.0,
      20.0,
      21.0,
      22.0,
      23.0,
      24.0,
      25.0,
      26.0,
      27.0,
      28.0,
      29.0,
      30.0,
      31.0,
      32.0,
      33.0,
      34.0,
      35.0,
      36.0,
      37.0,
      38.0,
      39.0,
      40.0,
      41.0,
      42.0,
      43.0,
      44.0,
      45.0
    ],
    "bin_start": [
      -0.5,
      0.5,
      1.5,
      2.5,
      3.5,
      4.5,
      5.5,
      6.5,
      7.5,
      8.5,
      9.5,
      10.5,
      11.5,
      12.5,
      13.5,
      14.5,
      15.5,
      16.5,
      17.5,
      18.5,
      19.5,
      20.5,
      21.5,
      22.5,
      23.5,
      24.5,
      25.5,
      26.5,
      27.5,
      28.5,
      29.5,
      30.5,
      31.5,
      32.5,
      33.5,
      34.5,
      35.5,
      36.5,
      37.5,
      38.5,
      39.5,
      40.5,
      41.5,
      42.5,
      43.5,
      44.5
    ],