{
  "First Round": {
    "bin_center": [
      0.0,
      1.0,
      2.0,
      3.0,
      4.0,
      5.0,
      6.0,
      7.0,
      8.0,
      9.0,
      10.0,
      11.0,
      12.0,
      13.0,
      14.0,
      15.0,
      16.0,
      17.0,
      18.0,
      19.0,
      20.0,
      21.0,
      22.0,
      23.0,
      24.0,
      25.0,
      26.0,
      27.0,
      28.0,
      29.0,
      30.0,
      31.0,
      32.0
    ],
    "bin_start": [
      -0.5,
      0.5,
      1.5,
      2.5,
      3.5,
      4.5,
      5.5,
      6.5,
      7.5,
      8.5,
      9.5,
      10.5,
      11.5,
      12.5,
      13.5,
      14.5,
      15.5,
      16.5,
      17.5,
      18.5,
      19.5,
      20.5,
      21.5,
      22.5,
      23.5,
      24.5,
      25.5,
      26.5,
      27.5,
      28.5,
      29.5,
      30.5,
      31.5
    ],
    "bin_end": [
      0.5,
      1.5,
      2.5,
      3.5,
      4.5,
      5.5,
      6.5,
      7.5,
      8.5,
      9.5,
      10.5,
      11.5,
      12.5,
      13.5,
      14.5,
      15.5,
      16.5,
      17.5,
      18.5,
      19.5,
      20.5,
      21.5,
      22.5,
      23.5,
      24.5,
      25.5,
      26.5,
      27.5,
      28.5,
      29.5,
      30.5,
      31.5,
      32.5
    ],
    "winners_density": [
      0.08,
      0.24,
      0.14,
      0.16,
      0.12,
      0.08,
      0.02,
      0.06,
      0.04,
      0.02,
      0.04,
      0.0,
      0.0,
      0.0,
      0.0,
      0.0,
      0.0,
      0.0,
      0.0,
      0.0,
      0.0,
      0.0,
      0.0,
      0.0,
      0.0,
      0.0,
      0.0,
      0.0,
      0.0,
      0.0,
      0.0,
      0.0,
      0.0
    ],
    "non_winners_density": [
      0.00631578947368421,
      0.01263157894736842,
      0.024210526315789474,
      0.02631578947368421,
      0.037894736842105266,
      0.06526315789473684,
      0.08421052631578947,
      0.10421052631578948,
      0.12736842105263158,
      0.10736842105263159,
      0.10631578947368421,
      0.08210526315789474,
      0.06631578947368422,
      0.049473684210526316,
      0.031578947368421054,
      0.031578947368421054,
      0.018947368421052633,
      0.004210526315789474,
      0.005263157894736842,
      0.004210526315789474,
      0.003157894736842105,
      0.0,
      0.0,
      0.0010526315789473684,
      0.0,
      0.0,
      0.0,
      0.0,
      0.0,
      0.0,
      0.0,
      0.0,
      0.0
    ],
    "winners_count": [
      4,
      12,
      7,
      8,
      6,
      4,
      1,
      3,
      2,
      1,
      2,
      0,
      0,
      0,
      0,
      0,
      0,
      0,
      0,
      0,
      0,
      0,
      0,
      0,
      0,
      0,
      0,
      0,
      0,
      0,
      0,
      0,
      0
    ],
    "non_winners_count": [
      6,
      12,
      23,
      25,
      36,
      62,
      80,
      99,
      121,
      102,
      101,
      78,
      63,
      47,
      30,
      30,
      18,
      4,
      5,
      4,
      3,
      0,
      0,
      1,
      0,
      0,
      0,
      0,
      0,
      0,
      0,
      0,
      0
    ],
    "winners_mean": 3.32,
    "non_winners_mean": 8.795789473684211
  },
  "Second Round": {
    "bin_center": [
      0.0,
      1.0,
      2.0,
      3.0,
      4.0,
      5.0,
      6.0,
      7.0,
      8.0,
      9.0,
      10.0,
      11.0,
      12.0,
      13.0,
      14.0,
      15.0,
      16.0
    ],
    "bin_start": [
      -0.5,
      0.5,
      1.5,
      2.5,
      3.5,
      4.5,
      5.5,
      6.5,
      7.5,
      8.5,
      9.5,
      10.5,
      11.5,
      12.5,
      13.5,
      14.5,
      15.5
    ],
    "bin_end": [
      0.5,
      1.5,
      2.5,
      3.5,
      4.5,
      5.5,
      6.5,
      7.5,
      8.5,
      9.5,
      10.5,
      11.5,
      12.5,
      13.5,
      14.5,
      15.5,
      16.5
    ],
    "winners_density": [
      0.14,
      0.18,
      0.3,
      0.1,
      0.12,
      0.08,
      0.06,
      0.0,
      0.02,
      0.0,
      0.0,
      0.0,
      0.0,
      0.0,
      0.0,
      0.0,
      0.0
    ],
    "non_winners_density": [
      0.011578947368421053,
      0.021052631578947368,
      0.031578947368421054,
      0.06631578947368422,
      0.10947368421052632,
      0.12,
      0.14210526315789473,
      0.1463157894736842,
      0.11789473684210526,
      0.09894736842105263,
      0.05789473684210526,
      0.04736842105263158,
      0.01263157894736842,
      0.010526315789473684,
      0.005263157894736842,
      0.0010526315789473684,
      0.0
    ],
    "winners_count": [
      7,
      9,
      15,
      5,
      6,
      4,
      3,
      0,
      1,
      0,
      0,
      0,
      0,
      0,
      0,
      0,
      0
    ],
    "non_winners_count": [
      11,
      20,
      30,
      63,
      104,
      114,
      135,
      139,
      112,
      94,
      55,
      45,
      12,
      10,
      5,
      1,
      0
    ],
    "winners_mean": 2.48,
    "non_winners_mean": 6.509473684210526
  },
  "Sweet 16": {
    "bin_center": [
      0.0,
      1.0,
      2.0,
      3.0,
      4.0,
      5.0,
      6.0,
      7.0,
      8.0
    ],
    "bin_start": [
      -0.5,
      0.5,
      1.5,
      2.5,
      3.5,
      4.5,
      5.5,
      6.5,
      7.5
    ],
    "bin_end": [
      0.5,
      1.5,
      2.5,
      3.5,
      4.5,
      5.5,
      6.5,
      7.5,
      8.5
    ],
    "winners_density": [
      0.28,
      0.26,
      0.28,
      0.1,
      0.08,
      0.0,
      0.0,
      0.0,
      0.0
    ],
    "non_winners_density": [
      0.02526315789473684,
      0.05052631578947368,
      0.11368421052631579,
      0.1631578947368421,
      0.22210526315789475,
      0.19157894736842104,
      0.14421052631578948,
      0.06736842105263158,
      0.022105263157894735
    ],
    "winners_count": [
      14,
      13,
      14,
      5,
      4,
      0,
      0,
      0,
      0
    ],
    "non_winners_count": [
      24,
      48,
      108,
      155,
      211,
      182,
      137,
      64,
      21
    ],
    "winners_mean": 1.44,
    "non_winners_mean": 4.127368421052632
  },
  "Elite 8": {
    "bin_center": [
      0.0,
      1.0,
      2.0,
      3.0,
      4.0
    ],
    "bin_start": [
      -0.5,
      0.5,
      1.5,
      2.5,
      3.5
    ],
    "bin_end": [
      0.5,
      1.5,
      2.5,
      3.5,
      4.5
    ],
    "winners_density": [
      0.28,
      0.44,
      0.24,
      0.04,
      0.0
    ],
    "non_winners_density": [
      0.0431578947368421,
      0.16526315789473683,
      0.29789473684210527,
      0.31157894736842107,
      0.18210526315789474
    ],
    "winners_count": [
      14,
      22,
      12,
      2,
      0
    ],
    "non_winners_count": [
      41,
      157,
      283,
      296,
      173
    ],
    "winners_mean": 1.04,
    "non_winners_mean": 2.4242105263157896
  },
  "Total Upsets": {
    "bin_center": [
      0.0,
      1.0,
      2.0,
      3.0,
      4.0,
      5.0,
      6.0,
      7.0,
      8.0,
      9.0,
      10.0,
      11.0,
      12.0,
      13.0,
      14.0,
      15.0,
      16.0,
      17.0,
      18.0,
      19.0,
      20.0,
      21.0,
      22.0,
      23.0,
      24.0,
      25.0,
      26.0,
      27.0,
      28.0,
      29.0,
      30.0,
      31.0,
      32.0,
      33.0,
      34.0,
      35.0,
      36.0,
      37.0,
      38.0,
      39.0,
      40.0,
      41.0,
      42.0,
      43.0,
      44.0,
      45.0,
      46.0,
      47.0,
      48.0,
      49.0,
      50.0
    ],