{
  "First Round": {
    "bin_center": [
      0.0,
      1.0,
      2.0,
      3.0,
      4.0,
      5.0,
      6.0,
      7.0,
      8.0,
      9.0,
      10.0,
      11.0,
      12.0,
      13.0,
      14.0,
      15.0,
      16.0,
      17.0,
      18.0,
      19.0,
      20.0,
      21.0,
      22.0,
      23.0,
      24.0,
      25.0,
      26.0,
      27.0,
      28.0,
      29.0,
      30.0,
      31.0,
      32.0
    ],
    "bin_start": [
      -0.5,
      0.5,
      1.5,
      2.5,
      3.5,
      4.5,
      5.5,
      6.5,
      7.5,
      8.5,
      9.5,
      10.5,
      11.5,
      12.5,
      13.5,
      14.5,
      15.5,
      16.5,
      17.5,
      18.5,
      19.5,
      20.5,
      21.5,
      22.5,
      23.5,
      24.5,
      25.5,
      26.5,
      27.5,
      28.5,
      29.5,
      30.5,
      31.5
    ],
    "bin_end": [
      0.5,
      1.5,
      2.5,
      3.5,
      4.5,
      5.5,
      6.5,
      7.5,
      8.5,
      9.5,
      10.5,
      11.5,
      12.5,
      13.5,
      14.5,
      15.5,
      16.5,
      17.5,
      18.5,
      19.5,
      20.5,
      21.5,
      22.5,
      23.5,
      24.5,
      25.5,
      26.5,
      27.5,
      28.5,
      29.5,
      30.5,
      31.5,
      32.5
    ],
    "winners_density": [
      0.25,
      0.25,
      0.35,
      0.0,
      0.0,
      0.0,
      0.05,
      0.05,
      0.0,
      0.05,
      0.0,
      0.0,
      0.0,
      0.0,
      0.0,
      0.0,
      0.0,
      0.0,
      0.0,
      0.0,
      0.0,
      0.0,
      0.0,
      0.0,
      0.0,
      0.0,
      0.0,
      0.0,
      0.0,
      0.0,
      0.0,
      0.0,
      0.0
    ],
    "non_winners_density": [
      0.005263157894736842,
      0.007894736842105263,
      0.015789473684210527,
      0.034210526315789476,
      0.06842105263157895,
      0.05263157894736842,
      0.09473684210526316,
      0.10789473684210527,
      0.09210526315789473,
      0.0868421052631579,
      0.09210526315789473,
      0.10526315789473684,
      0.06578947368421052,
      0.04736842105263158,
      0.05526315789473684,
      0.031578947368421054,
      0.021052631578947368,
      0.013157894736842105,
      0.002631578947368421,
      0.0,
      0.0,
      0.0,
      0.0,
      0.0,
      0.0,
      0.0,
      0.0,
      0.0,
      0.0,
      0.0,
      0.0,
      0.0,
      0.0
    ],
    "winners_count": [
      5,
      5,
      7,
      0,
      0,
      0,
      1,
      1,
      0,
      1,
      0,
      0,
      0,
      0,
      0,
      0,
      0,
      0,
      0,
      0,
      0,
      0,
      0,
      0,
      0,
      0,
      0,
      0,
      0,
      0,
      0,
      0,
      0
    ],
    "non_winners_count": [
      2,
      3,
      6,
      13,
      26,
      20,
      36,
      41,
      35,
      33,
      35,
      40,
      25,
      18,
      21,
      12,
      8,
      5,
      1,
      0,
      0,
      0,
      0,
      0,
      0,
      0,
      0,
      0,
      0,
      0,
      0,
      0,
      0
    ],
    "winners_mean": 2.05,
    "non_winners_mean": 8.860526315789473
  },
  "Second Round": {
    "bin_center": [
      0.0,
      1.0,
      2.0,
      3.0,
      4.0,
      5.0,
      6.0,
      7.0,
      8.0,
      9.0,
      10.0,
      11.0,
      12.0,
      13.0,
      14.0,
      15.0,
      16.0
    ],
    "bin_start": [
      -0.5,
      0.5,
      1.5,
      2.5,
      3.5,
      4.5,
      5.5,
      6.5,
      7.5,
      8.5,
      9.5,
      10.5,
      11.5,
      12.5,
      13.5,
      14.5,
      15.5
    ],
    "bin_end": [
      0.5,
      1.5,
      2.5,
      3.5,
      4.5,
      5.5,
      6.5,
      7.5,
      8.5,
      9.5,
      10.5,
      11.5,
      12.5,
      13.5,
      14.5,
      15.5,
      16.5
    ],
    "winners_density": [
      0.3,
      0.35,
      0.05,
      0.2,
      0.05,
      0.0,
      0.0,
      0.0,
      0.0,
      0.05,
      0.0,
      0.0,
      0.0,
      0.0,
      0.0,
      0.0,
      0.0
    ],
    "non_winners_density": [
      0.005263157894736842,
      0.02368421052631579,
      0.042105263157894736,
      0.06578947368421052,
      0.1,
      0.13157894736842105,
      0.12894736842105264,
      0.14210526315789473,
      0.11578947368421053,
      0.08421052631578947,
      0.06842105263157895,
      0.034210526315789476,
      0.034210526315789476,
      0.010526315789473684,
      0.013157894736842105,
      0.0,
      0.0
    ],
    "winners_count": [
      6,
      7,
      1,
      4,
      1,
      0,
      0,
      0,
      0,
      1,
      0,
      0,
      0,
      0,
      0,
      0,
      0
    ],
    "non_winners_count": [
      2,
      9,
      16,
      25,
      38,
      50,
      49,
      54,
      44,
      32,
      26,
      13,
      13,
      4,
      5,
      0,
      0
    ],
    "winners_mean": 1.7,
    "non_winners_mean": 6.6078947368421055
  },
  "Sweet 16": {
    "bin_center": [
      0.0,
      1.0,
      2.0,
      3.0,
      4.0,
      5.0,
      6.0,
      7.0,
      8.0
    ],
    "bin_start": [
      -0.5,
      0.5,
      1.5,
      2.5,
      3.5,
      4.5,
      5.5,
      6.5,
      7.5
    ],
    "bin_end": [
      0.5,
      1.5,
      2.5,
      3.5,
      4.5,
      5.5,
      6.5,
      7.5,
      8.5
    ],
    "winners_density": [
      0.35,
      0.3,
      0.3,
      0.0,
      0.0,
      0.05,
      0.0,
      0.0,
      0.0
    ],
    "non_winners_density": [
      0.021052631578947368,
      0.05263157894736842,
      0.09473684210526316,
      0.23421052631578948,
      0.22105263157894736,
      0.14473684210526316,
      0.10526315789473684,
      0.09473684210526316,
      0.031578947368421054
    ],
    "winners_count": [
      7,
      6,
      6,
      0,
      0,
      1,
      0,
      0,
      0
    ],
    "non_winners_count": [
      8,
      20,
      36,
      89,
      84,
      55,
      40,
      36,
      12
    ],
    "winners_mean": 1.15,
    "non_winners_mean": 4.1
  },
  "Elite 8": {
    "bin_center": [
      0.0,
      1.0,
      2.0,
      3.0,
      4.0
    ],
    "bin_start": [
      -0.5,
      0.5,
      1.5,
      2.5,
      3.5
    ],
    "bin_end": [
      0.5,
      1.5,
      2.5,
      3.5,
      4.5
    ],
    "winners_density": [
      0.6,
      0.35,
      0.05,
      0.0,
      0.0
    ],
    "non_winners_density": [
      0.05,
      0.15526315789473685,
      0.29210526315789476,
      0.3236842105263158,
      0.17894736842105263
    ],
    "winners_count": [
      12,
      7,
      1,
      0,
      0
    ],
    "non_winners_count": [
      19,
      59,
      111,
      123,
      68
    ],
    "winners_mean": 0.45,
    "non_winners_mean": 2.4263157894736844
  },
  "Total Upsets": {
    "bin_center": [
      0.0,
      1.0,
      2.0,
      3.0,
      4.0,
      5.0,
      6.0,
      7.0,
      8.0,
      9.0,
      10.0,
      11.0,
      12.0,
      13.0,
      14.0,
      15.0,
      16.0,
      17.0,
      18.0,
      19.0,
      20.0,
      21.0,
      22.0,
      23.0,
      24.0,
      25.0,
      26.0,
      27.0,
      28.0,
      29.0,
      30.0,
      31.0,
      32.0,
      33.0,
      34.0,
      35.0,
      36.0,
      37.0,
      38.0,
      39.0,
      40.0,
      41.0,
      42.0,
      43.0,
      44.0,
      45.0
    ],
    "bin_start": [
      -0.5,
      0.5,
      1.5,
      2.5,
      3.5,
      4.5,
      5.5,
      6.5,
      7.5,
      8.5,
      9.5,
      10.5,
      11.5,
      12.5,
      13.5,
      14.5,
      15.5,
      16.5,
      17.5,
      18.5,
      19.5,
      20.5,
      21.5,
      22.5,
      23.5,
      24.5,
      25.5,
      26.5,
      27.5,
      28.5,
      29.5,
      30.5,
      31.5,
      32.5,
      33.5,
      34.5,
      35.5,
      36.5,
      37.5,
      38.5,
      39.5,
      40.5,
      41.5,
      42.5,
      43.5,
      44.5
    ],