round,mean_madness,std_madness
First Round,13.15643393026135,2.142695941537441
Second Round,7.274668561702478,1.2171201990011635
Sweet 16,3.9045374998893383,0.5605508930501537
Elite 8,2.0656923862805794,0.4141252858696428
Final Four,1.157765711025435,0.22778318965665853
Championship,0.5948812711739193,0.11645836164266575
