round,mean_madness,std_madness
First Round,12.014060217976802,1.527600226068603
Second Round,7.368523212174038,1.4457404206729514
Sweet 16,3.7701211836604793,0.44324626708314613
Elite 8,2.002644194689501,0.3774797035926138
Final Four,1.1486602565637232,0.2356314684436392
Championship,0.6471169639618226,0.17766706123112877
