round,max_advantage_upsets,max_advantage,max_density_upsets,mode_upsets,mean_upsets,std_upsets,num_pools
First Round,1.0,0.22736842105263158,1.0,1.0,3.32,2.641514716975849,50
Second Round,2.0,0.26842105263157895,2.0,2.0,2.48,1.8680471086136987,50
Sweet 16,0.0,0.2547368421052632,0.0,0.0,1.44,1.2191800523302536,50
Elite 8,1.0,0.27473684210526317,1.0,1.0,1.04,0.82365041127896,50
Final Four,,,,0.0,0.24,0.4314191105869,50
Championship,,,,0.0,0.02,0.14142135623730948,50
Total Upsets,3.0,0.13263157894736843,3.0,3.0,8.54,5.492576808748331,50
