{
  "First Round": {
    "bin_center": [
      0.0,
      1.0,
      2.0,
      3.0,
      4.0,
      5.0,
      6.0,
      7.0,
      8.0,
      9.0,
      10.0,
      11.0,
      12.0,
      13.0,
      14.0,
      15.0,
      16.0,
      17.0,
      18.0,
      19.0,
      20.0,
      21.0,
      22.0,
      23.0,
      24.0,
      25.0,
      26.0,
      27.0,
      28.0,
      29.0,
      30.0,
      31.0,
      32.0
    ],
    "bin_start": [
      -0.5,
      0.5,
      1.5,
      2.5,
      3.5,
      4.5,
      5.5,
      6.5,
      7.5,
      8.5,
      9.5,
      10.5,
      11.5,
      12.5,
      13.5,
      14.5,
      15.5,
      16.5,
      17.5,
      18.5,
      19.5,
      20.5,
      21.5,
      22.5,
      23.5,
      24.5,
      25.5,
      26.5,
      27.5,
      28.5,
      29.5,
      30.5,
      31.5
    ],
    "bin_end": [
      0.5,
      1.5,
      2.5,
      3.5,
      4.5,
      5.5,
      6.5,
      7.5,
      8.5,
      9.5,
      10.5,
      11.5,
      12.5,
      13.5,
      14.5,
      15.5,
      16.5,
      17.5,
      18.5,
      19.5,
      20.5,
      21.5,
      22.5,
      23.5,
      24.5,
      25.5,
      26.5,
      27.5,
      28.5,
      29.5,
      30.5,
      31.5,
      32.5
    ],
    "winners_density": [
      0.0,
      0.0,
      0.0,
      0.0,
      0.08,
      0.04,
      0.04,
      0.1,
      0.02,
      0.18,
      0.2,
      0.14,
      0.06,
      0.02,
      0.02,
      0.04,
      0.06,
      0.0,
      0.0,
      0.0,
      0.0,
      0.0,
      0.0,
      0.0,
      0.0,
      0.0,
      0.0,
      0.0,
      0.0,
      0.0,
      0.0,
      0.0,
      0.0
    ],
    "non_winners_density": [
      0.0036180904522613066,
      0.005829145728643216,
      0.012663316582914573,
      0.017386934673366834,
      0.026030150753768844,
      0.04130653266331658,
      0.0535678391959799,
      0.07306532663316583,
      0.09005025125628141,
      0.10412060301507538,
      0.11236180904522614,
      0.11296482412060302,
      0.09939698492462312,
      0.08120603015075377,
      0.06512562814070352,
      0.042110552763819094,
      0.0264321608040201,
      0.01648241206030151,
      0.009246231155778894,
      0.0035175879396984926,
      0.0021105527638190956,
      0.0010050251256281408,
      0.00030150753768844223,
      0.0,
      0.00010050251256281407,
      0.0,
      0.0,
      0.0,
      0.0,
      0.0,
      0.0,
      0.0,
      0.0
    ],
    "winners_count": [
      0,
      0,
      0,
      0,
      4,
      2,
      2,
      5,
      1,
      9,
      10,
      7,
      3,
      1,
      1,
      2,
      3,
      0,
      0,
      0,
      0,
      0,
      0,
      0,
      0,
      0,
      0,
      0,
      0,
      0,
      0,
      0,
      0
    ],
    "non_winners_count": [
      36,
      58,
      126,
      173,
      259,
      411,
      533,
      727,
      896,
      1036,
      1118,
      1124,
      989,
      808,
      648,
      419,
      263,
      164,
      92,
      35,
      21,
      10,
      3,
      0,
      1,
      0,
      0,
      0,
      0,
      0,
      0,
      0,
      0
    ],
    "winners_mean": 9.6,
    "non_winners_mean": 10.051155778894472
  },
  "Second Round": {
    "bin_center": [
      0.0,
      1.0,
      2.0,
      3.0,
      4.0,
      5.0,
      6.0,
      7.0,
      8.0,
      9.0,
      10.0,
      11.0,
      12.0,
      13.0,
      14.0,
      15.0,
      16.0
    ],
    "bin_start": [
      -0.5,
      0.5,
      1.5,
      2.5,
      3.5,
      4.5,
      5.5,
      6.5,
      7.5,
      8.5,
      9.5,
      10.5,
      11.5,
      12.5,
      13.5,
      14.5,
      15.5
    ],
    "bin_end": [
      0.5,
      1.5,
      2.5,
      3.5,
      4.5,
      5.5,
      6.5,
      7.5,
      8.5,
      9.5,
      10.5,
      11.5,
      12.5,
      13.5,
      14.5,
      15.5,
      16.5
    ],
    "winners_density": [
      0.0,
      0.0,
      0.04,
      0.06,
      0.14,
      0.14,
      0.18,
      0.1,
      0.18,
      0.08,
      0.02,
      0.06,
      0.0,
      0.0,
      0.0,
      0.0,
      0.0
    ],
    "non_winners_density": [
      0.006331658291457287,
      0.016180904522613067,
      0.03447236180904523,
      0.05507537688442211,
      0.09125628140703518,
      0.12170854271356783,
      0.14030150753768844,
      0.14492462311557788,
      0.1307537688442211,
      0.10793969849246231,
      0.07276381909547738,
      0.043417085427135675,
      0.023015075376884422,
      0.00914572864321608,
      0.0022110552763819095,
      0.0005025125628140704,
      0.0
    ],
    "winners_count": [
      0,
      0,
      2,
      3,
      7,
      7,
      9,
      5,
      9,
      4,
      1,
      3,
      0,
      0,
      0,
      0,
      0
    ],
    "non_winners_count": [
      63,
      161,
      343,
      548,
      908,
      1211,
      1396,
      1442,
      1301,
      1074,
      724,
      432,
      229,
      91,
      22,
      5,
      0
    ],
    "winners_mean": 6.32,
    "non_winners_mean": 6.736482412060301
  },
  "Sweet 16": {
    "bin_center": [
      0.0,
      1.0,
      2.0,
      3.0,
      4.0,
      5.0,
      6.0,
      7.0,
      8.0
    ],
    "bin_start": [
      -0.5,
      0.5,
      1.5,
      2.5,
      3.5,
      4.5,
      5.5,
      6.5,
      7.5
    ],
    "bin_end": [
      0.5,
      1.5,
      2.5,
      3.5,
      4.5,
      5.5,
      6.5,
      7.5,
      8.5
    ],
    "winners_density": [
      0.04,
      0.04,
      0.18,
      0.18,
      0.28,
      0.18,
      0.06,
      0.04,
      0.0
    ],
    "non_winners_density": [
      0.017085427135678392,
      0.05185929648241206,
      0.11658291457286432,
      0.18592964824120603,
      0.2228140703517588,
      0.198391959798995,
      0.12824120603015077,
      0.0636180904522613,
      0.015477386934673367
    ],
    "winners_count": [
      2,
      2,
      9,
      9,
      14,
      9,
      3,
      2,
      0
    ],
    "non_winners_count": [
      170,
      516,
      1160,
      1850,
      2217,
      1974,
      1276,
      633,
      154
    ],
    "winners_mean": 3.6,
    "non_winners_mean": 4.06462311557789
  },
  "Elite 8": {
    "bin_center": [
      0.0,
      1.0,
      2.0,
      3.0,
      4.0
    ],
    "bin_start": [
      -0.5,
      0.5,
      1.5,
      2.5,
      3.5
    ],
    "bin_end": [
      0.5,
      1.5,
      2.5,
      3.5,
      4.5
    ],
    "winners_density": [
      0.06,
      0.38,
      0.36,
      0.16,
      0.04
    ],
    "non_winners_density": [
      0.07678391959798996,
      0.20824120603015076,
      0.31316582914572866,
      0.2771859296482412,
      0.12462311557788945
    ],
    "winners_count": [
      3,
      19,
      18,
      8,
      2
    ],
    "non_winners_count": [
      764,
      2072,
      3116,
      2758,
      1240
    ],
    "winners_mean": 1.74,
    "non_winners_mean": 2.1646231155778897
  },
  "Total Upsets": {
    "bin_center": [
      0.0,
      1.0,
      2.0,
      3.0,
      4.0,
      5.0,
      6.0,
      7.0,
      8.0,
      9.0,
      10.0,
      11.0,
      12.0,
      13.0,
      14.0,
      15.0,
      16.0,
      17.0,
      18.0,
      19.0,
      20.0,
      21.0,
      22.0,
      23.0,
      24.0,
      25.0,
      26.0,
      27.0,
      28.0,
      29.0,
      30.0,
      31.0,
      32.0,
      33.0,
      34.0,
      35.0,
      36.0,
      37.0,
      38.0,
      39.0,
      40.0,
      41.0,
      42.0,
      43.0,
      44.0,
      45.0,
      46.0,
      47.0,
      48.0,
      49.0,
      50.0
    ],