{
  "First Round": {
    "bin_center": [
      0.0,
      1.0,
      2.0,
      3.0,
      4.0,
      5.0,
      6.0,
      7.0,
      8.0,
      9.0,
      10.0,
      11.0,
      12.0,
      13.0,
      14.0,
      15.0,
      16.0,
      17.0,
      18.0,
      19.0,
      20.0,
      21.0,
      22.0,
      23.0,
      24.0,
      25.0,
      26.0,
      27.0,
      28.0,
      29.0,
      30.0,
      31.0,
      32.0
    ],
    "bin_start": [
      -0.5,
      0.5,
      1.5,
      2.5,
      3.5,
      4.5,
      5.5,
      6.5,
      7.5,
      8.5,
      9.5,
      10.5,
      11.5,
      12.5,
      13.5,
      14.5,
      15.5,
      16.5,
      17.5,
      18.5,
      19.5,
      20.5,
      21.5,
      22.5,
      23.5,
      24.5,
      25.5,
      26.5,
      27.5,
      28.5,
      29.5,
      30.5,
      31.5
    ],
    "bin_end": [
      0.5,
      1.5,
      2.5,
      3.5,
      4.5,
      5.5,
      6.5,
      7.5,
      8.5,
      9.5,
      10.5,
      11.5,
      12.5,
      13.5,
      14.5,
      15.5,
      16.5,
      17.5,
      18.5,
      19.5,
      20.5,
      21.5,
      22.5,
      23.5,
      24.5,
      25.5,
      26.5,
      27.5,
      28.5,
      29.5,
      30.5,
      31.5,
      32.5
    ],
    "winners_density": [
      0.0,
      0.0,
      0.0,
      0.0,
      0.02,
      0.06,
      0.1,
      0.04,
      0.2,
      0.14,
      0.14,
      0.02,
      0.06,
      0.06,
      0.06,
      0.0,
      0.06,
      0.02,
      0.02,
      0.0,
      0.0,
      0.0,
      0.0,
      0.0,
      0.0,
      0.0,
      0.0,
      0.0,
      0.0,
      0.0,
      0.0,
      0.0,
      0.0
    ],
    "non_winners_density": [
      0.0023115577889447235,
      0.0035175879396984926,
      0.00984924623115578,
      0.01879396984924623,
      0.02592964824120603,
      0.03919597989949749,
      0.0535678391959799,
      0.07497487437185929,
      0.0957788944723618,
      0.10773869346733668,
      0.11366834170854272,
      0.11075376884422111,
      0.09698492462311557,
      0.07879396984924623,
      0.06241206030150754,
      0.04562814070351759,
      0.02693467336683417,
      0.015678391959798994,
      0.009949748743718593,
      0.0036180904522613066,
      0.0022110552763819095,
      0.0013065326633165829,
      0.00030150753768844223,
      0.00010050251256281407,
      0.0,
      0.0,
      0.0,
      0.0,
      0.0,
      0.0,
      0.0,
      0.0,
      0.0
    ],
    "winners_count": [
      0,
      0,
      0,
      0,
      1,
      3,
      5,
      2,
      10,
      7,
      7,
      1,
      3,
      3,
      3,
      0,
      3,
      1,
      1,
      0,
      0,
      0,
      0,
      0,
      0,
      0,
      0,
      0,
      0,
      0,
      0,
      0,
      0
    ],
    "non_winners_count": [
      23,
      35,
      98,
      187,
      258,
      390,
      533,
      746,
      953,
      1072,
      1131,
      1102,
      965,
      784,
      621,
      454,
      268,
      156,
      99,
      36,
      22,
      13,
      3,
      1,
      0,
      0,
      0,
      0,
      0,
      0,
      0,
      0,
      0
    ],
    "winners_mean": 9.74,
    "non_winners_mean": 10.088643216080403
  },
  "Second Round": {
    "bin_center": [
      0.0,
      1.0,
      2.0,
      3.0,
      4.0,
      5.0,
      6.0,
      7.0,
      8.0,
      9.0,
      10.0,
      11.0,
      12.0,
      13.0,
      14.0,
      15.0,
      16.0
    ],
    "bin_start": [
      -0.5,
      0.5,
      1.5,
      2.5,
      3.5,
      4.5,
      5.5,
      6.5,
      7.5,
      8.5,
      9.5,
      10.5,
      11.5,
      12.5,
      13.5,
      14.5,
      15.5
    ],
    "bin_end": [
      0.5,
      1.5,
      2.5,
      3.5,
      4.5,
      5.5,
      6.5,
      7.5,
      8.5,
      9.5,
      10.5,
      11.5,
      12.5,
      13.5,
      14.5,
      15.5,
      16.5
    ],
    "winners_density": [
      0.0,
      0.0,
      0.08,
      0.0,
      0.16,
      0.2,
      0.14,
      0.14,
      0.1,
      0.08,
      0.02,
      0.08,
      0.0,
      0.0,
      0.0,
      0.0,
      0.0
    ],
    "non_winners_density": [
      0.005427135678391959,
      0.01628140703517588,
      0.028944723618090452,
      0.05366834170854271,
      0.08763819095477388,
      0.12693467336683417,
      0.1415075376884422,
      0.1471356783919598,
      0.13507537688442212,
      0.10381909547738694,
      0.07417085427135678,
      0.04361809045226131,
      0.021206030150753768,
      0.010753768844221105,
      0.0031155778894472364,
      0.0006030150753768845,
      0.00010050251256281407
    ],
    "winners_count": [
      0,
      0,
      4,
      0,
      8,
      10,
      7,
      7,
      5,
      4,
      1,
      4,
      0,
      0,
      0,
      0,
      0
    ],
    "non_winners_count": [
      54,
      162,
      288,
      534,
      872,
      1263,
      1408,
      1464,
      1344,
      1033,
      738,
      434,
      211,
      107,
      31,
      6,
      1
    ],
    "winners_mean": 6.22,
    "non_winners_mean": 6.784422110552764
  },
  "Sweet 16": {
    "bin_center": [
      0.0,
      1.0,
      2.0,
      3.0,
      4.0,
      5.0,
      6.0,
      7.0,
      8.0
    ],
    "bin_start": [
      -0.5,
      0.5,
      1.5,
      2.5,
      3.5,
      4.5,
      5.5,
      6.5,
      7.5
    ],
    "bin_end": [
      0.5,
      1.5,
      2.5,
      3.5,
      4.5,
      5.5,
      6.5,
      7.5,
      8.5
    ],
    "winners_density": [
      0.06,
      0.06,
      0.1,
      0.28,
      0.2,
      0.22,
      0.04,
      0.04,
      0.0
    ],
    "non_winners_density": [
      0.014673366834170854,
      0.05025125628140704,
      0.11698492462311558,
      0.1849246231155779,
      0.21577889447236182,
      0.19909547738693467,
      0.13396984924623115,
      0.06582914572864322,
      0.018492462311557788
    ],
    "winners_count": [
      3,
      3,
      5,
      14,
      10,
      11,
      2,
      2,
      0
    ],
    "non_winners_count": [
      146,
      500,
      1164,
      1840,
      2147,
      1981,
      1333,
      655,
      184
    ],
    "winners_mean": 3.52,
    "non_winners_mean": 4.110150753768845
  },
  "Elite 8": {
    "bin_center": [
      0.0,
      1.0,
      2.0,
      3.0,
      4.0
    ],
    "bin_start": [
      -0.5,
      0.5,
      1.5,
      2.5,
      3.5
    ],
    "bin_end": [
      0.5,
      1.5,
      2.5,
      3.5,
      4.5
    ],
    "winners_density": [
      0.08,
      0.34,
      0.3,
      0.18,
      0.1
    ],
    "non_winners_density": [
      0.06944723618090452,
      0.20944723618090452,
      0.3135678391959799,
      0.2798994974874372,
      0.12763819095477386
    ],
    "winners_count": [
      4,
      17,
      15,
      9,
      5
    ],
    "non_winners_count": [
      691,
      2084,
      3120,
      2785,
      1270
    ],
    "winners_mean": 1.88,
    "non_winners_mean": 2.1868341708542713
  },
  "Total Upsets": {
    "bin_center": [
      0.0,
      1.0,
      2.0,
      3.0,
      4.0,
      5.0,
      6.0,
      7.0,
      8.0,
      9.0,
      10.0,
      11.0,
      12.0,
      13.0,
      14.0,
      15.0,
      16.0,
      17.0,
      18.0,
      19.0,
      20.0,
      21.0,
      22.0,
      23.0,
      24.0,
      25.0,
      26.0,
      27.0,
      28.0,
      29.0,
      30.0,
      31.0,
      32.0,
      33.0,
      34.0,
      35.0,
      36.0,
      37.0,
      38.0,
      39.0,
      40.0,
      41.0,
      42.0,
      43.0,
      44.0,
      45.0,
      46.0,
      47.0,
      48.0,
      49.0,
      50.0,
      51.0,
      52.0
    ],