{
  "First Round": {
    "bin_center": [
      0.0,
      1.0,
      2.0,
      3.0,
      4.0,
      5.0,
      6.0,
      7.0,
      8.0,
      9.0,
      10.0,
      11.0,
      12.0,
      13.0,
      14.0,
      15.0,
      16.0,
      17.0,
      18.0,
      19.0,
      20.0,
      21.0,
      22.0,
      23.0,
      24.0,
      25.0,
      26.0,
      27.0,
      28.0,
      29.0,
      30.0,
      31.0,
      32.0
    ],
    "bin_start": [
      -0.5,
      0.5,
      1.5,
      2.5,
      3.5,
      4.5,
      5.5,
      6.5,
      7.5,
      8.5,
      9.5,
      10.5,
      11.5,
      12.5,
      13.5,
      14.5,
      15.5,
      16.5,
      17.5,
      18.5,
      19.5,
      20.5,
      21.5,
      22.5,
      23.5,
      24.5,
      25.5,
      26.5,
      27.5,
      28.5,
      29.5,
      30.5,
      31.5
    ],
    "bin_end": [
      0.5,
      1.5,
      2.5,
      3.5,
      4.5,
      5.5,
      6.5,
      7.5,
      8.5,
      9.5,
      10.5,
      11.5,
      12.5,
      13.5,
      14.5,
      15.5,
      16.5,
      17.5,
      18.5,
      19.5,
      20.5,
      21.5,
      22.5,
      23.5,
      24.5,
      25.5,
      26.5,
      27.5,
      28.5,
      29.5,
      30.5,
      31.5,
      32.5
    ],
    "winners_density": [
      0.0,
      0.0,
      0.0,
      0.0,
      0.0,
      0.05,
      0.05,
      0.05,
      0.05,
      0.15,
      0.2,
      0.2,
      0.0,
      0.05,
      0.05,
      0.05,
      0.1,
      0.0,
      0.0,
      0.0,
      0.0,
      0.0,
      0.0,
      0.0,
      0.0,
      0.0,
      0.0,
      0.0,
      0.0,
      0.0,
      0.0,
      0.0,
      0.0
    ],
    "non_winners_density": [
      0.002763819095477387,
      0.0052763819095477385,
      0.010804020100502512,
      0.017587939698492462,
      0.02613065326633166,
      0.04095477386934673,
      0.05829145728643216,
      0.07035175879396985,
      0.08668341708542714,
      0.10025125628140703,
      0.11256281407035176,
      0.11984924623115578,
      0.09170854271356783,
      0.08969849246231155,
      0.07010050251256282,
      0.0414572864321608,
      0.026884422110552763,
      0.01457286432160804,
      0.007035175879396985,
      0.004020100502512563,
      0.0020100502512562816,
      0.0007537688442211055,
      0.0002512562814070352,
      0.0,
      0.0,
      0.0,
      0.0,
      0.0,
      0.0,
      0.0,
      0.0,
      0.0,
      0.0
    ],
    "winners_count": [
      0,
      0,
      0,
      0,
      0,
      1,
      1,
      1,
      1,
      3,
      4,
      4,
      0,
      1,
      1,
      1,
      2,
      0,
      0,
      0,
      0,
      0,
      0,
      0,
      0,
      0,
      0,
      0,
      0,
      0,
      0,
      0,
      0
    ],
    "non_winners_count": [
      11,
      21,
      43,
      70,
      104,
      163,
      232,
      280,
      345,
      399,
      448,
      477,
      365,
      357,
      279,
      165,
      107,
      58,
      28,
      16,
      8,
      3,
      1,
      0,
      0,
      0,
      0,
      0,
      0,
      0,
      0,
      0,
      0
    ],
    "winners_mean": 10.55,
    "non_winners_mean": 10.08316582914573
  },
  "Second Round": {
    "bin_center": [
      0.0,
      1.0,
      2.0,
      3.0,
      4.0,
      5.0,
      6.0,
      7.0,
      8.0,
      9.0,
      10.0,
      11.0,
      12.0,
      13.0,
      14.0,
      15.0,
      16.0
    ],
    "bin_start": [
      -0.5,
      0.5,
      1.5,
      2.5,
      3.5,
      4.5,
      5.5,
      6.5,
      7.5,
      8.5,
      9.5,
      10.5,
      11.5,
      12.5,
      13.5,
      14.5,
      15.5
    ],
    "bin_end": [
      0.5,
      1.5,
      2.5,
      3.5,
      4.5,
      5.5,
      6.5,
      7.5,
      8.5,
      9.5,
      10.5,
      11.5,
      12.5,
      13.5,
      14.5,
      15.5,
      16.5
    ],
    "winners_density": [
      0.0,
      0.0,
      0.05,
      0.0,
      0.05,
      0.1,
      0.15,
      0.3,
      0.15,
      0.05,
      0.15,
      0.0,
      0.0,
      0.0,
      0.0,
      0.0,
      0.0
    ],
    "non_winners_density": [
      0.004522613065326633,
      0.010804020100502512,
      0.033165829145728645,
      0.05527638190954774,
      0.08969849246231155,
      0.12035175879396985,
      0.15603015075376883,
      0.1484924623115578,
      0.12663316582914572,
      0.0957286432160804,
      0.07763819095477387,
      0.04246231155778894,
      0.02386934673366834,
      0.010552763819095477,
      0.0035175879396984926,
      0.0010050251256281408,
      0.0002512562814070352
    ],
    "winners_count": [
      0,
      0,
      1,
      0,
      1,
      2,
      3,
      6,
      3,
      1,
      3,
      0,
      0,
      0,
      0,
      0,
      0
    ],
    "non_winners_count": [
      18,
      43,
      132,
      220,
      357,
      479,
      621,
      591,
      504,
      381,
      309,
      169,
      95,
      42,
      14,
      4,
      1
    ],
    "winners_mean": 6.95,
    "non_winners_mean": 6.789195979899498
  },
  "Sweet 16": {
    "bin_center": [
      0.0,
      1.0,
      2.0,
      3.0,
      4.0,
      5.0,
      6.0,
      7.0,
      8.0
    ],
    "bin_start": [
      -0.5,
      0.5,
      1.5,
      2.5,
      3.5,
      4.5,
      5.5,
      6.5,
      7.5
    ],
    "bin_end": [
      0.5,
      1.5,
      2.5,
      3.5,
      4.5,
      5.5,
      6.5,
      7.5,
      8.5
    ],
    "winners_density": [
      0.0,
      0.0,
      0.05,
      0.2,
      0.2,
      0.4,
      0.1,
      0.0,
      0.05
    ],
    "non_winners_density": [
      0.016582914572864323,
      0.058040201005025126,
      0.1100502512562814,
      0.18542713567839195,
      0.20753768844221104,
      0.19371859296482413,
      0.14120603015075378,
      0.06683417085427136,
      0.020603015075376884
    ],
    "winners_count": [
      0,
      0,
      1,
      4,
      4,
      8,
      2,
      0,
      1
    ],
    "non_winners_count": [
      66,
      231,
      438,
      738,
      826,
      771,
      562,
      266,
      82
    ],
    "winners_mean": 4.5,
    "non_winners_mean": 4.113065326633166
  },
  "Elite 8": {
    "bin_center": [
      0.0,
      1.0,
      2.0,
      3.0,
      4.0
    ],
    "bin_start": [
      -0.5,
      0.5,
      1.5,
      2.5,
      3.5
    ],
    "bin_end": [
      0.5,
      1.5,
      2.5,
      3.5,
      4.5
    ],
    "winners_density": [
      0.0,
      0.25,
      0.4,
      0.25,
      0.1
    ],
    "non_winners_density": [
      0.06909547738693467,
      0.20326633165829144,
      0.30904522613065327,
      0.27814070351758796,
      0.14045226130653266
    ],
    "winners_count": [
      0,
      5,
      8,
      5,
      2
    ],
    "non_winners_count": [
      275,
      809,
      1230,
      1107,
      559
    ],
    "winners_mean": 2.2,
    "non_winners_mean": 2.2175879396984923
  },
  "Total Upsets": {
    "bin_center": [
      0.0,
      1.0,
      2.0,
      3.0,
      4.0,
      5.0,
      6.0,
      7.0,
      8.0,
      9.0,
      10.0,
      11.0,
      12.0,
      13.0,
      14.0,
      15.0,
      16.0,
      17.0,
      18.0,
      19.0,
      20.0,
      21.0,
      22.0,
      23.0,
      24.0,
      25.0,
      26.0,
      27.0,
      28.0,
      29.0,
      30.0,
      31.0,
      32.0,
      33.0,
      34.0,
      35.0,
      36.0,
      37.0,
      38.0,
      39.0,
      40.0,
      41.0,
      42.0,
      43.0,
      44.0,
      45.0,
      46.0,
      47.0,
      48.0,
      49.0,
      50.0,
      51.0
    ],