round,mean_madness,std_madness
First Round,18.230051795353514,2.452938115423746
Second Round,9.0460726082039,1.8223419038035624
Sweet 16,4.488943883311867,1.0071925173885257
Elite 8,2.0801662480668788,0.7018807446656754
Final Four,1.0027769394001658,0.5695544220275559
Championship,0.6332137733371176,0.3303762396366466
