round,mean_madness,std_madness,losers_mean_madness,losers_std_madness
First Round,19.01714831952164,2.4110735021656504,18.907898870984294,3.4903389685549366
Second Round,9.494732964386479,2.0423638737099523,9.383501932648208,2.108030807448141
Sweet 16,5.04679021097307,1.1194135090931208,4.798439660288607,1.3077032378035287
Elite 8,2.0827335007762446,0.8486574617884943,2.3561901272477255,0.8693173608173429
Final Four,1.2731154046661524,0.46021703058563873,1.24161404383481,0.5467532706421131
Championship,0.6584392538940594,0.30357493256875656,0.6356825125388403,0.3594852642778961
