round,max_advantage_upsets,max_advantage,max_density_upsets,mode_upsets,mean_upsets,std_upsets,losers_mean_upsets,losers_std_upsets,num_pools
First Round,10.0,0.08743718592964825,10.0,10.0,10.55,2.9744747435471695,10.08316582914573,3.5306793270118906,20
Second Round,7.0,0.1515075376884422,7.0,7.0,6.95,1.9868316486305528,6.789195979899498,2.6164408401747963,20
Sweet 16,5.0,0.2062814070351759,5.0,5.0,4.5,1.3228756555322954,4.113065326633166,1.757905374953447,20
Elite 8,2.0,0.09095477386934675,2.0,2.0,2.2,0.9273618495495703,2.2175879396984923,1.1279421432181325,20
Final Four,,,,1.0,0.9,0.7880689256524124,0.878643216080402,0.7506085760996073,20
Championship,,,,0.0,0.35,0.4893604849295929,0.3379396984924623,0.47300788436905145,20
Total Upsets,24.0,0.15050251256281408,24.0,24.0,25.45,5.962172422867357,24.41959798994975,8.268291301376484,20
