round,max_advantage_upsets,max_advantage,max_density_upsets,mode_upsets,mean_upsets,std_upsets,num_pools
First Round,10.0,0.08763819095477388,10.0,10.0,9.6,3.0919249667480613,50
Second Round,8.0,0.04924623115577889,6.0,6.0,6.32,2.2666274506411503,50
Sweet 16,2.0,0.06341708542713567,4.0,4.0,3.6,1.5874507866387544,50
Elite 8,1.0,0.17175879396984925,1.0,1.0,1.74,0.9340235543068494,50
Final Four,,,,0.0,0.58,0.6091144458665099,50
Championship,,,,0.0,0.18,0.38808793449160356,50
Total Upsets,22.0,0.05477386934673367,22.0,22.0,22.02,6.839561389445964,50
