{
  "First Round": {
    "bin_center": [
      0.0,
      1.0,
      2.0,
      3.0,
      4.0,
      5.0,
      6.0,
      7.0,
      8.0,
      9.0,
      10.0,
      11.0,
      12.0,
      13.0,
      14.0,
      15.0,
      16.0,
      17.0,
      18.0,
      19.0,
      20.0,
      21.0,
      22.0,
      23.0,
      24.0,
      25.0,
      26.0,
      27.0,
      28.0,
      29.0,
      30.0,
      31.0,
      32.0
    ],
    "bin_start": [
      -0.5,
      0.5,
      1.5,
      2.5,
      3.5,
      4.5,
      5.5,
      6.5,
      7.5,
      8.5,
      9.5,
      10.5,
      11.5,
      12.5,
      13.5,
      14.5,
      15.5,
      16.5,
      17.5,
      18.5,
      19.5,
      20.5,
      21.5,
      22.5,
      23.5,
      24.5,
      25.5,
      26.5,
      27.5,
      28.5,
      29.5,
      30.5,
      31.5
    ],
    "bin_end": [
      0.5,
      1.5,
      2.5,
      3.5,
      4.5,
      5.5,
      6.5,
      7.5,
      8.5,
      9.5,
      10.5,
      11.5,
      12.5,
      13.5,
      14.5,
      15.5,
      16.5,
      17.5,
      18.5,
      19.5,
      20.5,
      21.5,
      22.5,
      23.5,
      24.5,
      25.5,
      26.5,
      27.5,
      28.5,
      29.5,
      30.5,
      31.5,
      32.5
    ],
    "winners_density": [
      0.0,
      0.0,
      0.015151515151515152,
      0.015151515151515152,
      0.015151515151515152,
      0.06060606060606061,
      0.07575757575757576,
      0.10606060606060606,
      0.21212121212121213,
      0.15151515151515152,
      0.07575757575757576,
      0.06060606060606061,
      0.09090909090909091,
      0.07575757575757576,
      0.0,
      0.030303030303030304,
      0.015151515151515152,
      0.0,
      0.0,
      0.0,
      0.0,
      0.0,
      0.0,
      0.0,
      0.0,
      0.0,
      0.0,
      0.0,
      0.0,
      0.0,
      0.0,
      0.0,
      0.0
    ],
    "non_winners_density": [
      0.002847264592231035,
      0.005897905226764287,
      0.010372178157413058,
      0.017388651616839536,
      0.026540573520439294,
      0.04392922513727883,
      0.05348789912548302,
      0.0738255033557047,
      0.08704494610534878,
      0.10341671751067724,
      0.1112466951393126,
      0.1089078706528371,
      0.09782387634736628,
      0.08307911328045556,
      0.06558877364246492,
      0.04525116941224324,
      0.029082774049217,
      0.017083587553386213,
      0.009456985967053081,
      0.005491153142159854,
      0.001016880211511084,
      0.0008135041692088672,
      0.0004067520846044336,
      0.0,
      0.0,
      0.0,
      0.0,
      0.0,
      0.0,
      0.0,
      0.0,
      0.0,
      0.0
    ],
    "winners_count": [
      0,
      0,
      1,
      1,
      1,
      4,
      5,
      7,
      14,
      10,
      5,
      4,
      6,
      5,
      0,
      2,
      1,
      0,
      0,
      0,
      0,
      0,
      0,
      0,
      0,
      0,
      0,
      0,
      0,
      0,
      0,
      0,
      0
    ],
    "non_winners_count": [
      28,
      58,
      102,
      171,
      261,
      432,
      526,
      726,
      856,
      1017,
      1094,
      1071,
      962,
      817,
      645,
      445,
      286,
      168,
      93,
      54,
      10,
      8,
      4,
      0,
      0,
      0,
      0,
      0,
      0,
      0,
      0,
      0,
      0
    ],
    "winners_mean": 8.893939393939394,
    "non_winners_mean": 10.107484238356722
  },
  "Second Round": {
    "bin_center": [
      0.0,
      1.0,
      2.0,
      3.0,
      4.0,
      5.0,
      6.0,
      7.0,
      8.0,
      9.0,
      10.0,
      11.0,
      12.0,
      13.0,
      14.0,
      15.0,
      16.0
    ],
    "bin_start": [
      -0.5,
      0.5,
      1.5,
      2.5,
      3.5,
      4.5,
      5.5,
      6.5,
      7.5,
      8.5,
      9.5,
      10.5,
      11.5,
      12.5,
      13.5,
      14.5,
      15.5
    ],
    "bin_end": [
      0.5,
      1.5,
      2.5,
      3.5,
      4.5,
      5.5,
      6.5,
      7.5,
      8.5,
      9.5,
      10.5,
      11.5,
      12.5,
      13.5,
      14.5,
      15.5,
      16.5
    ],
    "winners_density": [
      0.0,
      0.0,
      0.06060606060606061,
      0.09090909090909091,
      0.12121212121212122,
      0.15151515151515152,
      0.22727272727272727,
      0.06060606060606061,
      0.16666666666666666,
      0.09090909090909091,
      0.030303030303030304,
      0.0,
      0.0,
      0.0,
      0.0,
      0.0,
      0.0
    ],
    "non_winners_density": [
      0.00508440105755542,
      0.013422818791946308,
      0.03233679072605247,
      0.06101281269066504,
      0.08938377059182429,
      0.11643278421801911,
      0.13616026032133416,
      0.14663412649989832,
      0.13371974781370755,
      0.10860280658938377,
      0.07636770388448241,
      0.04321740898922107,
      0.023693308928208257,
      0.01016880211511084,
      0.003355704697986577,
      0.0004067520846044336,
      0.0
    ],
    "winners_count": [
      0,
      0,
      4,
      6,
      8,
      10,
      15,
      4,
      11,
      6,
      2,
      0,
      0,
      0,
      0,
      0,
      0
    ],
    "non_winners_count": [
      50,
      132,
      318,
      600,
      879,
      1145,
      1339,
      1442,
      1315,
      1068,
      751,
      425,
      233,
      100,
      33,
      4,
      0
    ],
    "winners_mean": 5.878787878787879,
    "non_winners_mean": 6.800081350416921
  },
  "Sweet 16": {
    "bin_center": [
      0.0,
      1.0,
      2.0,
      3.0,
      4.0,
      5.0,
      6.0,
      7.0,
      8.0
    ],
    "bin_start": [
      -0.5,
      0.5,
      1.5,
      2.5,
      3.5,
      4.5,
      5.5,
      6.5,
      7.5
    ],
    "bin_end": [
      0.5,
      1.5,
      2.5,
      3.5,
      4.5,
      5.5,
      6.5,
      7.5,
      8.5
    ],
    "winners_density": [
      0.0,
      0.09090909090909091,
      0.13636363636363635,
      0.24242424242424243,
      0.2878787878787879,
      0.12121212121212122,
      0.10606060606060606,
      0.015151515151515152,
      0.0
    ],
    "non_winners_density": [
      0.01464307504575961,
      0.048810250152532035,
      0.11602603213341468,
      0.18913971934106164,
      0.2130364043115721,
      0.1983933292658125,
      0.13646532438478748,
      0.06477526947325606,
      0.018710595891803947
    ],
    "winners_count": [
      0,
      6,
      9,
      16,
      19,
      8,
      7,
      1,
      0
    ],
    "non_winners_count": [
      144,
      480,
      1141,
      1860,
      2095,
      1951,
      1342,
      637,
      184
    ],
    "winners_mean": 3.590909090909091,
    "non_winners_mean": 4.114297335773846
  },
  "Elite 8": {
    "bin_center": [
      0.0,
      1.0,
      2.0,
      3.0,
      4.0
    ],
    "bin_start": [
      -0.5,
      0.5,
      1.5,
      2.5,
      3.5
    ],
    "bin_end": [
      0.5,
      1.5,
      2.5,
      3.5,
      4.5
    ],
    "winners_density": [
      0.07575757575757576,
      0.21212121212121213,
      0.3484848484848485,
      0.3333333333333333,
      0.030303030303030304
    ],
    "non_winners_density": [
      0.07240187105958917,
      0.2070368110636567,
      0.31025015253203175,
      0.2756762253406549,
      0.13463494000406753
    ],
    "winners_count": [
      5,
      14,
      23,
      22,
      2
    ],
    "non_winners_count": [
      712,
      2036,
      3051,
      2711,
      1324
    ],
    "winners_mean": 2.0303030303030303,
    "non_winners_mean": 2.193105552165955
  },