{
  "First Round": {
    "bin_center": [
      0.0,
      1.0,
      2.0,
      3.0,
      4.0,
      5.0,
      6.0,
      7.0,
      8.0,
      9.0,
      10.0,
      11.0,
      12.0,
      13.0,
      14.0,
      15.0,
      16.0,
      17.0,
      18.0,
      19.0,
      20.0,
      21.0,
      22.0,
      23.0,
      24.0,
      25.0,
      26.0,
      27.0,
      28.0,
      29.0,
      30.0,
      31.0,
      32.0
    ],
    "bin_start": [
      -0.5,
      0.5,
      1.5,
      2.5,
      3.5,
      4.5,
      5.5,
      6.5,
      7.5,
      8.5,
      9.5,
      10.5,
      11.5,
      12.5,
      13.5,
      14.5,
      15.5,
      16.5,
      17.5,
      18.5,
      19.5,
      20.5,
      21.5,
      22.5,
      23.5,
      24.5,
      25.5,
      26.5,
      27.5,
      28.5,
      29.5,
      30.5,
      31.5
    ],
    "bin_end": [
      0.5,
      1.5,
      2.5,
      3.5,
      4.5,
      5.5,
      6.5,
      7.5,
      8.5,
      9.5,
      10.5,
      11.5,
      12.5,
      13.5,
      14.5,
      15.5,
      16.5,
      17.5,
      18.5,
      19.5,
      20.5,
      21.5,
      22.5,
      23.5,
      24.5,
      25.5,
      26.5,
      27.5,
      28.5,
      29.5,
      30.5,
      31.5,
      32.5
    ],
    "winners_density": [
      0.0,
      0.0,
      0.0,
      0.05,
      0.05,
      0.0,
      0.1,
      0.1,
      0.0,
      0.15,
      0.05,
      0.15,
      0.15,
      0.05,
      0.05,
      0.1,
      0.0,
      0.0,
      0.0,
      0.0,
      0.0,
      0.0,
      0.0,
      0.0,
      0.0,
      0.0,
      0.0,
      0.0,
      0.0,
      0.0,
      0.0,
      0.0,
      0.0
    ],
    "non_winners_density": [
      0.002348993288590604,
      0.008389261744966443,
      0.01174496644295302,
      0.016442953020134227,
      0.024161073825503355,
      0.043288590604026844,
      0.052348993288590606,
      0.07114093959731543,
      0.08926174496644296,
      0.10067114093959731,
      0.11040268456375839,
      0.10973154362416107,
      0.10838926174496644,
      0.09026845637583893,
      0.06610738255033557,
      0.038926174496644296,
      0.027516778523489934,
      0.013758389261744967,
      0.008053691275167786,
      0.003691275167785235,
      0.0016778523489932886,
      0.0013422818791946308,
      0.0,
      0.0003355704697986577,
      0.0,
      0.0,
      0.0,
      0.0,
      0.0,
      0.0,
      0.0,
      0.0,
      0.0
    ],
    "winners_count": [
      0,
      0,
      0,
      1,
      1,
      0,
      2,
      2,
      0,
      3,
      1,
      3,
      3,
      1,
      1,
      2,
      0,
      0,
      0,
      0,
      0,
      0,
      0,
      0,
      0,
      0,
      0,
      0,
      0,
      0,
      0,
      0,
      0
    ],
    "non_winners_count": [
      7,
      25,
      35,
      49,
      72,
      129,
      156,
      212,
      266,
      300,
      329,
      327,
      323,
      269,
      197,
      116,
      82,
      41,
      24,
      11,
      5,
      4,
      0,
      1,
      0,
      0,
      0,
      0,
      0,
      0,
      0,
      0,
      0
    ],
    "winners_mean": 9.8,
    "non_winners_mean": 10.07986577181208
  },
  "Second Round": {
    "bin_center": [
      0.0,
      1.0,
      2.0,
      3.0,
      4.0,
      5.0,
      6.0,
      7.0,
      8.0,
      9.0,
      10.0,
      11.0,
      12.0,
      13.0,
      14.0,
      15.0,
      16.0
    ],
    "bin_start": [
      -0.5,
      0.5,
      1.5,
      2.5,
      3.5,
      4.5,
      5.5,
      6.5,
      7.5,
      8.5,
      9.5,
      10.5,
      11.5,
      12.5,
      13.5,
      14.5,
      15.5
    ],
    "bin_end": [
      0.5,
      1.5,
      2.5,
      3.5,
      4.5,
      5.5,
      6.5,
      7.5,
      8.5,
      9.5,
      10.5,
      11.5,
      12.5,
      13.5,
      14.5,
      15.5,
      16.5
    ],
    "winners_density": [
      0.05,
      0.0,
      0.1,
      0.05,
      0.05,
      0.1,
      0.1,
      0.3,
      0.05,
      0.05,
      0.1,
      0.05,
      0.0,
      0.0,
      0.0,
      0.0,
      0.0
    ],
    "non_winners_density": [
      0.005369127516778523,
      0.019798657718120807,
      0.03523489932885906,
      0.05570469798657718,
      0.087248322147651,
      0.11543624161073826,
      0.1436241610738255,
      0.15033557046979865,
      0.13557046979865772,
      0.10671140939597315,
      0.0697986577181208,
      0.04261744966442953,
      0.016442953020134227,
      0.013422818791946308,
      0.0016778523489932886,
      0.0010067114093959733,
      0.0
    ],
    "winners_count": [
      1,
      0,
      2,
      1,
      1,
      2,
      2,
      6,
      1,
      1,
      2,
      1,
      0,
      0,
      0,
      0,
      0
    ],
    "non_winners_count": [
      16,
      59,
      105,
      166,
      260,
      344,
      428,
      448,
      404,
      318,
      208,
      127,
      49,
      40,
      5,
      3,
      0
    ],
    "winners_mean": 6.15,
    "non_winners_mean": 6.719798657718121
  },
  "Sweet 16": {
    "bin_center": [
      0.0,
      1.0,
      2.0,
      3.0,
      4.0,
      5.0,
      6.0,
      7.0,
      8.0
    ],
    "bin_start": [
      -0.5,
      0.5,
      1.5,
      2.5,
      3.5,
      4.5,
      5.5,
      6.5,
      7.5
    ],
    "bin_end": [
      0.5,
      1.5,
      2.5,
      3.5,
      4.5,
      5.5,
      6.5,
      7.5,
      8.5
    ],
    "winners_density": [
      0.0,
      0.0,
      0.15,
      0.35,
      0.2,
      0.15,
      0.05,
      0.1,
      0.0
    ],
    "non_winners_density": [
      0.016778523489932886,
      0.052684563758389265,
      0.11375838926174496,
      0.18926174496644296,
      0.22416107382550335,
      0.19395973154362417,
      0.13456375838926174,
      0.060738255033557044,
      0.014093959731543624
    ],
    "winners_count": [
      0,
      0,
      3,
      7,
      4,
      3,
      1,
      2,
      0
    ],
    "non_winners_count": [
      50,
      157,
      339,
      564,
      668,
      578,
      401,
      181,
      42
    ],
    "winners_mean": 3.9,
    "non_winners_mean": 4.059731543624161
  },
  "Elite 8": {
    "bin_center": [
      0.0,
      1.0,
      2.0,
      3.0,
      4.0
    ],
    "bin_start": [
      -0.5,
      0.5,
      1.5,
      2.5,
      3.5
    ],
    "bin_end": [
      0.5,
      1.5,
      2.5,
      3.5,
      4.5
    ],
    "winners_density": [
      0.05,
      0.2,
      0.35,
      0.25,
      0.15
    ],
    "non_winners_density": [
      0.07885906040268456,
      0.20335570469798658,
      0.3261744966442953,
      0.2701342281879195,
      0.12147651006711409
    ],
    "winners_count": [
      1,
      4,
      7,
      5,
      3
    ],
    "non_winners_count": [
      235,
      606,
      972,
      805,
      362
    ],
    "winners_mean": 2.25,
    "non_winners_mean": 2.152013422818792
  },
  "Total Upsets": {
    "bin_center": [
      0.0,
      1.0,
      2.0,
      3.0,
      4.0,
      5.0,
      6.0,
      7.0,
      8.0,
      9.0,
      10.0,
      11.0,
      12.0,
      13.0,
      14.0,
      15.0,
      16.0,
      17.0,
      18.0,
      19.0,
      20.0,
      21.0,
      22.0,
      23.0,
      24.0,
      25.0,
      26.0,
      27.0,
      28.0,
      29.0,
      30.0,
      31.0,
      32.0,
      33.0,
      34.0,
      35.0,
      36.0,
      37.0,
      38.0,
      39.0,
      40.0,
      41.0,
      42.0,
      43.0,
      44.0,
      45.0,
      46.0,
      47.0,
      48.0,
      49.0,
      50.0
    ],