{
  "First Round": {
    "bin_center": [
      0.0,
      1.0,
      2.0,
      3.0,
      4.0,
      5.0,
      6.0,
      7.0,
      8.0,
      9.0,
      10.0,
      11.0,
      12.0,
      13.0,
      14.0,
      15.0,
      16.0,
      17.0,
      18.0,
      19.0,
      20.0,
      21.0,
      22.0,
      23.0,
      24.0,
      25.0,
      26.0,
      27.0,
      28.0,
      29.0,
      30.0,
      31.0,
      32.0
    ],
    "bin_start": [
      -0.5,
      0.5,
      1.5,
      2.5,
      3.5,
      4.5,
      5.5,
      6.5,
      7.5,
      8.5,
      9.5,
      10.5,
      11.5,
      12.5,
      13.5,
      14.5,
      15.5,
      16.5,
      17.5,
      18.5,
      19.5,
      20.5,
      21.5,
      22.5,
      23.5,
      24.5,
      25.5,
      26.5,
      27.5,
      28.5,
      29.5,
      30.5,
      31.5
    ],
    "bin_end": [
      0.5,
      1.5,
      2.5,
      3.5,
      4.5,
      5.5,
      6.5,
      7.5,
      8.5,
      9.5,
      10.5,
      11.5,
      12.5,
      13.5,
      14.5,
      15.5,
      16.5,
      17.5,
      18.5,
      19.5,
      20.5,
      21.5,
      22.5,
      23.5,
      24.5,
      25.5,
      26.5,
      27.5,
      28.5,
      29.5,
      30.5,
      31.5,
      32.5
    ],
    "winners_density": [
      0.0,
      0.015151515151515152,
      0.0,
      0.030303030303030304,
      0.030303030303030304,
      0.07575757575757576,
      0.09090909090909091,
      0.09090909090909091,
      0.09090909090909091,
      0.21212121212121213,
      0.10606060606060606,
      0.09090909090909091,
      0.07575757575757576,
      0.030303030303030304,
      0.030303030303030304,
      0.0,
      0.015151515151515152,
      0.015151515151515152,
      0.0,
      0.0,
      0.0,
      0.0,
      0.0,
      0.0,
      0.0,
      0.0,
      0.0,
      0.0,
      0.0,
      0.0,
      0.0,
      0.0,
      0.0
    ],
    "non_winners_density": [
      0.003050640634533252,
      0.006202969290217612,
      0.009355297945901973,
      0.01586333129957291,
      0.02989627821842587,
      0.039963392312385604,
      0.05318283506202969,
      0.07494407158836688,
      0.09070571486678869,
      0.10392515761643278,
      0.11531421598535692,
      0.10687411022981493,
      0.10707748627211715,
      0.07952003254016676,
      0.06101281269066504,
      0.04270896888346553,
      0.029591214154972543,
      0.014134634940004068,
      0.009253609924750864,
      0.0041692088671954446,
      0.002033760423022168,
      0.0008135041692088672,
      0.0003050640634533252,
      0.0001016880211511084,
      0.0,
      0.0,
      0.0,
      0.0,
      0.0,
      0.0,
      0.0,
      0.0,
      0.0
    ],
    "winners_count": [
      0,
      1,
      0,
      2,
      2,
      5,
      6,
      6,
      6,
      14,
      7,
      6,
      5,
      2,
      2,
      0,
      1,
      1,
      0,
      0,
      0,
      0,
      0,
      0,
      0,
      0,
      0,
      0,
      0,
      0,
      0,
      0,
      0
    ],
    "non_winners_count": [
      30,
      61,
      92,
      156,
      294,
      393,
      523,
      737,
      892,
      1022,
      1134,
      1051,
      1053,
      782,
      600,
      420,
      291,
      139,
      91,
      41,
      20,
      8,
      3,
      1,
      0,
      0,
      0,
      0,
      0,
      0,
      0,
      0,
      0
    ],
    "winners_mean": 8.712121212121213,
    "non_winners_mean": 10.065182021557861
  },
  "Second Round": {
    "bin_center": [
      0.0,
      1.0,
      2.0,
      3.0,
      4.0,
      5.0,
      6.0,
      7.0,
      8.0,
      9.0,
      10.0,
      11.0,
      12.0,
      13.0,
      14.0,
      15.0,
      16.0
    ],
    "bin_start": [
      -0.5,
      0.5,
      1.5,
      2.5,
      3.5,
      4.5,
      5.5,
      6.5,
      7.5,
      8.5,
      9.5,
      10.5,
      11.5,
      12.5,
      13.5,
      14.5,
      15.5
    ],
    "bin_end": [
      0.5,
      1.5,
      2.5,
      3.5,
      4.5,
      5.5,
      6.5,
      7.5,
      8.5,
      9.5,
      10.5,
      11.5,
      12.5,
      13.5,
      14.5,
      15.5,
      16.5
    ],
    "winners_density": [
      0.015151515151515152,
      0.015151515151515152,
      0.07575757575757576,
      0.045454545454545456,
      0.10606060606060606,
      0.12121212121212122,
      0.22727272727272727,
      0.15151515151515152,
      0.12121212121212122,
      0.06060606060606061,
      0.045454545454545456,
      0.0,
      0.0,
      0.015151515151515152,
      0.0,
      0.0,
      0.0
    ],
    "non_winners_density": [
      0.00569452918446207,
      0.015049827130364042,
      0.03121822249339028,
      0.05989424445800285,
      0.08419768151311775,
      0.121008745169819,
      0.14795607077486272,
      0.14927801504982713,
      0.1344315639617653,
      0.10250152532031727,
      0.07372381533455359,
      0.04098027252389669,
      0.020642668293675004,
      0.009355297945901973,
      0.003355704697986577,
      0.000508440105755542,
      0.0002033760423022168
    ],
    "winners_count": [
      1,
      1,
      5,
      3,
      7,
      8,
      15,
      10,
      8,
      4,
      3,
      0,
      0,
      1,
      0,
      0,
      0
    ],
    "non_winners_count": [
      56,
      148,
      307,
      589,
      828,
      1190,
      1455,
      1468,
      1322,
      1008,
      725,
      403,
      203,
      92,
      33,
      5,
      2
    ],
    "winners_mean": 5.924242424242424,
    "non_winners_mean": 6.744864754931869
  },
  "Sweet 16": {
    "bin_center": [
      0.0,
      1.0,
      2.0,
      3.0,
      4.0,
      5.0,
      6.0,
      7.0,
      8.0
    ],
    "bin_start": [
      -0.5,
      0.5,
      1.5,
      2.5,
      3.5,
      4.5,
      5.5,
      6.5,
      7.5
    ],
    "bin_end": [
      0.5,
      1.5,
      2.5,
      3.5,
      4.5,
      5.5,
      6.5,
      7.5,
      8.5
    ],
    "winners_density": [
      0.0,
      0.045454545454545456,
      0.10606060606060606,
      0.4090909090909091,
      0.13636363636363635,
      0.16666666666666666,
      0.12121212121212122,
      0.015151515151515152,
      0.0
    ],
    "non_winners_density": [
      0.016676835468781778,
      0.04850518608907871,
      0.11439902379499695,
      0.18680089485458612,
      0.22483221476510068,
      0.1988000813504169,
      0.1319910514541387,
      0.06040268456375839,
      0.017592027659141755
    ],
    "winners_count": [
      0,
      3,
      7,
      27,
      9,
      11,
      8,
      1,
      0
    ],
    "non_winners_count": [
      164,
      477,
      1125,
      1837,
      2211,
      1955,
      1298,
      594,
      173
    ],
    "winners_mean": 3.696969696969697,
    "non_winners_mean": 4.086536505999593
  },
  "Elite 8": {
    "bin_center": [
      0.0,
      1.0,
      2.0,
      3.0,
      4.0
    ],
    "bin_start": [
      -0.5,
      0.5,
      1.5,
      2.5,
      3.5
    ],
    "bin_end": [
      0.5,
      1.5,
      2.5,
      3.5,
      4.5
    ],
    "winners_density": [
      0.045454545454545456,
      0.2727272727272727,
      0.30303030303030304,
      0.30303030303030304,
      0.07575757575757576
    ],
    "non_winners_density": [
      0.0713849908480781,
      0.20652837095790116,
      0.31553792963188937,
      0.27689648159446817,
      0.1296522269676632
    ],
    "winners_count": [
      3,
      18,
      20,
      20,
      5
    ],
    "non_winners_count": [
      702,
      2031,
      3103,
      2723,
      1275
    ],
    "winners_mean": 2.090909090909091,
    "non_winners_mean": 2.1869025828757374
  },