round,mean_madness,std_madness
First Round,17.32292893768638,2.4075170932486105
Second Round,9.203757110287242,2.0659347038550036
Sweet 16,4.687361687513177,1.061240025237365
Elite 8,2.296096758675169,0.722220230089924
Final Four,0.9430964124882382,0.5442341753547226
Championship,0.6781575939386358,0.37608977238617836
