round,mean_madness,std_madness,losers_mean_madness,losers_std_madness
First Round,18.345181112421237,3.4739078814528286,18.758314288799287,3.4186567393310114
Second Round,8.65966274438765,1.864609003680187,9.307709990162307,2.064295820348542
Sweet 16,4.863645664102638,0.9987336762777489,4.758064504943362,1.2698139673780222
Elite 8,2.3508970761387133,0.7523598470943915,2.327882503587417,0.8707590888462714
Final Four,1.192696219120127,0.5268682061156895,1.2487516774418888,0.5445392794394952
Championship,0.6498578602937625,0.28687211252843087,0.6338138877271547,0.3612523006911424
