round,max_advantage_upsets,max_advantage,max_density_upsets,mode_upsets,mean_upsets,std_upsets,losers_mean_upsets,losers_std_upsets,num_pools
First Round,8.0,0.12507626601586336,8.0,8.0,8.893939393939394,2.8504586971583525,10.107484238356722,3.5935645872808255,66
Second Round,6.0,0.0911124669513931,6.0,6.0,5.878787878787879,2.107095886811208,6.800081350416921,2.641808070531485,66
Sweet 16,4.0,0.07484238356721581,4.0,4.0,3.590909090909091,1.4562017085479477,4.114297335773846,1.7147486711899775,66
Elite 8,3.0,0.057657107992678425,2.0,2.0,2.0303030303030303,0.9842655617522251,2.193105552165955,1.1285258199889003,66
Final Four,,,,1.0,0.7878787878787878,0.6205494219492796,0.8662802521862925,0.7460259114315332,66
Championship,,,,0.0,0.15151515151515152,0.3612978418647565,0.33557046979865773,0.47218950602249293,66
Total Upsets,20.0,0.11287370347773032,20.0,20.0,21.333333333333332,6.1208370722186745,24.416819198698395,8.279429842804236,66
