round,max_advantage_upsets,max_advantage,max_density_upsets,mode_upsets,mean_upsets,std_upsets,num_pools
First Round,9.0,0.10819605450477934,9.0,9.0,8.712121212121213,3.0538855107191476,66
Second Round,6.0,0.07931665649786454,6.0,6.0,5.924242424242424,2.3951377898024107,66
Sweet 16,3.0,0.222290014236323,3.0,3.0,3.696969696969697,1.392291516080017,66
Elite 8,1.0,0.06619890176937154,2.0,2.0,2.090909090909091,1.0258370230188338,66
Final Four,,,,1.0,0.7727272727272727,0.6971470332820661,66
Championship,,,,0.0,0.3181818181818182,0.46933966408105793,66
Total Upsets,17.0,0.04321740898922107,17.0,17.0,21.515151515151516,7.08229209653764,66
