{
  "First Round": {
    "bin_center": [
      0.0,
      1.0,
      2.0,
      3.0,
      4.0,
      5.0,
      6.0,
      7.0,
      8.0,
      9.0,
      10.0,
      11.0,
      12.0,
      13.0,
      14.0,
      15.0,
      16.0,
      17.0,
      18.0,
      19.0,
      20.0,
      21.0,
      22.0,
      23.0,
      24.0,
      25.0,
      26.0,
      27.0,
      28.0,
      29.0,
      30.0,
      31.0,
      32.0
    ],
    "bin_start": [
      -0.5,
      0.5,
      1.5,
      2.5,
      3.5,
      4.5,
      5.5,
      6.5,
      7.5,
      8.5,
      9.5,
      10.5,
      11.5,
      12.5,
      13.5,
      14.5,
      15.5,
      16.5,
      17.5,
      18.5,
      19.5,
      20.5,
      21.5,
      22.5,
      23.5,
      24.5,
      25.5,
      26.5,
      27.5,
      28.5,
      29.5,
      30.5,
      31.5
    ],
    "bin_end": [
      0.5,
      1.5,
      2.5,
      3.5,
      4.5,
      5.5,
      6.5,
      7.5,
      8.5,
      9.5,
      10.5,
      11.5,
      12.5,
      13.5,
      14.5,
      15.5,
      16.5,
      17.5,
      18.5,
      19.5,
      20.5,
      21.5,
      22.5,
      23.5,
      24.5,
      25.5,
      26.5,
      27.5,
      28.5,
      29.5,
      30.5,
      31.5,
      32.5
    ],
    "winners_density": [
      0.0,
      0.02,
      0.04,
      0.075,
      0.1,
      0.06,
      0.115,
      0.13,
      0.09,
      0.125,
      0.075,
      0.075,
      0.03,
      0.025,
      0.03,
      0.005,
      0.0,
      0.0,
      0.005,
      0.0,
      0.0,
      0.0,
      0.0,
      0.0,
      0.0,
      0.0,
      0.0,
      0.0,
      0.0,
      0.0,
      0.0,
      0.0,
      0.0
    ],
    "non_winners_density": [
      0.004489795918367347,
      0.007959183673469388,
      0.013469387755102041,
      0.01969387755102041,
      0.02826530612244898,
      0.03744897959183673,
      0.05275510204081633,
      0.06846938775510204,
      0.08632653061224489,
      0.10020408163265306,
      0.11387755102040817,
      0.11602040816326531,
      0.09479591836734694,
      0.08428571428571428,
      0.06346938775510204,
      0.0476530612244898,
      0.029693877551020407,
      0.014591836734693877,
      0.007551020408163266,
      0.005510204081632653,
      0.0017346938775510204,
      0.0008163265306122449,
      0.0009183673469387755,
      0.0,
      0.0,
      0.0,
      0.0,
      0.0,
      0.0,
      0.0,
      0.0,
      0.0,
      0.0
    ],
    "winners_count": [
      0,
      4,
      8,
      15,
      20,
      12,
      23,
      26,
      18,
      25,
      15,
      15,
      6,
      5,
      6,
      1,
      0,
      0,
      1,
      0,
      0,
      0,
      0,
      0,
      0,
      0,
      0,
      0,
      0,
      0,
      0,
      0,
      0
    ],
    "non_winners_count": [
      44,
      78,
      132,
      193,
      277,
      367,
      517,
      671,
      846,
      982,
      1116,
      1137,
      929,
      826,
      622,
      467,
      291,
      143,
      74,
      54,
      17,
      8,
      9,
      0,
      0,
      0,
      0,
      0,
      0,
      0,
      0,
      0,
      0
    ],
    "winners_mean": 7.315,
    "non_winners_mean": 10.07
  },
  "Second Round": {
    "bin_center": [
      0.0,
      1.0,
      2.0,
      3.0,
      4.0,
      5.0,
      6.0,
      7.0,
      8.0,
      9.0,
      10.0,
      11.0,
      12.0,
      13.0,
      14.0,
      15.0,
      16.0
    ],
    "bin_start": [
      -0.5,
      0.5,
      1.5,
      2.5,
      3.5,
      4.5,
      5.5,
      6.5,
      7.5,
      8.5,
      9.5,
      10.5,
      11.5,
      12.5,
      13.5,
      14.5,
      15.5
    ],
    "bin_end": [
      0.5,
      1.5,
      2.5,
      3.5,
      4.5,
      5.5,
      6.5,
      7.5,
      8.5,
      9.5,
      10.5,
      11.5,
      12.5,
      13.5,
      14.5,
      15.5,
      16.5
    ],
    "winners_density": [
      0.02,
      0.04,
      0.115,
      0.11,
      0.225,
      0.135,
      0.155,
      0.105,
      0.06,
      0.01,
      0.02,
      0.005,
      0.0,
      0.0,
      0.0,
      0.0,
      0.0
    ],
    "non_winners_density": [
      0.007653061224489796,
      0.018367346938775512,
      0.03469387755102041,
      0.055612244897959184,
      0.08816326530612245,
      0.11908163265306122,
      0.13908163265306123,
      0.1469387755102041,
      0.12510204081632653,
      0.10673469387755102,
      0.07377551020408163,
      0.04510204081632653,
      0.02316326530612245,
      0.010510204081632652,
      0.004489795918367347,
      0.001326530612244898,
      0.00020408163265306123
    ],
    "winners_count": [
      4,
      8,
      23,
      22,
      45,
      27,
      31,
      21,
      12,
      2,
      4,
      1,
      0,
      0,
      0,
      0,
      0
    ],
    "non_winners_count": [
      75,
      180,
      340,
      545,
      864,
      1167,
      1363,
      1440,
      1226,
      1046,
      723,
      442,
      227,
      103,
      44,
      13,
      2
    ],
    "winners_mean": 4.665,
    "non_winners_mean": 6.761632653061224
  },
  "Sweet 16": {
    "bin_center": [
      0.0,
      1.0,
      2.0,
      3.0,
      4.0,
      5.0,
      6.0,
      7.0,
      8.0
    ],
    "bin_start": [
      -0.5,
      0.5,
      1.5,
      2.5,
      3.5,
      4.5,
      5.5,
      6.5,
      7.5
    ],
    "bin_end": [
      0.5,
      1.5,
      2.5,
      3.5,
      4.5,
      5.5,
      6.5,
      7.5,
      8.5
    ],
    "winners_density": [
      0.055,
      0.13,
      0.23,
      0.265,
      0.145,
      0.11,
      0.06,
      0.005,
      0.0
    ],
    "non_winners_density": [
      0.018163265306122448,
      0.05336734693877551,
      0.11551020408163265,
      0.18010204081632653,
      0.21928571428571428,
      0.19224489795918367,
      0.13285714285714287,
      0.06887755102040816,
      0.019591836734693877
    ],
    "winners_count": [
      11,
      26,
      46,
      53,
      29,
      22,
      12,
      1,
      0
    ],
    "non_winners_count": [
      178,
      523,
      1132,
      1765,
      2149,
      1884,
      1302,
      675,
      192
    ],
    "winners_mean": 2.91,
    "non_winners_mean": 4.0990816326530615
  },
  "Elite 8": {
    "bin_center": [
      0.0,
      1.0,
      2.0,
      3.0,
      4.0
    ],
    "bin_start": [
      -0.5,
      0.5,
      1.5,
      2.5,
      3.5
    ],
    "bin_end": [
      0.5,
      1.5,
      2.5,
      3.5,
      4.5
    ],
    "winners_density": [
      0.195,
      0.305,
      0.355,
      0.105,
      0.04
    ],
    "non_winners_density": [
      0.07826530612244897,
      0.1963265306122449,
      0.3106122448979592,
      0.2736734693877551,
      0.14112244897959184
    ],
    "winners_count": [
      39,
      61,
      71,
      21,
      8
    ],
    "non_winners_count": [
      767,
      1924,
      3044,
      2682,
      1383
    ],
    "winners_mean": 1.49,
    "non_winners_mean": 2.203061224489796
  },
  "Total Upsets": {
    "bin_center": [
      0.0,
      1.0,
      2.0,
      3.0,
      4.0,
      5.0,
      6.0,
      7.0,
      8.0,
      9.0,
      10.0,
      11.0,
      12.0,
      13.0,
      14.0,
      15.0,
      16.0,
      17.0,
      18.0,
      19.0,
      20.0,
      21.0,
      22.0,
      23.0,
      24.0,
      25.0,
      26.0,
      27.0,
      28.0,
      29.0,
      30.0,
      31.0,
      32.0,
      33.0,
      34.0,
      35.0,
      36.0,
      37.0,
      38.0,
      39.0,
      40.0,
      41.0,
      42.0,
      43.0,
      44.0,
      45.0,
      46.0,
      47.0,
      48.0,
      49.0,
      50.0,
      51.0,
      52.0
    ],