{
  "First Round": {
    "bin_center": [
      0.0,
      1.0,
      2.0,
      3.0,
      4.0,
      5.0,
      6.0,
      7.0,
      8.0,
      9.0,
      10.0,
      11.0,
      12.0,
      13.0,
      14.0,
      15.0,
      16.0,
      17.0,
      18.0,
      19.0,
      20.0,
      21.0,
      22.0,
      23.0,
      24.0,
      25.0,
      26.0,
      27.0,
      28.0,
      29.0,
      30.0,
      31.0,
      32.0
    ],
    "bin_start": [
      -0.5,
      0.5,
      1.5,
      2.5,
      3.5,
      4.5,
      5.5,
      6.5,
      7.5,
      8.5,
      9.5,
      10.5,
      11.5,
      12.5,
      13.5,
      14.5,
      15.5,
      16.5,
      17.5,
      18.5,
      19.5,
      20.5,
      21.5,
      22.5,
      23.5,
      24.5,
      25.5,
      26.5,
      27.5,
      28.5,
      29.5,
      30.5,
      31.5
    ],
    "bin_end": [
      0.5,
      1.5,
      2.5,
      3.5,
      4.5,
      5.5,
      6.5,
      7.5,
      8.5,
      9.5,
      10.5,
      11.5,
      12.5,
      13.5,
      14.5,
      15.5,
      16.5,
      17.5,
      18.5,
      19.5,
      20.5,
      21.5,
      22.5,
      23.5,
      24.5,
      25.5,
      26.5,
      27.5,
      28.5,
      29.5,
      30.5,
      31.5,
      32.5
    ],
    "winners_density": [
      0.0,
      0.1,
      0.0,
      0.15,
      0.15,
      0.05,
      0.05,
      0.05,
      0.1,
      0.15,
      0.05,
      0.0,
      0.05,
      0.0,
      0.1,
      0.0,
      0.0,
      0.0,
      0.0,
      0.0,
      0.0,
      0.0,
      0.0,
      0.0,
      0.0,
      0.0,
      0.0,
      0.0,
      0.0,
      0.0,
      0.0,
      0.0,
      0.0
    ],
    "non_winners_density": [
      0.003061224489795918,
      0.00510204081632653,
      0.011224489795918367,
      0.012244897959183673,
      0.02346938775510204,
      0.04081632653061224,
      0.06836734693877551,
      0.09081632653061225,
      0.10918367346938776,
      0.11428571428571428,
      0.11938775510204082,
      0.11938775510204082,
      0.09183673469387756,
      0.05918367346938776,
      0.05612244897959184,
      0.0326530612244898,
      0.015306122448979591,
      0.017346938775510204,
      0.006122448979591836,
      0.004081632653061225,
      0.0,
      0.0,
      0.0,
      0.0,
      0.0,
      0.0,
      0.0,
      0.0,
      0.0,
      0.0,
      0.0,
      0.0,
      0.0
    ],
    "winners_count": [
      0,
      2,
      0,
      3,
      3,
      1,
      1,
      1,
      2,
      3,
      1,
      0,
      1,
      0,
      2,
      0,
      0,
      0,
      0,
      0,
      0,
      0,
      0,
      0,
      0,
      0,
      0,
      0,
      0,
      0,
      0,
      0,
      0
    ],
    "non_winners_count": [
      3,
      5,
      11,
      12,
      23,
      40,
      67,
      89,
      107,
      112,
      117,
      117,
      90,
      58,
      55,
      32,
      15,
      17,
      6,
      4,
      0,
      0,
      0,
      0,
      0,
      0,
      0,
      0,
      0,
      0,
      0,
      0,
      0
    ],
    "winners_mean": 6.7,
    "non_winners_mean": 9.691836734693878
  },
  "Second Round": {
    "bin_center": [
      0.0,
      1.0,
      2.0,
      3.0,
      4.0,
      5.0,
      6.0,
      7.0,
      8.0,
      9.0,
      10.0,
      11.0,
      12.0,
      13.0,
      14.0,
      15.0,
      16.0
    ],
    "bin_start": [
      -0.5,
      0.5,
      1.5,
      2.5,
      3.5,
      4.5,
      5.5,
      6.5,
      7.5,
      8.5,
      9.5,
      10.5,
      11.5,
      12.5,
      13.5,
      14.5,
      15.5
    ],
    "bin_end": [
      0.5,
      1.5,
      2.5,
      3.5,
      4.5,
      5.5,
      6.5,
      7.5,
      8.5,
      9.5,
      10.5,
      11.5,
      12.5,
      13.5,
      14.5,
      15.5,
      16.5
    ],
    "winners_density": [
      0.05,
      0.15,
      0.1,
      0.05,
      0.2,
      0.1,
      0.15,
      0.05,
      0.05,
      0.1,
      0.0,
      0.0,
      0.0,
      0.0,
      0.0,
      0.0,
      0.0
    ],
    "non_winners_density": [
      0.00816326530612245,
      0.012244897959183673,
      0.03163265306122449,
      0.04693877551020408,
      0.08673469387755102,
      0.12857142857142856,
      0.14591836734693878,
      0.13877551020408163,
      0.1510204081632653,
      0.09897959183673469,
      0.07040816326530612,
      0.04897959183673469,
      0.024489795918367346,
      0.003061224489795918,
      0.003061224489795918,
      0.0010204081632653062,
      0.0
    ],
    "winners_count": [
      1,
      3,
      2,
      1,
      4,
      2,
      3,
      1,
      1,
      2,
      0,
      0,
      0,
      0,
      0,
      0,
      0
    ],
    "non_winners_count": [
      8,
      12,
      31,
      46,
      85,
      126,
      143,
      136,
      148,
      97,
      69,
      48,
      24,
      3,
      3,
      1,
      0
    ],
    "winners_mean": 4.35,
    "non_winners_mean": 6.786734693877551
  },
  "Sweet 16": {
    "bin_center": [
      0.0,
      1.0,
      2.0,
      3.0,
      4.0,
      5.0,
      6.0,
      7.0,
      8.0
    ],
    "bin_start": [
      -0.5,
      0.5,
      1.5,
      2.5,
      3.5,
      4.5,
      5.5,
      6.5,
      7.5
    ],
    "bin_end": [
      0.5,
      1.5,
      2.5,
      3.5,
      4.5,
      5.5,
      6.5,
      7.5,
      8.5
    ],
    "winners_density": [
      0.2,
      0.1,
      0.25,
      0.1,
      0.3,
      0.05,
      0.0,
      0.0,
      0.0
    ],
    "non_winners_density": [
      0.011224489795918367,
      0.053061224489795916,
      0.11632653061224489,
      0.1704081632653061,
      0.21836734693877552,
      0.2316326530612245,
      0.11836734693877551,
      0.06428571428571428,
      0.0163265306122449
    ],
    "winners_count": [
      4,
      2,
      5,
      2,
      6,
      1,
      0,
      0,
      0
    ],
    "non_winners_count": [
      11,
      52,
      114,
      167,
      214,
      227,
      116,
      63,
      16
    ],
    "winners_mean": 2.35,
    "non_winners_mean": 4.119387755102041
  },
  "Elite 8": {
    "bin_center": [
      0.0,
      1.0,
      2.0,
      3.0,
      4.0
    ],
    "bin_start": [
      -0.5,
      0.5,
      1.5,
      2.5,
      3.5
    ],
    "bin_end": [
      0.5,
      1.5,
      2.5,
      3.5,
      4.5
    ],
    "winners_density": [
      0.15,
      0.25,
      0.35,
      0.25,
      0.0
    ],
    "non_winners_density": [
      0.058163265306122446,
      0.2030612244897959,
      0.3173469387755102,
      0.3020408163265306,
      0.11938775510204082
    ],
    "winners_count": [
      3,
      5,
      7,
      5,
      0
    ],
    "non_winners_count": [
      57,
      199,
      311,
      296,
      117
    ],
    "winners_mean": 1.7,
    "non_winners_mean": 2.2214285714285715
  },
  "Total Upsets": {
    "bin_center": [
      0.0,
      1.0,
      2.0,
      3.0,
      4.0,
      5.0,
      6.0,
      7.0,
      8.0,
      9.0,
      10.0,
      11.0,
      12.0,
      13.0,
      14.0,
      15.0,
      16.0,
      17.0,
      18.0,
      19.0,
      20.0,
      21.0,
      22.0,
      23.0,
      24.0,
      25.0,
      26.0,
      27.0,
      28.0,
      29.0,
      30.0,
      31.0,
      32.0,
      33.0,
      34.0,
      35.0,
      36.0,
      37.0,
      38.0,
      39.0,
      40.0,
      41.0,
      42.0,
      43.0,
      44.0,
      45.0,
      46.0,
      47.0,
      48.0
    ],