{
  "First Round": {
    "bin_center": [
      0.0,
      1.0,
      2.0,
      3.0,
      4.0,
      5.0,
      6.0,
      7.0,
      8.0,
      9.0,
      10.0,
      11.0,
      12.0,
      13.0,
      14.0,
      15.0,
      16.0,
      17.0,
      18.0,
      19.0,
      20.0,
      21.0,
      22.0,
      23.0,
      24.0,
      25.0,
      26.0,
      27.0,
      28.0,
      29.0,
      30.0,
      31.0,
      32.0
    ],
    "bin_start": [
      -0.5,
      0.5,
      1.5,
      2.5,
      3.5,
      4.5,
      5.5,
      6.5,
      7.5,
      8.5,
      9.5,
      10.5,
      11.5,
      12.5,
      13.5,
      14.5,
      15.5,
      16.5,
      17.5,
      18.5,
      19.5,
      20.5,
      21.5,
      22.5,
      23.5,
      24.5,
      25.5,
      26.5,
      27.5,
      28.5,
      29.5,
      30.5,
      31.5
    ],
    "bin_end": [
      0.5,
      1.5,
      2.5,
      3.5,
      4.5,
      5.5,
      6.5,
      7.5,
      8.5,
      9.5,
      10.5,
      11.5,
      12.5,
      13.5,
      14.5,
      15.5,
      16.5,
      17.5,
      18.5,
      19.5,
      20.5,
      21.5,
      22.5,
      23.5,
      24.5,
      25.5,
      26.5,
      27.5,
      28.5,
      29.5,
      30.5,
      31.5,
      32.5
    ],
    "winners_density": [
      0.05,
      0.0,
      0.15,
      0.1,
      0.05,
      0.1,
      0.05,
      0.0,
      0.1,
      0.0,
      0.1,
      0.2,
      0.05,
      0.05,
      0.0,
      0.0,
      0.0,
      0.0,
      0.0,
      0.0,
      0.0,
      0.0,
      0.0,
      0.0,
      0.0,
      0.0,
      0.0,
      0.0,
      0.0,
      0.0,
      0.0,
      0.0,
      0.0
    ],
    "non_winners_density": [
      0.0,
      0.009183673469387756,
      0.011224489795918367,
      0.027551020408163266,
      0.02959183673469388,
      0.036734693877551024,
      0.044897959183673466,
      0.07959183673469387,
      0.06938775510204082,
      0.09591836734693877,
      0.12959183673469388,
      0.11224489795918367,
      0.10204081632653061,
      0.08061224489795918,
      0.05510204081632653,
      0.04591836734693878,
      0.03571428571428571,
      0.015306122448979591,
      0.009183673469387756,
      0.00816326530612245,
      0.0020408163265306124,
      0.0,
      0.0,
      0.0,
      0.0,
      0.0,
      0.0,
      0.0,
      0.0,
      0.0,
      0.0,
      0.0,
      0.0
    ],
    "winners_count": [
      1,
      0,
      3,
      2,
      1,
      2,
      1,
      0,
      2,
      0,
      2,
      4,
      1,
      1,
      0,
      0,
      0,
      0,
      0,
      0,
      0,
      0,
      0,
      0,
      0,
      0,
      0,
      0,
      0,
      0,
      0,
      0,
      0
    ],
    "non_winners_count": [
      0,
      9,
      11,
      27,
      29,
      36,
      44,
      78,
      68,
      94,
      127,
      110,
      100,
      79,
      54,
      45,
      35,
      15,
      9,
      8,
      2,
      0,
      0,
      0,
      0,
      0,
      0,
      0,
      0,
      0,
      0,
      0,
      0
    ],
    "winners_mean": 6.85,
    "non_winners_mean": 10.11734693877551
  },
  "Second Round": {
    "bin_center": [
      0.0,
      1.0,
      2.0,
      3.0,
      4.0,
      5.0,
      6.0,
      7.0,
      8.0,
      9.0,
      10.0,
      11.0,
      12.0,
      13.0,
      14.0,
      15.0,
      16.0
    ],
    "bin_start": [
      -0.5,
      0.5,
      1.5,
      2.5,
      3.5,
      4.5,
      5.5,
      6.5,
      7.5,
      8.5,
      9.5,
      10.5,
      11.5,
      12.5,
      13.5,
      14.5,
      15.5
    ],
    "bin_end": [
      0.5,
      1.5,
      2.5,
      3.5,
      4.5,
      5.5,
      6.5,
      7.5,
      8.5,
      9.5,
      10.5,
      11.5,
      12.5,
      13.5,
      14.5,
      15.5,
      16.5
    ],
    "winners_density": [
      0.1,
      0.0,
      0.05,
      0.15,
      0.25,
      0.15,
      0.05,
      0.1,
      0.05,
      0.1,
      0.0,
      0.0,
      0.0,
      0.0,
      0.0,
      0.0,
      0.0
    ],
    "non_winners_density": [
      0.00510204081632653,
      0.02142857142857143,
      0.036734693877551024,
      0.05612244897959184,
      0.07857142857142857,
      0.10306122448979592,
      0.14489795918367346,
      0.1520408163265306,
      0.14285714285714285,
      0.10816326530612246,
      0.06428571428571428,
      0.04387755102040816,
      0.027551020408163266,
      0.011224489795918367,
      0.0020408163265306124,
      0.0020408163265306124,
      0.0
    ],
    "winners_count": [
      2,
      0,
      1,
      3,
      5,
      3,
      1,
      2,
      1,
      2,
      0,
      0,
      0,
      0,
      0,
      0,
      0
    ],
    "non_winners_count": [
      5,
      21,
      36,
      55,
      77,
      101,
      142,
      149,
      140,
      106,
      63,
      43,
      27,
      11,
      2,
      2,
      0
    ],
    "winners_mean": 4.6,
    "non_winners_mean": 6.8040816326530615
  },
  "Sweet 16": {
    "bin_center": [
      0.0,
      1.0,
      2.0,
      3.0,
      4.0,
      5.0,
      6.0,
      7.0,
      8.0
    ],
    "bin_start": [
      -0.5,
      0.5,
      1.5,
      2.5,
      3.5,
      4.5,
      5.5,
      6.5,
      7.5
    ],
    "bin_end": [
      0.5,
      1.5,
      2.5,
      3.5,
      4.5,
      5.5,
      6.5,
      7.5,
      8.5
    ],
    "winners_density": [
      0.05,
      0.2,
      0.2,
      0.25,
      0.15,
      0.1,
      0.0,
      0.05,
      0.0
    ],
    "non_winners_density": [
      0.017346938775510204,
      0.05408163265306123,
      0.10714285714285714,
      0.17755102040816326,
      0.21428571428571427,
      0.2153061224489796,
      0.1306122448979592,
      0.05918367346938776,
      0.024489795918367346
    ],
    "winners_count": [
      1,
      4,
      4,
      5,
      3,
      2,
      0,
      1,
      0
    ],
    "non_winners_count": [
      17,
      53,
      105,
      174,
      210,
      211,
      128,
      58,
      24
    ],
    "winners_mean": 2.8,
    "non_winners_mean": 4.128571428571429
  },
  "Elite 8": {
    "bin_center": [
      0.0,
      1.0,
      2.0,
      3.0,
      4.0
    ],
    "bin_start": [
      -0.5,
      0.5,
      1.5,
      2.5,
      3.5
    ],
    "bin_end": [
      0.5,
      1.5,
      2.5,
      3.5,
      4.5
    ],
    "winners_density": [
      0.1,
      0.5,
      0.2,
      0.2,
      0.0
    ],
    "non_winners_density": [
      0.09489795918367347,
      0.18571428571428572,
      0.30714285714285716,
      0.286734693877551,
      0.12551020408163266
    ],
    "winners_count": [
      2,
      10,
      4,
      4,
      0
    ],
    "non_winners_count": [
      93,
      182,
      301,
      281,
      123
    ],
    "winners_mean": 1.5,
    "non_winners_mean": 2.1622448979591837
  },
  "Total Upsets": {
    "bin_center": [
      0.0,
      1.0,
      2.0,
      3.0,
      4.0,
      5.0,
      6.0,
      7.0,
      8.0,
      9.0,
      10.0,
      11.0,
      12.0,
      13.0,
      14.0,
      15.0,
      16.0,
      17.0,
      18.0,
      19.0,
      20.0,
      21.0,
      22.0,
      23.0,
      24.0,
      25.0,
      26.0,
      27.0,
      28.0,
      29.0,
      30.0,
      31.0,
      32.0,
      33.0,
      34.0,
      35.0,
      36.0,
      37.0,
      38.0,
      39.0,
      40.0,
      41.0,
      42.0,
      43.0,
      44.0,
      45.0,
      46.0,
      47.0
    ],