{
  "First Round": {
    "bin_center": [
      0.0,
      1.0,
      2.0,
      3.0,
      4.0,
      5.0,
      6.0,
      7.0,
      8.0,
      9.0,
      10.0,
      11.0,
      12.0,
      13.0,
      14.0,
      15.0,
      16.0,
      17.0,
      18.0,
      19.0,
      20.0,
      21.0,
      22.0,
      23.0,
      24.0,
      25.0,
      26.0,
      27.0,
      28.0,
      29.0,
      30.0,
      31.0,
      32.0
    ],
    "bin_start": [
      -0.5,
      0.5,
      1.5,
      2.5,
      3.5,
      4.5,
      5.5,
      6.5,
      7.5,
      8.5,
      9.5,
      10.5,
      11.5,
      12.5,
      13.5,
      14.5,
      15.5,
      16.5,
      17.5,
      18.5,
      19.5,
      20.5,
      21.5,
      22.5,
      23.5,
      24.5,
      25.5,
      26.5,
      27.5,
      28.5,
      29.5,
      30.5,
      31.5
    ],
    "bin_end": [
      0.5,
      1.5,
      2.5,
      3.5,
      4.5,
      5.5,
      6.5,
      7.5,
      8.5,
      9.5,
      10.5,
      11.5,
      12.5,
      13.5,
      14.5,
      15.5,
      16.5,
      17.5,
      18.5,
      19.5,
      20.5,
      21.5,
      22.5,
      23.5,
      24.5,
      25.5,
      26.5,
      27.5,
      28.5,
      29.5,
      30.5,
      31.5,
      32.5
    ],
    "winners_density": [
      0.01,
      0.035,
      0.04,
      0.04,
      0.045,
      0.105,
      0.125,
      0.105,
      0.12,
      0.085,
      0.11,
      0.07,
      0.04,
      0.03,
      0.02,
      0.015,
      0.0,
      0.005,
      0.0,
      0.0,
      0.0,
      0.0,
      0.0,
      0.0,
      0.0,
      0.0,
      0.0,
      0.0,
      0.0,
      0.0,
      0.0,
      0.0,
      0.0
    ],
    "non_winners_density": [
      0.005204081632653061,
      0.01020408163265306,
      0.013163265306122449,
      0.019489795918367348,
      0.024081632653061225,
      0.03663265306122449,
      0.055612244897959184,
      0.07010204081632652,
      0.08714285714285715,
      0.10234693877551021,
      0.1123469387755102,
      0.10775510204081633,
      0.10102040816326531,
      0.08520408163265306,
      0.06173469387755102,
      0.043163265306122446,
      0.028775510204081634,
      0.017755102040816328,
      0.008775510204081632,
      0.005918367346938775,
      0.002346938775510204,
      0.0008163265306122449,
      0.0003061224489795918,
      0.00010204081632653062,
      0.0,
      0.0,
      0.0,
      0.0,
      0.0,
      0.0,
      0.0,
      0.0,
      0.0
    ],
    "winners_count": [
      2,
      7,
      8,
      8,
      9,
      21,
      25,
      21,
      24,
      17,
      22,
      14,
      8,
      6,
      4,
      3,
      0,
      1,
      0,
      0,
      0,
      0,
      0,
      0,
      0,
      0,
      0,
      0,
      0,
      0,
      0,
      0,
      0
    ],
    "non_winners_count": [
      51,
      100,
      129,
      191,
      236,
      359,
      545,
      687,
      854,
      1003,
      1101,
      1056,
      990,
      835,
      605,
      423,
      282,
      174,
      86,
      58,
      23,
      8,
      3,
      1,
      0,
      0,
      0,
      0,
      0,
      0,
      0,
      0,
      0
    ],
    "winners_mean": 7.48,
    "non_winners_mean": 10.063367346938776
  },
  "Second Round": {
    "bin_center": [
      0.0,
      1.0,
      2.0,
      3.0,
      4.0,
      5.0,
      6.0,
      7.0,
      8.0,
      9.0,
      10.0,
      11.0,
      12.0,
      13.0,
      14.0,
      15.0,
      16.0
    ],
    "bin_start": [
      -0.5,
      0.5,
      1.5,
      2.5,
      3.5,
      4.5,
      5.5,
      6.5,
      7.5,
      8.5,
      9.5,
      10.5,
      11.5,
      12.5,
      13.5,
      14.5,
      15.5
    ],
    "bin_end": [
      0.5,
      1.5,
      2.5,
      3.5,
      4.5,
      5.5,
      6.5,
      7.5,
      8.5,
      9.5,
      10.5,
      11.5,
      12.5,
      13.5,
      14.5,
      15.5,
      16.5
    ],
    "winners_density": [
      0.02,
      0.07,
      0.095,
      0.09,
      0.185,
      0.135,
      0.175,
      0.1,
      0.07,
      0.035,
      0.01,
      0.015,
      0.0,
      0.0,
      0.0,
      0.0,
      0.0
    ],
    "non_winners_density": [
      0.008877551020408164,
      0.017653061224489796,
      0.03397959183673469,
      0.05673469387755102,
      0.08612244897959184,
      0.11571428571428571,
      0.14581632653061224,
      0.1436734693877551,
      0.13214285714285715,
      0.10061224489795918,
      0.07540816326530612,
      0.04255102040816326,
      0.02346938775510204,
      0.01183673469387755,
      0.004387755102040816,
      0.0010204081632653062,
      0.0
    ],
    "winners_count": [
      4,
      14,
      19,
      18,
      37,
      27,
      35,
      20,
      14,
      7,
      2,
      3,
      0,
      0,
      0,
      0,
      0
    ],
    "non_winners_count": [
      87,
      173,
      333,
      556,
      844,
      1134,
      1429,
      1408,
      1295,
      986,
      739,
      417,
      230,
      116,
      43,
      10,
      0
    ],
    "winners_mean": 4.835,
    "non_winners_mean": 6.756530612244898
  },
  "Sweet 16": {
    "bin_center": [
      0.0,
      1.0,
      2.0,
      3.0,
      4.0,
      5.0,
      6.0,
      7.0,
      8.0
    ],
    "bin_start": [
      -0.5,
      0.5,
      1.5,
      2.5,
      3.5,
      4.5,
      5.5,
      6.5,
      7.5
    ],
    "bin_end": [
      0.5,
      1.5,
      2.5,
      3.5,
      4.5,
      5.5,
      6.5,
      7.5,
      8.5
    ],
    "winners_density": [
      0.05,
      0.125,
      0.2,
      0.28,
      0.16,
      0.11,
      0.065,
      0.01,
      0.0
    ],
    "non_winners_density": [
      0.018979591836734692,
      0.05551020408163265,
      0.11520408163265305,
      0.18142857142857144,
      0.21857142857142858,
      0.2010204081632653,
      0.12806122448979593,
      0.0626530612244898,
      0.018571428571428572
    ],
    "winners_count": [
      10,
      25,
      40,
      56,
      32,
      22,
      13,
      2,
      0
    ],
    "non_winners_count": [
      186,
      544,
      1129,
      1778,
      2142,
      1970,
      1255,
      614,
      182
    ],
    "winners_mean": 3.015,
    "non_winners_mean": 4.065102040816327
  },
  "Elite 8": {
    "bin_center": [
      0.0,
      1.0,
      2.0,
      3.0,
      4.0
    ],
    "bin_start": [
      -0.5,
      0.5,
      1.5,
      2.5,
      3.5
    ],
    "bin_end": [
      0.5,
      1.5,
      2.5,
      3.5,
      4.5
    ],
    "winners_density": [
      0.18,
      0.3,
      0.325,
      0.155,
      0.04
    ],
    "non_winners_density": [
      0.07755102040816327,
      0.20673469387755103,
      0.313469387755102,
      0.27040816326530615,
      0.13183673469387755
    ],
    "winners_count": [
      36,
      60,
      65,
      31,
      8
    ],
    "non_winners_count": [
      760,
      2026,
      3072,
      2650,
      1292
    ],
    "winners_mean": 1.575,
    "non_winners_mean": 2.1722448979591835
  },
  "Total Upsets": {
    "bin_center": [
      0.0,
      1.0,
      2.0,
      3.0,
      4.0,
      5.0,
      6.0,
      7.0,
      8.0,
      9.0,
      10.0,
      11.0,
      12.0,
      13.0,
      14.0,
      15.0,
      16.0,
      17.0,
      18.0,
      19.0,
      20.0,
      21.0,
      22.0,
      23.0,
      24.0,
      25.0,
      26.0,
      27.0,
      28.0,
      29.0,
      30.0,
      31.0,
      32.0,
      33.0,
      34.0,
      35.0,
      36.0,
      37.0,
      38.0,
      39.0,
      40.0,
      41.0,
      42.0,
      43.0,
      44.0,
      45.0,
      46.0,
      47.0,
      48.0,
      49.0,
      50.0,
      51.0,
      52.0,
      53.0
    ],