{
  "First Round": {
    "bin_center": [
      0.0,
      1.0,
      2.0,
      3.0,
      4.0,
      5.0,
      6.0,
      7.0,
      8.0,
      9.0,
      10.0,
      11.0,
      12.0,
      13.0,
      14.0,
      15.0,
      16.0,
      17.0,
      18.0,
      19.0,
      20.0,
      21.0,
      22.0,
      23.0,
      24.0,
      25.0,
      26.0,
      27.0,
      28.0,
      29.0,
      30.0,
      31.0,
      32.0
    ],
    "bin_start": [
      -0.5,
      0.5,
      1.5,
      2.5,
      3.5,
      4.5,
      5.5,
      6.5,
      7.5,
      8.5,
      9.5,
      10.5,
      11.5,
      12.5,
      13.5,
      14.5,
      15.5,
      16.5,
      17.5,
      18.5,
      19.5,
      20.5,
      21.5,
      22.5,
      23.5,
      24.5,
      25.5,
      26.5,
      27.5,
      28.5,
      29.5,
      30.5,
      31.5
    ],
    "bin_end": [
      0.5,
      1.5,
      2.5,
      3.5,
      4.5,
      5.5,
      6.5,
      7.5,
      8.5,
      9.5,
      10.5,
      11.5,
      12.5,
      13.5,
      14.5,
      15.5,
      16.5,
      17.5,
      18.5,
      19.5,
      20.5,
      21.5,
      22.5,
      23.5,
      24.5,
      25.5,
      26.5,
      27.5,
      28.5,
      29.5,
      30.5,
      31.5,
      32.5
    ],
    "winners_density": [
      0.015,
      0.02,
      0.045,
      0.05,
      0.045,
      0.07,
      0.11,
      0.1,
      0.125,
      0.14,
      0.065,
      0.065,
      0.065,
      0.045,
      0.025,
      0.005,
      0.005,
      0.0,
      0.0,
      0.005,
      0.0,
      0.0,
      0.0,
      0.0,
      0.0,
      0.0,
      0.0,
      0.0,
      0.0,
      0.0,
      0.0,
      0.0,
      0.0
    ],
    "non_winners_density": [
      0.003775510204081633,
      0.008775510204081632,
      0.011530612244897959,
      0.01683673469387755,
      0.02683673469387755,
      0.03826530612244898,
      0.05193877551020408,
      0.07142857142857142,
      0.08530612244897959,
      0.10224489795918368,
      0.10877551020408163,
      0.11071428571428571,
      0.09979591836734694,
      0.09020408163265306,
      0.06448979591836734,
      0.045714285714285714,
      0.02816326530612245,
      0.017244897959183672,
      0.00846938775510204,
      0.004897959183673469,
      0.002142857142857143,
      0.0014285714285714286,
      0.0008163265306122449,
      0.0,
      0.00010204081632653062,
      0.00010204081632653062,
      0.0,
      0.0,
      0.0,
      0.0,
      0.0,
      0.0,
      0.0
    ],
    "winners_count": [
      3,
      4,
      9,
      10,
      9,
      14,
      22,
      20,
      25,
      28,
      13,
      13,
      13,
      9,
      5,
      1,
      1,
      0,
      0,
      1,
      0,
      0,
      0,
      0,
      0,
      0,
      0,
      0,
      0,
      0,
      0,
      0,
      0
    ],
    "non_winners_count": [
      37,
      86,
      113,
      165,
      263,
      375,
      509,
      700,
      836,
      1002,
      1066,
      1085,
      978,
      884,
      632,
      448,
      276,
      169,
      83,
      48,
      21,
      14,
      8,
      0,
      1,
      1,
      0,
      0,
      0,
      0,
      0,
      0,
      0
    ],
    "winners_mean": 7.74,
    "non_winners_mean": 10.144795918367347
  },
  "Second Round": {
    "bin_center": [
      0.0,
      1.0,
      2.0,
      3.0,
      4.0,
      5.0,
      6.0,
      7.0,
      8.0,
      9.0,
      10.0,
      11.0,
      12.0,
      13.0,
      14.0,
      15.0,
      16.0
    ],
    "bin_start": [
      -0.5,
      0.5,
      1.5,
      2.5,
      3.5,
      4.5,
      5.5,
      6.5,
      7.5,
      8.5,
      9.5,
      10.5,
      11.5,
      12.5,
      13.5,
      14.5,
      15.5
    ],
    "bin_end": [
      0.5,
      1.5,
      2.5,
      3.5,
      4.5,
      5.5,
      6.5,
      7.5,
      8.5,
      9.5,
      10.5,
      11.5,
      12.5,
      13.5,
      14.5,
      15.5,
      16.5
    ],
    "winners_density": [
      0.015,
      0.04,
      0.135,
      0.12,
      0.13,
      0.155,
      0.17,
      0.115,
      0.075,
      0.025,
      0.02,
      0.0,
      0.0,
      0.0,
      0.0,
      0.0,
      0.0
    ],
    "non_winners_density": [
      0.007346938775510204,
      0.019081632653061224,
      0.03571428571428571,
      0.055612244897959184,
      0.0886734693877551,
      0.11642857142857142,
      0.13857142857142857,
      0.1442857142857143,
      0.13051020408163266,
      0.10204081632653061,
      0.07224489795918368,
      0.04908163265306122,
      0.024081632653061225,
      0.010714285714285714,
      0.004795918367346939,
      0.0008163265306122449,
      0.0
    ],
    "winners_count": [
      3,
      8,
      27,
      24,
      26,
      31,
      34,
      23,
      15,
      5,
      4,
      0,
      0,
      0,
      0,
      0,
      0
    ],
    "non_winners_count": [
      72,
      187,
      350,
      545,
      869,
      1141,
      1358,
      1414,
      1279,
      1000,
      708,
      481,
      236,
      105,
      47,
      8,
      0
    ],
    "winners_mean": 4.815,
    "non_winners_mean": 6.768061224489796
  },
  "Sweet 16": {
    "bin_center": [
      0.0,
      1.0,
      2.0,
      3.0,
      4.0,
      5.0,
      6.0,
      7.0,
      8.0
    ],
    "bin_start": [
      -0.5,
      0.5,
      1.5,
      2.5,
      3.5,
      4.5,
      5.5,
      6.5,
      7.5
    ],
    "bin_end": [
      0.5,
      1.5,
      2.5,
      3.5,
      4.5,
      5.5,
      6.5,
      7.5,
      8.5
    ],
    "winners_density": [
      0.05,
      0.11,
      0.2,
      0.215,
      0.25,
      0.125,
      0.035,
      0.015,
      0.0
    ],
    "non_winners_density": [
      0.019591836734693877,
      0.05581632653061225,
      0.1110204081632653,
      0.1803061224489796,
      0.2203061224489796,
      0.19214285714285714,
      0.13153061224489795,
      0.06938775510204082,
      0.01989795918367347
    ],
    "winners_count": [
      10,
      22,
      40,
      43,
      50,
      25,
      7,
      3,
      0
    ],
    "non_winners_count": [
      192,
      547,
      1088,
      1767,
      2159,
      1883,
      1289,
      680,
      195
    ],
    "winners_mean": 3.095,
    "non_winners_mean": 4.094795918367347
  },
  "Elite 8": {
    "bin_center": [
      0.0,
      1.0,
      2.0,
      3.0,
      4.0
    ],
    "bin_start": [
      -0.5,
      0.5,
      1.5,
      2.5,
      3.5
    ],
    "bin_end": [
      0.5,
      1.5,
      2.5,
      3.5,
      4.5
    ],
    "winners_density": [
      0.19,
      0.34,
      0.27,
      0.17,
      0.03
    ],
    "non_winners_density": [
      0.07653061224489796,
      0.20112244897959183,
      0.3033673469387755,
      0.2798979591836735,
      0.13908163265306123
    ],
    "winners_count": [
      38,
      68,
      54,
      34,
      6
    ],
    "non_winners_count": [
      750,
      1971,
      2973,
      2743,
      1363
    ],
    "winners_mean": 1.51,
    "non_winners_mean": 2.2038775510204083
  },
  "Total Upsets": {
    "bin_center": [
      0.0,
      1.0,
      2.0,
      3.0,
      4.0,
      5.0,
      6.0,
      7.0,
      8.0,
      9.0,
      10.0,
      11.0,
      12.0,
      13.0,
      14.0,
      15.0,
      16.0,
      17.0,
      18.0,
      19.0,
      20.0,
      21.0,
      22.0,
      23.0,
      24.0,
      25.0,
      26.0,
      27.0,
      28.0,
      29.0,
      30.0,
      31.0,
      32.0,
      33.0,
      34.0,
      35.0,
      36.0,
      37.0,
      38.0,
      39.0,
      40.0,
      41.0,
      42.0,
      43.0,
      44.0,
      45.0,
      46.0,
      47.0,
      48.0,
      49.0,
      50.0,
      51.0,
      52.0
    ],