{
  "First Round": {
    "bin_center": [
      0.0,
      1.0,
      2.0,
      3.0,
      4.0,
      5.0,
      6.0,
      7.0,
      8.0,
      9.0,
      10.0,
      11.0,
      12.0,
      13.0,
      14.0,
      15.0,
      16.0,
      17.0,
      18.0,
      19.0,
      20.0,
      21.0,
      22.0,
      23.0,
      24.0,
      25.0,
      26.0,
      27.0,
      28.0,
      29.0,
      30.0,
      31.0,
      32.0
    ],
    "bin_start": [
      -0.5,
      0.5,
      1.5,
      2.5,
      3.5,
      4.5,
      5.5,
      6.5,
      7.5,
      8.5,
      9.5,
      10.5,
      11.5,
      12.5,
      13.5,
      14.5,
      15.5,
      16.5,
      17.5,
      18.5,
      19.5,
      20.5,
      21.5,
      22.5,
      23.5,
      24.5,
      25.5,
      26.5,
      27.5,
      28.5,
      29.5,
      30.5,
      31.5
    ],
    "bin_end": [
      0.5,
      1.5,
      2.5,
      3.5,
      4.5,
      5.5,
      6.5,
      7.5,
      8.5,
      9.5,
      10.5,
      11.5,
      12.5,
      13.5,
      14.5,
      15.5,
      16.5,
      17.5,
      18.5,
      19.5,
      20.5,
      21.5,
      22.5,
      23.5,
      24.5,
      25.5,
      26.5,
      27.5,
      28.5,
      29.5,
      30.5,
      31.5,
      32.5
    ],
    "winners_density": [
      0.0,
      0.0,
      0.0,
      0.0,
      0.05,
      0.0,
      0.1,
      0.15,
      0.2,
      0.2,
      0.2,
      0.1,
      0.0,
      0.0,
      0.0,
      0.0,
      0.0,
      0.0,
      0.0,
      0.0,
      0.0,
      0.0,
      0.0,
      0.0,
      0.0,
      0.0,
      0.0,
      0.0,
      0.0,
      0.0,
      0.0,
      0.0,
      0.0
    ],
    "non_winners_density": [
      0.0010204081632653062,
      0.009183673469387756,
      0.012244897959183673,
      0.022448979591836733,
      0.02857142857142857,
      0.03979591836734694,
      0.05102040816326531,
      0.08061224489795918,
      0.07755102040816327,
      0.09591836734693877,
      0.11326530612244898,
      0.11122448979591837,
      0.10102040816326531,
      0.07346938775510205,
      0.06836734693877551,
      0.05510204081632653,
      0.022448979591836733,
      0.022448979591836733,
      0.006122448979591836,
      0.00510204081632653,
      0.003061224489795918,
      0.0,
      0.0,
      0.0,
      0.0,
      0.0,
      0.0,
      0.0,
      0.0,
      0.0,
      0.0,
      0.0,
      0.0
    ],
    "winners_count": [
      0,
      0,
      0,
      0,
      1,
      0,
      2,
      3,
      4,
      4,
      4,
      2,
      0,
      0,
      0,
      0,
      0,
      0,
      0,
      0,
      0,
      0,
      0,
      0,
      0,
      0,
      0,
      0,
      0,
      0,
      0,
      0,
      0
    ],
    "non_winners_count": [
      1,
      9,
      12,
      22,
      28,
      39,
      50,
      79,
      76,
      94,
      111,
      109,
      99,
      72,
      67,
      54,
      22,
      22,
      6,
      5,
      3,
      0,
      0,
      0,
      0,
      0,
      0,
      0,
      0,
      0,
      0,
      0,
      0
    ],
    "winners_mean": 8.35,
    "non_winners_mean": 10.08469387755102
  },
  "Second Round": {
    "bin_center": [
      0.0,
      1.0,
      2.0,
      3.0,
      4.0,
      5.0,
      6.0,
      7.0,
      8.0,
      9.0,
      10.0,
      11.0,
      12.0,
      13.0,
      14.0,
      15.0,
      16.0
    ],
    "bin_start": [
      -0.5,
      0.5,
      1.5,
      2.5,
      3.5,
      4.5,
      5.5,
      6.5,
      7.5,
      8.5,
      9.5,
      10.5,
      11.5,
      12.5,
      13.5,
      14.5,
      15.5
    ],
    "bin_end": [
      0.5,
      1.5,
      2.5,
      3.5,
      4.5,
      5.5,
      6.5,
      7.5,
      8.5,
      9.5,
      10.5,
      11.5,
      12.5,
      13.5,
      14.5,
      15.5,
      16.5
    ],
    "winners_density": [
      0.0,
      0.05,
      0.15,
      0.05,
      0.25,
      0.3,
      0.15,
      0.0,
      0.0,
      0.05,
      0.0,
      0.0,
      0.0,
      0.0,
      0.0,
      0.0,
      0.0
    ],
    "non_winners_density": [
      0.007142857142857143,
      0.017346938775510204,
      0.03163265306122449,
      0.04693877551020408,
      0.08571428571428572,
      0.12755102040816327,
      0.1357142857142857,
      0.13979591836734695,
      0.13673469387755102,
      0.09897959183673469,
      0.08979591836734693,
      0.03877551020408163,
      0.02142857142857143,
      0.0163265306122449,
      0.00510204081632653,
      0.0010204081632653062,
      0.0
    ],
    "winners_count": [
      0,
      1,
      3,
      1,
      5,
      6,
      3,
      0,
      0,
      1,
      0,
      0,
      0,
      0,
      0,
      0,
      0
    ],
    "non_winners_count": [
      7,
      17,
      31,
      46,
      84,
      125,
      133,
      137,
      134,
      97,
      88,
      38,
      21,
      16,
      5,
      1,
      0
    ],
    "winners_mean": 4.35,
    "non_winners_mean": 6.860204081632653
  },
  "Sweet 16": {
    "bin_center": [
      0.0,
      1.0,
      2.0,
      3.0,
      4.0,
      5.0,
      6.0,
      7.0,
      8.0
    ],
    "bin_start": [
      -0.5,
      0.5,
      1.5,
      2.5,
      3.5,
      4.5,
      5.5,
      6.5,
      7.5
    ],
    "bin_end": [
      0.5,
      1.5,
      2.5,
      3.5,
      4.5,
      5.5,
      6.5,
      7.5,
      8.5
    ],
    "winners_density": [
      0.1,
      0.0,
      0.15,
      0.5,
      0.2,
      0.05,
      0.0,
      0.0,
      0.0
    ],
    "non_winners_density": [
      0.018367346938775512,
      0.04693877551020408,
      0.11836734693877551,
      0.19693877551020408,
      0.18979591836734694,
      0.19489795918367347,
      0.15306122448979592,
      0.06224489795918367,
      0.019387755102040816
    ],
    "winners_count": [
      2,
      0,
      3,
      10,
      4,
      1,
      0,
      0,
      0
    ],
    "non_winners_count": [
      18,
      46,
      116,
      193,
      186,
      191,
      150,
      61,
      19
    ],
    "winners_mean": 2.85,
    "non_winners_mean": 4.11734693877551
  },
  "Elite 8": {
    "bin_center": [
      0.0,
      1.0,
      2.0,
      3.0,
      4.0
    ],
    "bin_start": [
      -0.5,
      0.5,
      1.5,
      2.5,
      3.5
    ],
    "bin_end": [
      0.5,
      1.5,
      2.5,
      3.5,
      4.5
    ],
    "winners_density": [
      0.2,
      0.45,
      0.25,
      0.05,
      0.05
    ],
    "non_winners_density": [
      0.0663265306122449,
      0.17346938775510204,
      0.33979591836734696,
      0.2673469387755102,
      0.15306122448979592
    ],
    "winners_count": [
      4,
      9,
      5,
      1,
      1
    ],
    "non_winners_count": [
      65,
      170,
      333,
      262,
      150
    ],
    "winners_mean": 1.3,
    "non_winners_mean": 2.26734693877551
  },
  "Total Upsets": {
    "bin_center": [
      0.0,
      1.0,
      2.0,
      3.0,
      4.0,
      5.0,
      6.0,
      7.0,
      8.0,
      9.0,
      10.0,
      11.0,
      12.0,
      13.0,
      14.0,
      15.0,
      16.0,
      17.0,
      18.0,
      19.0,
      20.0,
      21.0,
      22.0,
      23.0,
      24.0,
      25.0,
      26.0,
      27.0,
      28.0,
      29.0,
      30.0,
      31.0,
      32.0,
      33.0,
      34.0,
      35.0,
      36.0,
      37.0,
      38.0,
      39.0,
      40.0,
      41.0,
      42.0,
      43.0,
      44.0,
      45.0,
      46.0,
      47.0
    ],