{
  "First Round": {
    "bin_center": [
      0.0,
      1.0,
      2.0,
      3.0,
      4.0,
      5.0,
      6.0,
      7.0,
      8.0,
      9.0,
      10.0,
      11.0,
      12.0,
      13.0,
      14.0,
      15.0,
      16.0,
      17.0,
      18.0,
      19.0,
      20.0,
      21.0,
      22.0,
      23.0,
      24.0,
      25.0,
      26.0,
      27.0,
      28.0,
      29.0,
      30.0,
      31.0,
      32.0
    ],
    "bin_start": [
      -0.5,
      0.5,
      1.5,
      2.5,
      3.5,
      4.5,
      5.5,
      6.5,
      7.5,
      8.5,
      9.5,
      10.5,
      11.5,
      12.5,
      13.5,
      14.5,
      15.5,
      16.5,
      17.5,
      18.5,
      19.5,
      20.5,
      21.5,
      22.5,
      23.5,
      24.5,
      25.5,
      26.5,
      27.5,
      28.5,
      29.5,
      30.5,
      31.5
    ],
    "bin_end": [
      0.5,
      1.5,
      2.5,
      3.5,
      4.5,
      5.5,
      6.5,
      7.5,
      8.5,
      9.5,
      10.5,
      11.5,
      12.5,
      13.5,
      14.5,
      15.5,
      16.5,
      17.5,
      18.5,
      19.5,
      20.5,
      21.5,
      22.5,
      23.5,
      24.5,
      25.5,
      26.5,
      27.5,
      28.5,
      29.5,
      30.5,
      31.5,
      32.5
    ],
    "winners_density": [
      0.0,
      0.0,
      0.0,
      0.0,
      0.25,
      0.05,
      0.05,
      0.2,
      0.0,
      0.0,
      0.15,
      0.05,
      0.05,
      0.15,
      0.0,
      0.05,
      0.0,
      0.0,
      0.0,
      0.0,
      0.0,
      0.0,
      0.0,
      0.0,
      0.0,
      0.0,
      0.0,
      0.0,
      0.0,
      0.0,
      0.0,
      0.0,
      0.0
    ],
    "non_winners_density": [
      0.004081632653061225,
      0.00816326530612245,
      0.009183673469387756,
      0.02142857142857143,
      0.0326530612244898,
      0.04285714285714286,
      0.053061224489795916,
      0.06938775510204082,
      0.08571428571428572,
      0.07959183673469387,
      0.11530612244897959,
      0.11428571428571428,
      0.11326530612244898,
      0.07448979591836735,
      0.05204081632653061,
      0.05,
      0.02857142857142857,
      0.026530612244897958,
      0.012244897959183673,
      0.003061224489795918,
      0.004081632653061225,
      0.0,
      0.0,
      0.0,
      0.0,
      0.0,
      0.0,
      0.0,
      0.0,
      0.0,
      0.0,
      0.0,
      0.0
    ],
    "winners_count": [
      0,
      0,
      0,
      0,
      5,
      1,
      1,
      4,
      0,
      0,
      3,
      1,
      1,
      3,
      0,
      1,
      0,
      0,
      0,
      0,
      0,
      0,
      0,
      0,
      0,
      0,
      0,
      0,
      0,
      0,
      0,
      0,
      0
    ],
    "non_winners_count": [
      4,
      8,
      9,
      21,
      32,
      42,
      52,
      68,
      84,
      78,
      113,
      112,
      111,
      73,
      51,
      49,
      28,
      26,
      12,
      3,
      4,
      0,
      0,
      0,
      0,
      0,
      0,
      0,
      0,
      0,
      0,
      0,
      0
    ],
    "winners_mean": 8.3,
    "non_winners_mean": 10.126530612244897
  },
  "Second Round": {
    "bin_center": [
      0.0,
      1.0,
      2.0,
      3.0,
      4.0,
      5.0,
      6.0,
      7.0,
      8.0,
      9.0,
      10.0,
      11.0,
      12.0,
      13.0,
      14.0,
      15.0,
      16.0
    ],
    "bin_start": [
      -0.5,
      0.5,
      1.5,
      2.5,
      3.5,
      4.5,
      5.5,
      6.5,
      7.5,
      8.5,
      9.5,
      10.5,
      11.5,
      12.5,
      13.5,
      14.5,
      15.5
    ],
    "bin_end": [
      0.5,
      1.5,
      2.5,
      3.5,
      4.5,
      5.5,
      6.5,
      7.5,
      8.5,
      9.5,
      10.5,
      11.5,
      12.5,
      13.5,
      14.5,
      15.5,
      16.5
    ],
    "winners_density": [
      0.0,
      0.0,
      0.1,
      0.15,
      0.15,
      0.3,
      0.1,
      0.05,
      0.05,
      0.1,
      0.0,
      0.0,
      0.0,
      0.0,
      0.0,
      0.0,
      0.0
    ],
    "non_winners_density": [
      0.00816326530612245,
      0.02040816326530612,
      0.03469387755102041,
      0.05714285714285714,
      0.08061224489795918,
      0.11224489795918367,
      0.14387755102040817,
      0.1346938775510204,
      0.13163265306122449,
      0.10306122448979592,
      0.07551020408163266,
      0.04693877551020408,
      0.03469387755102041,
      0.012244897959183673,
      0.003061224489795918,
      0.0,
      0.0010204081632653062
    ],
    "winners_count": [
      0,
      0,
      2,
      3,
      3,
      6,
      2,
      1,
      1,
      2,
      0,
      0,
      0,
      0,
      0,
      0,
      0
    ],
    "non_winners_count": [
      8,
      20,
      34,
      56,
      79,
      110,
      141,
      132,
      129,
      101,
      74,
      46,
      34,
      12,
      3,
      0,
      1
    ],
    "winners_mean": 5.0,
    "non_winners_mean": 6.837755102040816
  },
  "Sweet 16": {
    "bin_center": [
      0.0,
      1.0,
      2.0,
      3.0,
      4.0,
      5.0,
      6.0,
      7.0,
      8.0
    ],
    "bin_start": [
      -0.5,
      0.5,
      1.5,
      2.5,
      3.5,
      4.5,
      5.5,
      6.5,
      7.5
    ],
    "bin_end": [
      0.5,
      1.5,
      2.5,
      3.5,
      4.5,
      5.5,
      6.5,
      7.5,
      8.5
    ],
    "winners_density": [
      0.0,
      0.2,
      0.25,
      0.25,
      0.05,
      0.25,
      0.0,
      0.0,
      0.0
    ],
    "non_winners_density": [
      0.018367346938775512,
      0.05102040816326531,
      0.10714285714285714,
      0.1826530612244898,
      0.20816326530612245,
      0.20408163265306123,
      0.1357142857142857,
      0.0663265306122449,
      0.026530612244897958
    ],
    "winners_count": [
      0,
      4,
      5,
      5,
      1,
      5,
      0,
      0,
      0
    ],
    "non_winners_count": [
      18,
      50,
      105,
      179,
      204,
      200,
      133,
      65,
      26
    ],
    "winners_mean": 2.9,
    "non_winners_mean": 4.1571428571428575
  },
  "Elite 8": {
    "bin_center": [
      0.0,
      1.0,
      2.0,
      3.0,
      4.0
    ],
    "bin_start": [
      -0.5,
      0.5,
      1.5,
      2.5,
      3.5
    ],
    "bin_end": [
      0.5,
      1.5,
      2.5,
      3.5,
      4.5
    ],
    "winners_density": [
      0.1,
      0.25,
      0.2,
      0.4,
      0.05
    ],
    "non_winners_density": [
      0.07653061224489796,
      0.19285714285714287,
      0.29489795918367345,
      0.2979591836734694,
      0.1377551020408163
    ],
    "winners_count": [
      2,
      5,
      4,
      8,
      1
    ],
    "non_winners_count": [
      75,
      189,
      289,
      292,
      135
    ],
    "winners_mean": 2.05,
    "non_winners_mean": 2.227551020408163
  },
  "Total Upsets": {
    "bin_center": [
      0.0,
      1.0,
      2.0,
      3.0,
      4.0,
      5.0,
      6.0,
      7.0,
      8.0,
      9.0,
      10.0,
      11.0,
      12.0,
      13.0,
      14.0,
      15.0,
      16.0,
      17.0,
      18.0,
      19.0,
      20.0,
      21.0,
      22.0,
      23.0,
      24.0,
      25.0,
      26.0,
      27.0,
      28.0,
      29.0,
      30.0,
      31.0,
      32.0,
      33.0,
      34.0,
      35.0,
      36.0,
      37.0,
      38.0,
      39.0,
      40.0,
      41.0,
      42.0,
      43.0,
      44.0,
      45.0,
      46.0,
      47.0
    ],