round,mean_madness,std_madness
First Round,17.762086049968335,2.266099778300477
Second Round,8.072034534098426,1.2155026166080283
Sweet 16,4.367749411033788,1.1010463378454438
Elite 8,2.5138525089851047,0.9077950075356981
Final Four,1.0453104728843137,0.2885720195807047
Championship,0.5884835450308457,0.2938952548256283
