round,mean_madness,std_madness
First Round,17.086959541606802,2.0496435800671353
Second Round,8.021971135122548,1.6383312862360937
Sweet 16,4.308034608051908,0.9492148648281545
Elite 8,2.0879288016625033,0.7778918501168226
Final Four,0.9712881680184838,0.40648543872738935
Championship,0.6271685368140019,0.2662782384824127
