round,mean_madness,std_madness
First Round,17.04574712558989,2.4740194172888588
Second Round,7.839167379511641,1.6776435943622026
Sweet 16,4.207778688501611,0.9034903184887548
Elite 8,2.167037231434717,0.8295077517051888
Final Four,0.6663291522451744,0.3471791400799569
Championship,0.5928389462013671,0.25749780407813805
