round,mean_madness,std_madness
First Round,16.692323651175233,2.3272574357388494
Second Round,7.854528916422716,1.783548367948995
Sweet 16,4.317813617632267,0.9700538623881428
Elite 8,2.305024316417651,0.7189992820726807
Final Four,1.0875019371716033,0.39304457051829994
Championship,0.6511029736889491,0.29042862215877324
