round,mean_madness,std_madness
First Round,16.93728551090715,2.054216003694151
Second Round,8.144134812614363,1.7763959732911951
Sweet 16,4.371342838149631,0.9572000878416226
Elite 8,2.080636785116908,0.7185935598536725
Final Four,1.1763304150208784,0.4401383990163177
Championship,0.590566765134831,0.25352931670366774
