round,max_advantage_upsets,max_advantage,max_density_upsets,mode_upsets,mean_upsets,std_upsets,num_pools
First Round,6.0,0.05806122448979592,9.0,9.0,7.74,3.4427314736993355,200
Second Round,2.0,0.0992857142857143,6.0,6.0,4.815,2.238476044097859,200
Sweet 16,2.0,0.0889795918367347,4.0,4.0,3.095,1.5446601567982519,200
Elite 8,1.0,0.1388775510204082,1.0,1.0,1.51,1.0723339032223125,200
Final Four,,,,0.0,0.52,0.6646871784727991,200
Championship,,,,0.0,0.175,0.38092059869815753,200
Total Upsets,13.0,0.03877551020408163,17.0,17.0,17.855,7.293419979680315,200
