round,max_advantage_upsets,max_advantage,max_density_upsets,mode_upsets,mean_upsets,std_upsets,losers_mean_upsets,losers_std_upsets,num_pools
First Round,8.0,0.12244897959183675,8.0,8.0,8.35,1.7684739183827396,10.08469387755102,3.6552967450050002,20
Second Round,5.0,0.17244897959183672,5.0,5.0,4.35,1.7684739183827396,6.860204081632653,2.704464932402634,20
Sweet 16,3.0,0.3030612244897959,3.0,3.0,2.85,1.1947803145348521,4.11734693877551,1.746572474947928,20
Elite 8,1.0,0.27653061224489794,1.0,1.0,1.3,1.004987562112089,2.26734693877551,1.11664361425933,20
Final Four,,,,0.0,0.45,0.6863327411532598,0.9153061224489796,0.7572576787351396,20
Championship,,,,0.0,0.1,0.30779350562554625,0.36122448979591837,0.4803554493992931,20
Total Upsets,15.0,0.1336734693877551,15.0,15.0,17.4,4.352011029397789,24.60612244897959,8.501018142222376,20
