round,max_advantage_upsets,max_advantage,max_density_upsets,mode_upsets,mean_upsets,std_upsets,num_pools
First Round,4.0,0.2173469387755102,4.0,4.0,8.3,3.579106033634656,20
Second Round,5.0,0.1877551020408163,5.0,5.0,5.0,2.0,20
Sweet 16,1.0,0.1489795918367347,2.0,2.0,2.9,1.445683229480096,20
Elite 8,3.0,0.10204081632653061,3.0,3.0,2.05,1.116915395184434,20
Final Four,,,,0.0,0.65,0.6708203932499369,20
Championship,,,,0.0,0.15,0.36634754853252327,20
Total Upsets,9.0,0.14081632653061224,9.0,9.0,19.05,6.741476099490378,20
