round,max_advantage_upsets,max_advantage,max_density_upsets,mode_upsets,mean_upsets,std_upsets,num_pools
First Round,6.0,0.06938775510204082,6.0,6.0,7.48,3.3465803441722417,200
Second Round,4.0,0.09887755102040816,4.0,4.0,4.835,2.355371520588631,200
Sweet 16,3.0,0.09857142857142859,3.0,3.0,3.015,1.579485675781835,200
Elite 8,0.0,0.10244897959183673,2.0,2.0,1.575,1.074418447347215,200
Final Four,,,,0.0,0.5,0.6419192328537429,200
Championship,,,,0.0,0.13,0.33714735904132886,200
Total Upsets,16.0,0.04918367346938776,19.0,19.0,17.535,7.316336173249559,200
