round,max_advantage_upsets,max_advantage,max_density_upsets,mode_upsets,mean_upsets,std_upsets,num_pools
First Round,3.0,0.1377551020408163,3.0,3.0,6.7,3.848376280978772,20
Second Round,1.0,0.1377551020408163,4.0,4.0,4.35,2.6320144376503714,20
Sweet 16,0.0,0.18877551020408165,4.0,4.0,2.35,1.5898113095584647,20
Elite 8,0.0,0.09183673469387754,2.0,2.0,1.7,1.004987562112089,20
Final Four,,,,0.0,0.55,0.6048053188292994,20
Championship,,,,0.0,0.2,0.4103913408340617,20
Total Upsets,4.0,0.0979591836734694,23.0,23.0,15.85,8.24181412068969,20
