round,max_advantage_upsets,max_advantage,max_density_upsets,mode_upsets,mean_upsets,std_upsets,num_pools
First Round,2.0,0.13877551020408163,11.0,11.0,6.85,3.9909272105614755,20
Second Round,4.0,0.17142857142857143,4.0,4.0,4.6,2.4779023386727737,20
Sweet 16,1.0,0.14591836734693878,3.0,3.0,2.8,1.6613247725836149,20
Elite 8,1.0,0.3142857142857143,1.0,1.0,1.5,0.9219544457292888,20
Final Four,,,,0.0,0.45,0.6048053188292994,20
Championship,,,,0.0,0.15,0.36634754853252327,20
Total Upsets,25.0,0.10510204081632653,25.0,25.0,16.35,8.445560964198885,20
