{
  "First Round": {
    "bin_center": [
      0.0,
      1.0,
      2.0,
      3.0,
      4.0,
      5.0,
      6.0,
      7.0,
      8.0,
      9.0,
      10.0,
      11.0,
      12.0,
      13.0,
      14.0,
      15.0,
      16.0,
      17.0,
      18.0,
      19.0,
      20.0,
      21.0,
      22.0,
      23.0,
      24.0,
      25.0,
      26.0,
      27.0,
      28.0,
      29.0,
      30.0,
      31.0,
      32.0
    ],
    "bin_start": [
      -0.5,
      0.5,
      1.5,
      2.5,
      3.5,
      4.5,
      5.5,
      6.5,
      7.5,
      8.5,
      9.5,
      10.5,
      11.5,
      12.5,
      13.5,
      14.5,
      15.5,
      16.5,
      17.5,
      18.5,
      19.5,
      20.5,
      21.5,
      22.5,
      23.5,
      24.5,
      25.5,
      26.5,
      27.5,
      28.5,
      29.5,
      30.5,
      31.5
    ],
    "bin_end": [
      0.5,
      1.5,
      2.5,
      3.5,
      4.5,
      5.5,
      6.5,
      7.5,
      8.5,
      9.5,
      10.5,
      11.5,
      12.5,
      13.5,
      14.5,
      15.5,
      16.5,
      17.5,
      18.5,
      19.5,
      20.5,
      21.5,
      22.5,
      23.5,
      24.5,
      25.5,
      26.5,
      27.5,
      28.5,
      29.5,
      30.5,
      31.5,
      32.5
    ],
    "winners_density": [
      0.0,
      0.2,
      0.45,
      0.3,
      0.05,
      0.0,
      0.0,
      0.0,
      0.0,
      0.0,
      0.0,
      0.0,
      0.0,
      0.0,
      0.0,
      0.0,
      0.0,
      0.0,
      0.0,
      0.0,
      0.0,
      0.0,
      0.0,
      0.0,
      0.0,
      0.0,
      0.0,
      0.0,
      0.0,
      0.0,
      0.0,
      0.0,
      0.0
    ],
    "non_winners_density": [
      0.0,
      0.0,
      0.010714285714285714,
      0.039285714285714285,
      0.05,
      0.05714285714285714,
      0.08214285714285714,
      0.11071428571428571,
      0.12857142857142856,
      0.1,
      0.125,
      0.075,
      0.06785714285714285,
      0.06785714285714285,
      0.02857142857142857,
      0.017857142857142856,
      0.014285714285714285,
      0.007142857142857143,
      0.017857142857142856,
      0.0,
      0.0,
      0.0,
      0.0,
      0.0,
      0.0,
      0.0,
      0.0,
      0.0,
      0.0,
      0.0,
      0.0,
      0.0,
      0.0
    ],
    "winners_count": [
      0,
      4,
      9,
      6,
      1,
      0,
      0,
      0,
      0,
      0,
      0,
      0,
      0,
      0,
      0,
      0,
      0,
      0,
      0,
      0,
      0,
      0,
      0,
      0,
      0,
      0,
      0,
      0,
      0,
      0,
      0,
      0,
      0
    ],
    "non_winners_count": [
      0,
      0,
      3,
      11,
      14,
      16,
      23,
      31,
      36,
      28,
      35,
      21,
      19,
      19,
      8,
      5,
      4,
      2,
      5,
      0,
      0,
      0,
      0,
      0,
      0,
      0,
      0,
      0,
      0,
      0,
      0,
      0,
      0
    ],
    "winners_mean": 2.2,
    "non_winners_mean": 8.932142857142857
  },
  "Second Round": {
    "bin_center": [
      0.0,
      1.0,
      2.0,
      3.0,
      4.0,
      5.0,
      6.0,
      7.0,
      8.0,
      9.0,
      10.0,
      11.0,
      12.0,
      13.0,
      14.0,
      15.0,
      16.0
    ],
    "bin_start": [
      -0.5,
      0.5,
      1.5,
      2.5,
      3.5,
      4.5,
      5.5,
      6.5,
      7.5,
      8.5,
      9.5,
      10.5,
      11.5,
      12.5,
      13.5,
      14.5,
      15.5
    ],
    "bin_end": [
      0.5,
      1.5,
      2.5,
      3.5,
      4.5,
      5.5,
      6.5,
      7.5,
      8.5,
      9.5,
      10.5,
      11.5,
      12.5,
      13.5,
      14.5,
      15.5,
      16.5
    ],
    "winners_density": [
      0.15,
      0.4,
      0.15,
      0.2,
      0.1,
      0.0,
      0.0,
      0.0,
      0.0,
      0.0,
      0.0,
      0.0,
      0.0,
      0.0,
      0.0,
      0.0,
      0.0
    ],
    "non_winners_density": [
      0.0035714285714285713,
      0.007142857142857143,
      0.05,
      0.06785714285714285,
      0.10714285714285714,
      0.14285714285714285,
      0.12857142857142856,
      0.15,
      0.1,
      0.07857142857142857,
      0.05357142857142857,
      0.05714285714285714,
      0.025,
      0.014285714285714285,
      0.010714285714285714,
      0.0035714285714285713,
      0.0
    ],
    "winners_count": [
      3,
      8,
      3,
      4,
      2,
      0,
      0,
      0,
      0,
      0,
      0,
      0,
      0,
      0,
      0,
      0,
      0
    ],
    "non_winners_count": [
      1,
      2,
      14,
      19,
      30,
      40,
      36,
      42,
      28,
      22,
      15,
      16,
      7,
      4,
      3,
      1,
      0
    ],
    "winners_mean": 1.7,
    "non_winners_mean": 6.635714285714286
  },
  "Sweet 16": {
    "bin_center": [
      0.0,
      1.0,
      2.0,
      3.0,
      4.0,
      5.0,
      6.0,
      7.0,
      8.0
    ],
    "bin_start": [
      -0.5,
      0.5,
      1.5,
      2.5,
      3.5,
      4.5,
      5.5,
      6.5,
      7.5
    ],
    "bin_end": [
      0.5,
      1.5,
      2.5,
      3.5,
      4.5,
      5.5,
      6.5,
      7.5,
      8.5
    ],
    "winners_density": [
      0.2,
      0.55,
      0.15,
      0.05,
      0.05,
      0.0,
      0.0,
      0.0,
      0.0
    ],
    "non_winners_density": [
      0.014285714285714285,
      0.05714285714285714,
      0.12142857142857143,
      0.16785714285714284,
      0.24285714285714285,
      0.17857142857142858,
      0.1357142857142857,
      0.06785714285714285,
      0.014285714285714285
    ],
    "winners_count": [
      4,
      11,
      3,
      1,
      1,
      0,
      0,
      0,
      0
    ],
    "non_winners_count": [
      4,
      16,
      34,
      47,
      68,
      50,
      38,
      19,
      4
    ],
    "winners_mean": 1.2,
    "non_winners_mean": 4.071428571428571
  },
  "Elite 8": {
    "bin_center": [
      0.0,
      1.0,
      2.0,
      3.0,
      4.0
    ],
    "bin_start": [
      -0.5,
      0.5,
      1.5,
      2.5,
      3.5
    ],
    "bin_end": [
      0.5,
      1.5,
      2.5,
      3.5,
      4.5
    ],
    "winners_density": [
      0.55,
      0.35,
      0.05,
      0.05,
      0.0
    ],
    "non_winners_density": [
      0.039285714285714285,
      0.1357142857142857,
      0.325,
      0.2785714285714286,
      0.22142857142857142
    ],
    "winners_count": [
      11,
      7,
      1,
      1,
      0
    ],
    "non_winners_count": [
      11,
      38,
      91,
      78,
      62
    ],
    "winners_mean": 0.6,
    "non_winners_mean": 2.507142857142857
  },
  "Total Upsets": {
    "bin_center": [
      2.0,
      3.0,
      4.0,
      5.0,
      6.0,
      7.0,
      8.0,
      9.0,
      10.0,
      11.0,
      12.0,
      13.0,
      14.0,
      15.0,
      16.0,
      17.0,
      18.0,
      19.0,
      20.0,
      21.0,
      22.0,
      23.0,
      24.0,
      25.0,
      26.0,
      27.0,
      28.0,
      29.0,
      30.0,
      31.0,
      32.0,
      33.0,
      34.0,
      35.0,
      36.0,
      37.0,
      38.0,
      39.0,
      40.0,
      41.0,
      42.0,
      43.0,
      44.0,
      45.0,
      46.0,
      47.0
    ],
    "bin_start": [
      1.5,
      2.5,
      3.5,
      4.5,
      5.5,
      6.5,
      7.5,
      8.5,
      9.5,
      10.5,
      11.5,
      12.5,
      13.5,
      14.5,
      15.5,
      16.5,
      17.5,
      18.5,
      19.5,
      20.5,
      21.5,
      22.5,
      23.5,
      24.5,
      25.5,
      26.5,
      27.5,
      28.5,
      29.5,
      30.5,
      31.5,
      32.5,
      33.5,
      34.5,
      35.5,
      36.5,
      37.5,
      38.5,
      39.5,
      40.5,
      41.5,
      42.5,
      43.5,
      44.5,
      45.5,
      46.5
    ],