{
  "First Round": {
    "bin_center": [
      0.0,
      1.0,
      2.0,
      3.0,
      4.0,
      5.0,
      6.0,
      7.0,
      8.0,
      9.0,
      10.0,
      11.0,
      12.0,
      13.0,
      14.0,
      15.0,
      16.0,
      17.0,
      18.0,
      19.0,
      20.0,
      21.0,
      22.0,
      23.0,
      24.0,
      25.0,
      26.0,
      27.0,
      28.0,
      29.0,
      30.0,
      31.0,
      32.0
    ],
    "bin_start": [
      -0.5,
      0.5,
      1.5,
      2.5,
      3.5,
      4.5,
      5.5,
      6.5,
      7.5,
      8.5,
      9.5,
      10.5,
      11.5,
      12.5,
      13.5,
      14.5,
      15.5,
      16.5,
      17.5,
      18.5,
      19.5,
      20.5,
      21.5,
      22.5,
      23.5,
      24.5,
      25.5,
      26.5,
      27.5,
      28.5,
      29.5,
      30.5,
      31.5
    ],
    "bin_end": [
      0.5,
      1.5,
      2.5,
      3.5,
      4.5,
      5.5,
      6.5,
      7.5,
      8.5,
      9.5,
      10.5,
      11.5,
      12.5,
      13.5,
      14.5,
      15.5,
      16.5,
      17.5,
      18.5,
      19.5,
      20.5,
      21.5,
      22.5,
      23.5,
      24.5,
      25.5,
      26.5,
      27.5,
      28.5,
      29.5,
      30.5,
      31.5,
      32.5
    ],
    "winners_density": [
      0.10606060606060606,
      0.3181818181818182,
      0.22727272727272727,
      0.16666666666666666,
      0.07575757575757576,
      0.06060606060606061,
      0.030303030303030304,
      0.0,
      0.0,
      0.0,
      0.015151515151515152,
      0.0,
      0.0,
      0.0,
      0.0,
      0.0,
      0.0,
      0.0,
      0.0,
      0.0,
      0.0,
      0.0,
      0.0,
      0.0,
      0.0,
      0.0,
      0.0,
      0.0,
      0.0,
      0.0,
      0.0,
      0.0,
      0.0
    ],
    "non_winners_density": [
      0.005411255411255411,
      0.007575757575757576,
      0.0183982683982684,
      0.024891774891774892,
      0.050865800865800864,
      0.07034632034632035,
      0.08874458874458875,
      0.11471861471861472,
      0.09415584415584416,
      0.1277056277056277,
      0.08766233766233766,
      0.08441558441558442,
      0.0670995670995671,
      0.047619047619047616,
      0.02922077922077922,
      0.030303030303030304,
      0.022727272727272728,
      0.016233766233766232,
      0.004329004329004329,
      0.003246753246753247,
      0.0021645021645021645,
      0.0010822510822510823,
      0.0010822510822510823,
      0.0,
      0.0,
      0.0,
      0.0,
      0.0,
      0.0,
      0.0,
      0.0,
      0.0,
      0.0
    ],
    "winners_count": [
      7,
      21,
      15,
      11,
      5,
      4,
      2,
      0,
      0,
      0,
      1,
      0,
      0,
      0,
      0,
      0,
      0,
      0,
      0,
      0,
      0,
      0,
      0,
      0,
      0,
      0,
      0,
      0,
      0,
      0,
      0,
      0,
      0
    ],
    "non_winners_count": [
      5,
      7,
      17,
      23,
      47,
      65,
      82,
      106,
      87,
      118,
      81,
      78,
      62,
      44,
      27,
      28,
      21,
      15,
      4,
      3,
      2,
      1,
      1,
      0,
      0,
      0,
      0,
      0,
      0,
      0,
      0,
      0,
      0
    ],
    "winners_mean": 2.212121212121212,
    "non_winners_mean": 8.874458874458874
  },
  "Second Round": {
    "bin_center": [
      0.0,
      1.0,
      2.0,
      3.0,
      4.0,
      5.0,
      6.0,
      7.0,
      8.0,
      9.0,
      10.0,
      11.0,
      12.0,
      13.0,
      14.0,
      15.0,
      16.0
    ],
    "bin_start": [
      -0.5,
      0.5,
      1.5,
      2.5,
      3.5,
      4.5,
      5.5,
      6.5,
      7.5,
      8.5,
      9.5,
      10.5,
      11.5,
      12.5,
      13.5,
      14.5,
      15.5
    ],
    "bin_end": [
      0.5,
      1.5,
      2.5,
      3.5,
      4.5,
      5.5,
      6.5,
      7.5,
      8.5,
      9.5,
      10.5,
      11.5,
      12.5,
      13.5,
      14.5,
      15.5,
      16.5
    ],
    "winners_density": [
      0.16666666666666666,
      0.3484848484848485,
      0.24242424242424243,
      0.10606060606060606,
      0.07575757575757576,
      0.045454545454545456,
      0.0,
      0.015151515151515152,
      0.0,
      0.0,
      0.0,
      0.0,
      0.0,
      0.0,
      0.0,
      0.0,
      0.0
    ],
    "non_winners_density": [
      0.007575757575757576,
      0.021645021645021644,
      0.04004329004329004,
      0.06385281385281386,
      0.10822510822510822,
      0.12121212121212122,
      0.12878787878787878,
      0.15367965367965367,
      0.10822510822510822,
      0.08333333333333333,
      0.05952380952380952,
      0.049783549783549784,
      0.030303030303030304,
      0.016233766233766232,
      0.006493506493506494,
      0.0010822510822510823,
      0.0
    ],
    "winners_count": [
      11,
      23,
      16,
      7,
      5,
      3,
      0,
      1,
      0,
      0,
      0,
      0,
      0,
      0,
      0,
      0,
      0
    ],
    "non_winners_count": [
      7,
      20,
      37,
      59,
      100,
      112,
      119,
      142,
      100,
      77,
      55,
      46,
      28,
      15,
      6,
      1,
      0
    ],
    "winners_mean": 1.7878787878787878,
    "non_winners_mean": 6.621212121212121
  },
  "Sweet 16": {
    "bin_center": [
      0.0,
      1.0,
      2.0,
      3.0,
      4.0,
      5.0,
      6.0,
      7.0,
      8.0
    ],
    "bin_start": [
      -0.5,
      0.5,
      1.5,
      2.5,
      3.5,
      4.5,
      5.5,
      6.5,
      7.5
    ],
    "bin_end": [
      0.5,
      1.5,
      2.5,
      3.5,
      4.5,
      5.5,
      6.5,
      7.5,
      8.5
    ],
    "winners_density": [
      0.30303030303030304,
      0.45454545454545453,
      0.15151515151515152,
      0.015151515151515152,
      0.045454545454545456,
      0.030303030303030304,
      0.0,
      0.0,
      0.0
    ],
    "non_winners_density": [
      0.015151515151515152,
      0.048701298701298704,
      0.11038961038961038,
      0.18181818181818182,
      0.20887445887445888,
      0.21645021645021645,
      0.11255411255411256,
      0.06818181818181818,
      0.03787878787878788
    ],
    "winners_count": [
      20,
      30,
      10,
      1,
      3,
      2,
      0,
      0,
      0
    ],
    "non_winners_count": [
      14,
      45,
      102,
      168,
      193,
      200,
      104,
      63,
      35
    ],
    "winners_mean": 1.1363636363636365,
    "non_winners_mean": 4.188311688311688
  },
  "Elite 8": {
    "bin_center": [
      0.0,
      1.0,
      2.0,
      3.0,
      4.0
    ],
    "bin_start": [
      -0.5,
      0.5,
      1.5,
      2.5,
      3.5
    ],
    "bin_end": [
      0.5,
      1.5,
      2.5,
      3.5,
      4.5
    ],
    "winners_density": [
      0.48484848484848486,
      0.3333333333333333,
      0.13636363636363635,
      0.045454545454545456,
      0.0
    ],
    "non_winners_density": [
      0.05519480519480519,
      0.15476190476190477,
      0.30735930735930733,
      0.29653679653679654,
      0.18614718614718614
    ],
    "winners_count": [
      32,
      22,
      9,
      3,
      0
    ],
    "non_winners_count": [
      51,
      143,
      284,
      274,
      172
    ],
    "winners_mean": 0.7424242424242424,
    "non_winners_mean": 2.403679653679654
  },
  "Total Upsets": {
    "bin_center": [
      0.0,
      1.0,
      2.0,
      3.0,
      4.0,
      5.0,
      6.0,
      7.0,
      8.0,
      9.0,
      10.0,
      11.0,
      12.0,
      13.0,
      14.0,
      15.0,
      16.0,
      17.0,
      18.0,
      19.0,
      20.0,
      21.0,
      22.0,
      23.0,
      24.0,
      25.0,
      26.0,
      27.0,
      28.0,
      29.0,
      30.0,
      31.0,
      32.0,
      33.0,
      34.0,
      35.0,
      36.0,
      37.0,
      38.0,
      39.0,
      40.0,
      41.0,
      42.0,
      43.0,
      44.0,
      45.0,
      46.0,
      47.0,
      48.0
    ],