round,mean_madness,std_madness
First Round,12.55909650302082,2.062390944885926
Second Round,6.865392282968841,0.8697831387416904
Sweet 16,3.828575900888647,0.5369640801878734
Elite 8,2.0019173899024576,0.362630443635529
Final Four,1.1567014102786108,0.15503829380284515
Championship,0.6123971494303068,0.09914888298729402
