round,mean_madness,std_madness
First Round,12.187320088632069,1.2859287607878938
Second Round,6.924525463524351,0.5469506639901398
Sweet 16,3.9411907320277364,0.5914793892858653
Elite 8,1.9084774417634915,0.367819786512449
Final Four,1.2023069522235943,0.2687091957569203
Championship,0.6338612576953633,0.21505669849984155
