round,max_advantage_upsets,max_advantage,max_density_upsets,mode_upsets,mean_upsets,std_upsets,num_pools
First Round,1.0,0.3106060606060606,1.0,1.0,2.212121212121212,1.7796420436395177,66
Second Round,1.0,0.3268398268398269,1.0,1.0,1.7878787878787878,1.4721160971504388,66
Sweet 16,1.0,0.40584415584415584,1.0,1.0,1.1363636363636365,1.1791928882793499,66
Elite 8,0.0,0.4296536796536797,0.0,0.0,0.7424242424242424,0.8583035780768816,66
Final Four,,,,0.0,0.12121212121212122,0.3288746085645837,66
Championship,,,,0.0,0.015151515151515152,0.12309149097933272,66
Total Upsets,4.0,0.19264069264069264,4.0,4.0,6.015151515151516,4.384865238392321,66
